scenario_id,city,origin,event_week,pattern,event_ratio,baseline_state,baseline_score,injected_state,injected_reason,injected_score,structural_core_count,precursor_count,ood_fraction,score_lift,alerted,red,ood_abstain
1,ABHA,2025-09-07,2025-09-14,balanced_gradual,0.7,AMBER,0.5945297571629257,AMBER,OOD_ABSTAIN,0.8052020534808569,6,7,0.15384615384615385,0.21067229631793127,1,0,1
2,BURAIDAH,2025-09-14,2025-09-21,balanced_gradual,0.7,GREEN,0.023993298646025535,AMBER,MODEL_EARLY_WARNING,0.22440339684527102,6,7,0.0,0.2004100981992455,1,0,0
3,DAMMAM,2025-09-21,2025-09-28,balanced_gradual,0.7,GREEN,0.007470486238053499,AMBER,STRUCTURAL_TREND_WARNING,0.0776375508813902,6,7,0.0,0.07016706464333669,1,0,0
4,HAIL,2025-09-28,2025-10-05,balanced_gradual,0.7,GREEN,0.02715692372985735,GREEN,LOW_OBSERVED_RISK,0.06207129965451253,0,1,0.0,0.03491437592465518,0,0,0
5,JEDDAH,2025-10-05,2025-10-12,balanced_gradual,0.7,GREEN,0.00988821679777485,AMBER,STRUCTURAL_TREND_WARNING,0.10943732706020892,6,7,0.0,0.09954911026243407,1,0,0
6,KHOBAR,2025-10-12,2025-10-19,balanced_gradual,0.7,GREEN,0.03194980821345393,AMBER,MODEL_EARLY_WARNING,0.29696068175054013,6,7,0.0,0.2650108735370862,1,0,0
7,MADINA,2025-10-26,2025-11-02,balanced_gradual,0.7,GREEN,0.007604844480502773,GREEN,LOW_OBSERVED_RISK,0.03794725604103782,1,2,0.0,0.030342411560535045,0,0,0
8,MAKKAH,2025-11-02,2025-11-09,balanced_gradual,0.7,GREEN,0.01142944097124574,GREEN,LOW_OBSERVED_RISK,0.05827158492060572,3,4,0.0,0.046842143949359975,0,0,0
9,OTHER,2025-11-09,2025-11-16,balanced_gradual,0.7,GREEN,0.11378412870856153,AMBER,MODEL_EARLY_WARNING,0.44076253199119203,6,7,0.0,0.3269784032826305,1,0,0
10,RIYADH,2025-11-16,2025-11-23,balanced_gradual,0.7,GREEN,0.01121782347297214,GREEN,LOW_OBSERVED_RISK,0.05478241074380235,6,7,0.0,0.04356458727083021,0,0,0
11,TABOUK,2025-11-23,2025-11-30,balanced_gradual,0.7,GREEN,0.05143420537494458,GREEN,LOW_OBSERVED_RISK,0.13678065304842965,4,5,0.019230769230769232,0.08534644767348507,0,0,0
12,ABHA,2025-12-07,2025-12-14,value_led,0.72,GREEN,0.061767641354217785,AMBER,MODEL_EARLY_WARNING,0.23096104644407248,4,5,0.0,0.1691934050898547,1,0,0
13,BURAIDAH,2025-12-14,2025-12-21,value_led,0.72,GREEN,0.03526274746717065,AMBER,MODEL_EARLY_WARNING,0.24478821562592423,6,7,0.0,0.20952546815875359,1,0,0
14,DAMMAM,2025-12-21,2025-12-28,value_led,0.72,GREEN,0.013324159327081508,AMBER,STRUCTURAL_TREND_WARNING,0.0823878695301698,6,7,0.0,0.0690637102030883,1,0,0
15,HAIL,2025-12-28,2026-01-04,value_led,0.72,GREEN,0.054709251408904425,GREEN,LOW_OBSERVED_RISK,0.07703185766916167,0,1,0.0,0.02232260626025724,0,0,0
16,JEDDAH,2026-01-04,2026-01-11,value_led,0.72,GREEN,0.05340750385529169,GREEN,LOW_OBSERVED_RISK,0.08073095793834974,1,2,0.0,0.02732345408305805,0,0,0
17,KHOBAR,2026-01-18,2026-01-25,value_led,0.72,GREEN,0.02171651153741368,AMBER,STRUCTURAL_TREND_WARNING,0.07822027203955977,6,7,0.0,0.05650376050214609,1,0,0
18,MADINA,2026-01-25,2026-02-01,value_led,0.72,GREEN,0.030914043350818696,GREEN,LOW_OBSERVED_RISK,0.143973289685364,5,6,0.0,0.1130592463345453,0,0,0
19,MAKKAH,2026-02-01,2026-02-08,value_led,0.72,GREEN,0.07331946020666012,AMBER,MODEL_EARLY_WARNING,0.20346239184479142,3,4,0.0,0.1301429316381313,1,0,0
20,OTHER,2026-02-08,2026-02-15,value_led,0.72,AMBER,0.4150193321335593,AMBER,MODEL_EARLY_WARNING,0.5268848736991913,3,4,0.0,0.11186554156563205,1,0,0
21,RIYADH,2026-02-15,2026-02-22,value_led,0.72,GREEN,0.0538407607336532,AMBER,STRUCTURAL_TREND_WARNING,0.16162866977983587,6,7,0.0,0.10778790904618266,1,0,0
22,TABOUK,2026-02-22,2026-03-01,value_led,0.72,GREEN,0.04162365924923538,AMBER,STRUCTURAL_TREND_WARNING,0.0843841498769416,6,7,0.0,0.04276049062770621,1,0,0
23,ABHA,2026-03-08,2026-03-15,count_led,0.68,AMBER,0.23720358453973092,AMBER,MODEL_EARLY_WARNING,0.4234811579896595,3,4,0.07692307692307693,0.1862775734499286,1,0,0
24,BURAIDAH,2026-03-15,2026-03-22,count_led,0.68,AMBER,0.2919242980406846,AMBER,MODEL_EARLY_WARNING,0.690543035447468,6,7,0.0,0.3986187374067834,1,0,0
25,DAMMAM,2026-03-22,2026-03-29,count_led,0.68,AMBER,0.28028192401657875,AMBER,MODEL_EARLY_WARNING,0.5869267621016743,6,7,0.019230769230769232,0.3066448380850955,1,0,0
26,HAIL,2026-03-29,2026-04-05,count_led,0.68,GREEN,0.06948568235617886,AMBER,MODEL_EARLY_WARNING,0.2272398049796016,1,2,0.0,0.15775412262342275,1,0,0
27,JEDDAH,2026-04-05,2026-04-12,count_led,0.68,GREEN,0.1492490692217636,AMBER,MODEL_EARLY_WARNING,0.5707365702438383,6,7,0.019230769230769232,0.42148750102207466,1,0,0
28,KHOBAR,2026-04-19,2026-04-26,count_led,0.68,GREEN,0.05941225891771732,AMBER,MODEL_EARLY_WARNING,0.21728782882816877,6,6,0.0,0.15787556991045146,1,0,0
29,MADINA,2026-04-26,2026-05-03,count_led,0.68,GREEN,0.06392412908434657,GREEN,LOW_OBSERVED_RISK,0.18928840874468963,1,2,0.019230769230769232,0.12536427966034308,0,0,0
30,MAKKAH,2026-05-03,2026-05-10,count_led,0.68,AMBER,0.5482535435678367,AMBER,MODEL_EARLY_WARNING,0.7496892038678337,6,7,0.07692307692307693,0.20143566029999693,1,0,0
31,OTHER,2026-05-10,2026-05-17,count_led,0.68,GREEN,0.13006187642563669,AMBER,MODEL_EARLY_WARNING,0.3829846063223401,6,7,0.0,0.2529227298967034,1,0,0
32,RIYADH,2026-05-17,2026-05-24,count_led,0.68,GREEN,0.05396215227760549,AMBER,STRUCTURAL_TREND_WARNING,0.1439073784934887,6,7,0.0,0.08994522621588322,1,0,0
33,TABOUK,2026-05-31,2026-06-07,count_led,0.68,GREEN,0.09878924971923116,AMBER,MODEL_EARLY_WARNING,0.3943572566735239,6,7,0.0,0.29556800695429275,1,0,0
