date,y,fold_id,v7_5_pred,v8_rank,v8_pred
2023-07-08,0,0,1,0.768,1
2023-07-09,0,0,0,0.192,0
2023-07-10,0,0,1,0.032,1
2023-07-11,0,0,1,0.248,1
2023-07-12,0,0,1,0.424,1
2023-07-13,1,0,1,0.248,1
2023-07-14,1,0,1,0.408,1
2023-07-15,0,0,1,0.224,1
2023-07-16,0,0,1,0.296,1
2023-07-17,0,0,1,0.464,1
2023-07-18,0,0,0,0.088,0
2023-07-19,0,0,1,0.08,1
2023-07-20,0,0,1,0.312,1
2023-07-21,0,0,1,0.032,1
2023-07-22,0,0,1,0.08,1
2023-07-23,0,0,0,0.344,0
2023-07-24,0,0,0,0.504,0
2023-07-25,0,0,0,0.608,0
2023-07-26,0,0,0,0.664,0
2023-07-27,0,0,0,0.776,0
2023-07-28,0,0,0,0.768,0
2023-07-29,0,0,0,0.72,0
2023-07-30,0,0,0,0.24,0
2023-07-31,0,0,0,0.28,0
2023-08-01,0,0,0,0.432,0
2023-08-02,0,0,0,0.176,0
2023-08-03,0,0,0,0.28,0
2023-08-04,0,0,0,0.776,0
2023-08-05,0,0,0,0.576,0
2023-08-06,0,0,1,0.224,1
2023-08-07,0,0,0,0.464,0
2023-08-08,0,0,0,0.32,0
2023-08-09,0,0,0,0.032,0
2023-08-10,0,0,1,0.544,1
2023-08-11,0,0,1,0.312,1
2023-08-12,0,0,1,0.336,1
2023-08-13,0,0,0,0.536,0
2023-08-14,0,0,0,0.088,0
2023-08-15,0,0,0,0.552,0
2023-08-16,0,0,0,0.24,0
2023-08-17,0,0,0,0.552,0
2023-08-18,1,0,0,0.296,0
2023-08-19,0,0,0,0.016,0
2023-08-20,0,0,0,0.536,0
2023-08-21,0,0,0,0.72,0
2023-08-22,0,0,0,0.544,0
2023-08-23,0,0,0,0.688,0
2023-08-24,0,0,0,0.464,0
2023-08-25,0,0,0,0.176,0
2023-08-26,0,0,0,0.24,0
2023-08-27,0,0,0,0.896,0
2023-08-28,0,0,0,0.88,0
2023-08-29,0,0,0,0.72,0
2023-08-30,0,0,0,0.848,0
2023-08-31,0,0,0,0.696,0
2023-09-01,0,0,0,0.872,0
2023-09-02,0,0,0,0.848,0
2023-09-03,0,0,1,0.848,1
2023-09-04,0,0,1,0.888,1
2023-09-05,1,0,1,0.904,1
2023-09-06,1,0,1,0.8,1
2023-09-07,1,0,1,0.88,1
2023-09-08,1,0,1,0.896,1
2023-09-09,0,0,1,0.872,1
2023-09-10,0,0,0,0.072,0
2023-09-11,0,0,0,0.504,0
2023-09-12,0,0,0,0.088,0
2023-09-13,0,0,0,0.08,0
2023-09-14,0,0,0,0.192,0
2023-09-15,0,0,0,0.336,0
2023-09-16,0,0,0,0.28,0
2023-09-17,0,0,1,0.08,1
2023-09-18,0,0,0,0.008,0
2023-09-19,0,0,1,0.384,1
2023-09-20,0,0,1,0.424,1
2023-09-21,0,0,1,0.36,1
2023-09-22,0,0,1,0.048,1
2023-09-23,0,0,1,0.304,1
2023-09-24,0,0,0,0.608,0
2023-09-25,0,0,0,0.552,0
2023-09-26,0,0,0,0.72,0
2023-09-27,0,0,0,0.552,0
2023-09-28,0,0,0,0.28,0
2023-09-29,0,0,0,0.48,0
2023-09-30,0,0,0,0.512,0
2023-10-08,0,1,1,0.7557603686635944,1
2023-10-09,0,1,1,0.3778801843317972,1
2023-10-10,0,1,1,0.5161290322580645,1
2023-10-11,0,1,1,0.6359447004608295,1
2023-10-12,0,1,1,0.728110599078341,1
2023-10-13,1,1,1,0.5806451612903226,1
2023-10-14,1,1,1,0.391705069124424,1
2023-10-15,0,1,0,0.7695852534562212,0
2023-10-16,1,1,0,0.728110599078341,0
2023-10-17,1,1,0,0.8341013824884793,0
2023-10-18,0,1,0,0.34101382488479265,0
2023-10-19,0,1,0,0.43317972350230416,0
2023-10-20,0,1,0,0.41013824884792627,0
2023-10-21,0,1,0,0.45161290322580644,0
2023-10-22,0,1,0,0.041474654377880185,0
2023-10-23,0,1,0,0.6221198156682027,0
2023-10-24,0,1,0,0.6774193548387096,0
2023-10-25,0,1,0,0.2764976958525346,0
2023-10-26,0,1,0,0.7695852534562212,0
2023-10-27,0,1,0,0.37327188940092165,0
2023-10-28,0,1,0,0.6405529953917051,0
2023-10-29,0,1,0,0.17050691244239632,0
2023-10-30,0,1,0,0.695852534562212,0
2023-10-31,0,1,0,0.4792626728110599,0
2023-11-01,0,1,0,0.4055299539170507,0
2023-11-02,0,1,0,0.3271889400921659,0
2023-11-03,0,1,0,0.3686635944700461,0
2023-11-04,0,1,0,0.35944700460829493,0
2023-11-05,0,1,0,0.8387096774193549,0
2023-11-06,0,1,0,0.7649769585253456,0
2023-11-07,0,1,0,0.9078341013824884,0
2023-11-08,0,1,0,0.9078341013824884,0
2023-11-09,1,1,0,0.8341013824884793,0
2023-11-10,1,1,0,0.5898617511520737,0
2023-11-11,0,1,0,0.9078341013824884,0
2023-11-12,0,1,0,0.6912442396313364,0
2023-11-13,1,1,0,0.8341013824884793,0
2023-11-14,1,1,0,0.8064516129032258,0
2023-11-15,0,1,0,0.21658986175115208,0
2023-11-16,0,1,0,0.10138248847926268,0
2023-11-17,0,1,0,0.1382488479262673,0
2023-11-18,0,1,0,0.41935483870967744,0
2023-11-19,0,1,0,0.2995391705069124,0
2023-11-20,0,1,0,0.815668202764977,0
2023-11-21,0,1,0,0.055299539170506916,0
2023-11-22,0,1,0,0.14285714285714285,0
2023-11-23,0,1,0,0.06451612903225806,0
2023-11-24,0,1,0,0.12442396313364056,0
2023-11-25,0,1,0,0.6728110599078341,0
2023-11-26,0,1,0,0.695852534562212,0
2023-11-27,0,1,0,0.35944700460829493,0
2023-11-28,0,1,0,0.6774193548387096,0
2023-11-29,0,1,0,0.3548387096774194,0
2023-11-30,0,1,0,0.42857142857142855,0
2023-12-01,0,1,0,0.3456221198156682,0
2023-12-02,0,1,0,0.7004608294930875,0
2023-12-03,0,1,1,0.8755760368663594,1
2023-12-04,0,1,1,0.9078341013824884,1
2023-12-05,0,1,1,0.9124423963133641,1
2023-12-06,0,1,1,0.7235023041474654,1
2023-12-07,1,1,1,0.9124423963133641,1
2023-12-08,0,1,1,0.9124423963133641,1
2023-12-09,0,1,1,0.8755760368663594,1
2023-12-10,1,1,1,0.8663594470046083,1
2023-12-11,1,1,1,0.46543778801843316,1
2023-12-12,1,1,1,0.9078341013824884,1
2023-12-13,1,1,1,0.7235023041474654,1
2023-12-14,1,1,1,0.8663594470046083,1
2023-12-15,1,1,1,0.391705069124424,1
2023-12-16,0,1,1,0.8064516129032258,1
2023-12-17,0,1,0,0.43317972350230416,0
2023-12-18,0,1,0,0.5207373271889401,0
2023-12-19,0,1,0,0.46543778801843316,0
2023-12-20,0,1,0,0.8248847926267281,0
2023-12-21,0,1,0,0.06912442396313365,0
2023-12-22,0,1,0,0.5944700460829493,0
2023-12-23,0,1,0,0.1889400921658986,0
2023-12-24,0,1,0,0.041474654377880185,0
2023-12-25,0,1,0,0.3778801843317972,0
2023-12-26,0,1,0,0.3778801843317972,0
2023-12-27,0,1,0,0.2995391705069124,0
2023-12-28,0,1,0,0.34101382488479265,0
2023-12-29,0,1,0,0.07834101382488479,0
2023-12-30,0,1,0,0.08755760368663594,0
2023-12-31,0,1,1,0.8894009216589862,1
2024-01-08,0,2,1,0.7961165048543689,1
2024-01-09,0,2,1,0.8187702265372169,1
2024-01-10,0,2,1,0.6181229773462783,1
2024-01-11,1,2,1,0.8090614886731392,1
2024-01-12,1,2,1,0.8770226537216829,1
2024-01-13,1,2,1,0.7216828478964401,1
2024-01-14,1,2,1,0.6537216828478964,1
2024-01-15,1,2,1,0.6116504854368932,1
2024-01-16,0,2,1,0.7443365695792881,1
2024-01-17,1,2,1,0.8187702265372169,1
2024-01-18,1,2,1,0.8025889967637541,1
2024-01-19,1,2,1,0.511326860841424,1
2024-01-20,0,2,0,0.2297734627831715,0
2024-01-21,0,2,0,0.1423948220064725,0
2024-01-22,0,2,0,0.24919093851132687,0
2024-01-23,0,2,0,0.42394822006472493,0
2024-01-24,0,2,0,0.061488673139158574,0
2024-01-25,0,2,0,0.598705501618123,0
2024-01-26,0,2,0,0.032362459546925564,0
2024-01-27,0,2,0,0.36245954692556637,0
2024-01-28,0,2,0,0.10355987055016182,0
2024-01-29,0,2,0,0.11650485436893204,0
2024-01-30,1,2,0,0.686084142394822,0
2024-01-31,0,2,0,0.40129449838187703,0
2024-02-01,0,2,0,0.08414239482200647,0
2024-02-02,0,2,0,0.2168284789644013,0
2024-02-03,0,2,0,0.045307443365695796,0
2024-02-04,0,2,1,0.7702265372168284,1
2024-02-05,0,2,1,0.8025889967637541,1
2024-02-06,0,2,1,0.8478964401294499,1
2024-02-07,0,2,1,0.8349514563106796,1
2024-02-08,0,2,1,0.941747572815534,1
2024-02-09,0,2,1,0.941747572815534,1
2024-02-10,0,2,1,0.8770226537216829,1
2024-02-11,0,2,0,0.8414239482200647,0
2024-02-12,0,2,0,0.8187702265372169,0
2024-02-13,0,2,0,0.6601941747572816,0
2024-02-14,0,2,0,0.7766990291262136,0
2024-02-15,0,2,1,0.7993527508090615,1
2024-02-16,0,2,0,0.8543689320388349,0
2024-02-17,0,2,0,0.6699029126213593,0
2024-02-18,0,2,0,0.3300970873786408,0
2024-02-19,0,2,0,0.24271844660194175,0
2024-02-20,0,2,1,0.6472491909385113,1
2024-02-21,0,2,1,0.37540453074433655,0
2024-02-22,0,2,1,0.6440129449838188,1
2024-02-23,0,2,0,0.6407766990291263,0
2024-02-24,0,2,0,0.23624595469255663,0
2024-02-25,0,2,0,0.05177993527508091,0
2024-02-26,0,2,0,0.05177993527508091,0
2024-02-27,0,2,0,0.11326860841423948,0
2024-02-28,0,2,0,0.23624595469255663,0
2024-02-29,0,2,0,0.3300970873786408,0
2024-03-01,0,2,0,0.2459546925566343,0
2024-03-02,0,2,0,0.6213592233009708,0
2024-03-03,0,2,0,0.7216828478964401,0
2024-03-04,0,2,0,0.7831715210355987,0
2024-03-05,0,2,0,0.8737864077669902,0
2024-03-06,0,2,0,0.7119741100323624,0
2024-03-07,0,2,0,0.8478964401294499,0
2024-03-08,0,2,0,0.686084142394822,0
2024-03-09,1,2,0,0.6148867313915858,0
2024-03-10,1,2,1,0.8770226537216829,1
2024-03-11,1,2,1,0.9805825242718447,1
2024-03-12,1,2,1,0.9741100323624595,1
2024-03-13,1,2,1,0.9352750809061489,1
2024-03-14,1,2,1,0.9255663430420712,1
2024-03-15,1,2,1,0.8187702265372169,1
2024-03-16,1,2,1,0.8090614886731392,1
2024-03-17,0,2,0,0.5792880258899676,0
2024-03-18,0,2,0,0.7702265372168284,0
2024-03-19,0,2,0,0.284789644012945,0
2024-03-20,0,2,0,0.31715210355987056,0
2024-03-21,0,2,0,0.15857605177993528,0
2024-03-22,0,2,0,0.11650485436893204,0
2024-03-23,0,2,0,0.255663430420712,0
2024-03-24,0,2,0,0.15857605177993528,0
2024-03-25,0,2,0,0.1941747572815534,0
2024-03-26,0,2,0,0.012944983818770227,0
2024-03-27,0,2,0,0.038834951456310676,0
2024-03-28,0,2,0,0.36245954692556637,0
2024-03-29,0,2,0,0.19093851132686085,0
2024-03-30,0,2,0,0.5372168284789643,0
2024-03-31,0,2,0,0.44983818770226536,0
2024-04-08,0,3,1,0.9225,1
2024-04-09,0,3,1,0.8925,1
2024-04-10,1,3,1,0.93,1
2024-04-11,1,3,1,0.965,1
2024-04-12,0,3,1,0.9025,1
2024-04-13,1,3,1,0.9075,1
2024-04-14,1,3,0,0.6575,1
2024-04-15,1,3,1,0.465,0
2024-04-16,1,3,1,0.455,0
2024-04-17,1,3,1,0.6875,1
2024-04-18,1,3,1,0.7375,1
2024-04-19,1,3,1,0.6175,1
2024-04-20,1,3,1,0.5675,1
2024-04-21,0,3,0,0.185,0
2024-04-22,0,3,0,0.42,0
2024-04-23,0,3,0,0.265,0
2024-04-24,0,3,0,0.1525,0
2024-04-25,0,3,0,0.145,0
2024-04-26,0,3,0,0.275,0
2024-04-27,0,3,0,0.305,0
2024-04-28,0,3,0,0.1325,0
2024-04-29,0,3,0,0.2175,0
2024-04-30,0,3,0,0.3125,0
2024-05-01,0,3,0,0.145,0
2024-05-02,0,3,0,0.07,0
2024-05-03,0,3,0,0.2025,0
2024-05-04,0,3,0,0.3675,0
2024-05-05,0,3,0,0.74,0
2024-05-06,0,3,0,0.575,0
2024-05-07,0,3,0,0.6925,0
2024-05-08,0,3,0,0.62,0
2024-05-09,0,3,0,0.675,0
2024-05-10,0,3,0,0.625,0
2024-05-11,0,3,0,0.7525,0
2024-05-12,0,3,1,0.8125,1
2024-05-13,0,3,1,0.585,1
2024-05-14,0,3,1,0.6175,1
2024-05-15,0,3,1,0.5825,1
2024-05-16,0,3,1,0.7575,1
2024-05-17,1,3,1,0.775,1
2024-05-18,0,3,1,0.595,1
2024-05-19,0,3,0,0.6725,0
2024-05-20,0,3,0,0.72,0
2024-05-21,0,3,0,0.5375,0
2024-05-22,0,3,0,0.7525,0
2024-05-23,0,3,0,0.7725,0
2024-05-24,0,3,0,0.485,0
2024-05-25,0,3,0,0.42,0
2024-05-26,0,3,0,0.075,0
2024-05-27,0,3,0,0.05,0
2024-05-28,0,3,0,0.1575,0
2024-05-29,0,3,0,0.325,0
2024-05-30,0,3,0,0.275,0
2024-05-31,0,3,0,0.275,0
2024-06-01,0,3,0,0.3225,0
2024-06-02,0,3,0,0.765,0
2024-06-03,0,3,0,0.6575,0
2024-06-04,0,3,0,0.5825,0
2024-06-05,0,3,0,0.3225,0
2024-06-06,0,3,0,0.3275,0
2024-06-07,0,3,0,0.2925,0
2024-06-08,0,3,0,0.3425,0
2024-06-09,0,3,1,0.5425,1
2024-06-10,0,3,0,0.235,0
2024-06-11,0,3,1,0.36,0
2024-06-12,0,3,1,0.4125,0
2024-06-13,0,3,0,0.2025,0
2024-06-14,1,3,1,0.5675,1
2024-06-15,1,3,1,0.5925,1
2024-06-16,1,3,1,0.9275,1
2024-06-17,1,3,1,0.9175,1
2024-06-18,1,3,1,0.9125,1
2024-06-19,1,3,1,0.875,1
2024-06-20,1,3,1,0.875,1
2024-06-21,1,3,1,0.8925,1
2024-06-22,0,3,1,0.89,1
2024-06-23,0,3,0,0.2925,0
2024-06-24,0,3,0,0.5525,0
2024-06-25,0,3,0,0.1525,0
2024-06-26,0,3,0,0.4175,0
2024-06-27,0,3,0,0.5575,0
2024-06-28,0,3,0,0.335,0
2024-06-29,0,3,0,0.29,0
2024-06-30,0,3,0,0.065,0
2024-07-08,0,4,0,0.1894093686354379,0
2024-07-09,0,4,0,0.4623217922606925,0
2024-07-10,0,4,0,0.28716904276985744,0
2024-07-11,0,4,0,0.40325865580448067,0
2024-07-12,0,4,0,0.384928716904277,0
2024-07-13,0,4,0,0.22606924643584522,0
2024-07-14,1,4,1,0.725050916496945,1
2024-07-15,1,4,1,0.9063136456211812,1
2024-07-16,0,4,1,0.7718940936863544,1
2024-07-17,1,4,1,0.7494908350305499,1
2024-07-18,1,4,1,0.6904276985743381,1
2024-07-19,0,4,1,0.8105906313645621,1
2024-07-20,0,4,1,0.8044806517311609,1
2024-07-21,0,4,0,0.29938900203665986,0
2024-07-22,0,4,0,0.0814663951120163,0
2024-07-23,0,4,0,0.0814663951120163,0
2024-07-24,0,4,0,0.06924643584521385,0
2024-07-25,0,4,0,0.10590631364562118,0
2024-07-26,0,4,0,0.5560081466395111,0
2024-07-27,0,4,0,0.09368635437881874,0
2024-07-28,0,4,0,0.06720977596741344,0
2024-07-29,0,4,0,0.4439918533604888,0
2024-07-30,0,4,0,0.012219959266802444,0
2024-07-31,0,4,0,0.39307535641547864,0
2024-08-01,0,4,0,0.1710794297352342,0
2024-08-02,0,4,0,0.23828920570264767,0
2024-08-03,0,4,0,0.18329938900203666,0
2024-08-04,0,4,1,0.8004073319755601,1
2024-08-05,0,4,1,0.5906313645621182,1
2024-08-06,0,4,1,0.745417515274949,1
2024-08-07,0,4,1,0.835030549898167,1
2024-08-08,0,4,1,0.8370672097759674,1
2024-08-09,0,4,1,0.6761710794297352,1
2024-08-10,0,4,1,0.8268839103869654,1
2024-08-11,0,4,0,0.6232179226069247,0
2024-08-12,0,4,0,0.6517311608961304,0
2024-08-13,0,4,0,0.7270875763747454,0
2024-08-14,1,4,0,0.7433808553971487,0
2024-08-15,0,4,0,0.670061099796334,0
2024-08-16,0,4,0,0.4460285132382892,0
2024-08-17,0,4,0,0.49287169042769857,0
2024-08-18,0,4,1,0.8961303462321792,1
2024-08-19,0,4,1,0.9103869653767821,1
