week_start,city,state,reason,risk_score,ood_fraction,precursor_count,target,future_ratio
2025-07-13,ABHA,GREEN,LOW_OBSERVED_RISK,0.08172711072837018,0.038461538461538464,1,0,1.0122771513925026
2025-07-13,BURAIDAH,GREEN,LOW_OBSERVED_RISK,0.075987559953605,0.0,7,0,0.8760668827984098
2025-07-13,DAMMAM,GREEN,LOW_OBSERVED_RISK,0.07639042518877334,0.0,7,0,0.8847418789383891
2025-07-13,HAIL,AMBER,MODEL_EARLY_WARNING,0.2892879092844686,0.0,6,0,0.847439338247955
2025-07-13,JEDDAH,GREEN,LOW_OBSERVED_RISK,0.04133827109015985,0.0,6,0,0.8916756797540144
2025-07-13,KHOBAR,GREEN,LOW_OBSERVED_RISK,0.07245176016164576,0.0,7,0,0.9041878597585731
2025-07-13,MADINA,GREEN,LOW_OBSERVED_RISK,0.09510977398064863,0.0,5,0,0.9122289015867621
2025-07-13,MAKKAH,GREEN,LOW_OBSERVED_RISK,0.1250478210235813,0.0,1,0,0.9800918716377844
2025-07-13,OTHER,GREEN,LOW_OBSERVED_RISK,0.11387796479903749,0.0,6,0,0.8749779091090483
2025-07-13,RIYADH,GREEN,LOW_OBSERVED_RISK,0.03285140147463549,0.0,7,0,0.897385000800935
2025-07-13,TABOUK,AMBER,MODEL_EARLY_WARNING,0.5166698883027042,0.0,7,1,0.7880394558545313
2025-07-20,ABHA,GREEN,LOW_OBSERVED_RISK,0.04061445706540264,0.038461538461538464,0,0,1.4280980468269222
2025-07-20,BURAIDAH,GREEN,LOW_OBSERVED_RISK,0.025996604442253227,0.0,6,0,1.1919800355809589
2025-07-20,DAMMAM,GREEN,LOW_OBSERVED_RISK,0.03193862807044917,0.0,7,0,1.1382489060905119
2025-07-20,HAIL,GREEN,LOW_OBSERVED_RISK,0.06636974623704714,0.0,7,0,1.333817164763891
2025-07-20,JEDDAH,GREEN,LOW_OBSERVED_RISK,0.016696892598002017,0.0,6,0,1.1413279352226722
2025-07-20,KHOBAR,GREEN,LOW_OBSERVED_RISK,0.02876941610633085,0.0,6,0,1.1357460440099674
2025-07-20,MADINA,GREEN,LOW_OBSERVED_RISK,0.023620581464713523,0.0,6,0,1.2473998735566771
2025-07-20,MAKKAH,GREEN,LOW_OBSERVED_RISK,0.02689304526125713,0.0,6,0,1.2450549635864734
2025-07-20,OTHER,GREEN,LOW_OBSERVED_RISK,0.02756163109906068,0.0,7,0,1.306107900506185
2025-07-20,RIYADH,GREEN,LOW_OBSERVED_RISK,0.01700094758363283,0.0,6,0,1.1533946618794728
2025-07-20,TABOUK,GREEN,LOW_OBSERVED_RISK,0.11372017428945101,0.0,7,0,1.302563643841026
2025-07-27,ABHA,AMBER,OOD_ABSTAIN,0.056728191035132665,0.15384615384615385,0,0,1.2273054119105953
2025-07-27,BURAIDAH,GREEN,LOW_OBSERVED_RISK,0.017252199180559185,0.0,0,0,1.0245636447836988
2025-07-27,DAMMAM,GREEN,LOW_OBSERVED_RISK,0.02303834181908476,0.0,1,0,1.0258040611060983
2025-07-27,HAIL,GREEN,LOW_OBSERVED_RISK,0.03128587740706685,0.0,0,0,0.9871803781487298
2025-07-27,JEDDAH,GREEN,LOW_OBSERVED_RISK,0.01841204467216131,0.0,1,0,1.022595516680934
2025-07-27,KHOBAR,GREEN,LOW_OBSERVED_RISK,0.02992815010156249,0.0,1,0,1.0199833442799286
2025-07-27,MADINA,GREEN,LOW_OBSERVED_RISK,0.017542522072242602,0.0,0,0,1.0374930486570244
2025-07-27,MAKKAH,GREEN,LOW_OBSERVED_RISK,0.03041573019570964,0.0,0,0,1.0581837303397936
2025-07-27,OTHER,GREEN,LOW_OBSERVED_RISK,0.021927787988651356,0.0,0,0,1.0482634856851656
2025-07-27,RIYADH,GREEN,LOW_OBSERVED_RISK,0.013783060629121666,0.0,1,0,1.0271548614819168
2025-07-27,TABOUK,GREEN,LOW_OBSERVED_RISK,0.03308232205882593,0.0,0,0,1.0004613117484997
2025-08-03,ABHA,GREEN,LOW_OBSERVED_RISK,0.10455267047714378,0.11538461538461539,0,0,1.0514253850979298
2025-08-03,BURAIDAH,GREEN,LOW_OBSERVED_RISK,0.06754027413148117,0.0,1,0,1.0272810125936878
2025-08-03,DAMMAM,GREEN,LOW_OBSERVED_RISK,0.09249361179519144,0.0,1,0,1.0124543617245318
2025-08-03,HAIL,GREEN,LOW_OBSERVED_RISK,0.1398689662544011,0.0,1,0,0.9563189364007322
2025-08-03,JEDDAH,GREEN,LOW_OBSERVED_RISK,0.04283749914098941,0.0,1,0,0.9710383762565207
2025-08-03,KHOBAR,GREEN,LOW_OBSERVED_RISK,0.08929484758234608,0.0,1,0,1.043940211613106
2025-08-03,MADINA,GREEN,LOW_OBSERVED_RISK,0.08087798611701463,0.0,0,0,0.99161389328179
2025-08-03,MAKKAH,GREEN,LOW_OBSERVED_RISK,0.04609198955453439,0.0,0,0,0.9921519159717469
2025-08-03,OTHER,GREEN,LOW_OBSERVED_RISK,0.06412688253230324,0.0,0,0,1.0152638994534255
2025-08-03,RIYADH,GREEN,LOW_OBSERVED_RISK,0.05630308131567859,0.0,0,0,1.022954028395977
2025-08-03,TABOUK,AMBER,MODEL_EARLY_WARNING,0.17266985138955762,0.0,1,0,0.9966268750574843
2025-08-10,ABHA,AMBER,MODEL_EARLY_WARNING,0.5379343781691571,0.038461538461538464,2,0,0.8314030109635272
2025-08-10,BURAIDAH,GREEN,LOW_OBSERVED_RISK,0.11788738408630021,0.0,2,0,0.9877745678420308
2025-08-10,DAMMAM,GREEN,LOW_OBSERVED_RISK,0.08501187100675613,0.0,2,0,1.062564032808523
2025-08-10,HAIL,AMBER,MODEL_EARLY_WARNING,0.6024253616591868,0.0,3,0,0.8675726109993689
2025-08-10,JEDDAH,GREEN,LOW_OBSERVED_RISK,0.09844083375155292,0.0,4,0,0.9392663804677529
2025-08-10,KHOBAR,GREEN,LOW_OBSERVED_RISK,0.0912721084688733,0.0,2,0,1.1235001986763105
2025-08-10,MADINA,AMBER,MODEL_EARLY_WARNING,0.2859892889310696,0.0,2,0,0.9016060912634233
2025-08-10,MAKKAH,AMBER,MODEL_EARLY_WARNING,0.2982242557339102,0.0,2,0,0.8699420291381244
2025-08-10,OTHER,AMBER,MODEL_EARLY_WARNING,0.2942794316178027,0.0,2,0,0.9189174212392244
2025-08-10,RIYADH,GREEN,LOW_OBSERVED_RISK,0.07382801503294777,0.0,2,0,1.0694708854306465
2025-08-10,TABOUK,AMBER,MODEL_EARLY_WARNING,0.4081414110059,0.0,3,0,0.9721151138638912
2025-08-17,ABHA,AMBER,MODEL_EARLY_WARNING,0.41841590762100317,0.0,7,0,0.825524557780707
2025-08-17,BURAIDAH,GREEN,LOW_OBSERVED_RISK,0.01597931558455811,0.0,4,0,1.1414438494616528
2025-08-17,DAMMAM,GREEN,LOW_OBSERVED_RISK,0.01279980138359764,0.0,2,0,1.1719322330415556
2025-08-17,HAIL,GREEN,LOW_OBSERVED_RISK,0.11955108622399445,0.0,7,0,1.125025069914075
2025-08-17,JEDDAH,GREEN,LOW_OBSERVED_RISK,0.027099579912604546,0.0,7,0,1.1549528591956892
2025-08-17,KHOBAR,GREEN,LOW_OBSERVED_RISK,0.016221089011123555,0.0,1,0,1.1427732045687944
2025-08-17,MADINA,GREEN,LOW_OBSERVED_RISK,0.05063687811533032,0.0,7,0,1.1359260839543193
2025-08-17,MAKKAH,GREEN,LOW_OBSERVED_RISK,0.07822546889479835,0.0,7,0,1.0750005498251556
2025-08-17,OTHER,GREEN,LOW_OBSERVED_RISK,0.035711510747619996,0.0,6,0,1.0970481323716177
2025-08-17,RIYADH,GREEN,LOW_OBSERVED_RISK,0.016391688997604837,0.0,2,0,1.1438526204140236
2025-08-17,TABOUK,GREEN,LOW_OBSERVED_RISK,0.04230979434358307,0.0,4,0,1.2276516947677385
2025-08-24,ABHA,AMBER,MODEL_EARLY_WARNING,0.8188468463815924,0.019230769230769232,7,1,0.7989654556265464
2025-08-24,BURAIDAH,GREEN,LOW_OBSERVED_RISK,0.008849022694325514,0.0,0,0,1.0930808318223535
2025-08-24,DAMMAM,GREEN,LOW_OBSERVED_RISK,0.008956907807935427,0.0,0,0,1.0894518655678387
2025-08-24,HAIL,GREEN,LOW_OBSERVED_RISK,0.024469435708327558,0.0,1,0,1.0867210278185466
2025-08-24,JEDDAH,GREEN,LOW_OBSERVED_RISK,0.008723559723937666,0.0,0,0,1.0971365022363704
2025-08-24,KHOBAR,GREEN,LOW_OBSERVED_RISK,0.011046343666052187,0.0,0,0,1.0541569839245477
2025-08-24,MADINA,GREEN,LOW_OBSERVED_RISK,0.015186910368738782,0.0,0,0,1.0534341526040463
2025-08-24,MAKKAH,GREEN,LOW_OBSERVED_RISK,0.025805343384871896,0.0,1,0,1.0432541123817973
2025-08-24,OTHER,GREEN,LOW_OBSERVED_RISK,0.01657463682760094,0.0,1,0,1.0529451528466538
2025-08-24,RIYADH,GREEN,LOW_OBSERVED_RISK,0.010053885555854701,0.0,0,0,1.0577746877523069
2025-08-24,TABOUK,GREEN,LOW_OBSERVED_RISK,0.01584883813261468,0.0,0,0,1.1515435338660676
2025-08-31,ABHA,AMBER,MODEL_EARLY_WARNING,0.7828718999954374,0.038461538461538464,7,1,0.7429729589120249
2025-08-31,BURAIDAH,GREEN,LOW_OBSERVED_RISK,0.01877438788121891,0.0,0,0,0.9193434312817004
2025-08-31,DAMMAM,GREEN,LOW_OBSERVED_RISK,0.026152135254320003,0.0,0,0,0.9454068598363512
2025-08-31,HAIL,GREEN,LOW_OBSERVED_RISK,0.02467654057203141,0.0,0,0,0.9034574398672808
2025-08-31,JEDDAH,GREEN,LOW_OBSERVED_RISK,0.015954304201781344,0.0,0,0,0.9368227640208573
2025-08-31,KHOBAR,GREEN,LOW_OBSERVED_RISK,0.03879192281124029,0.0,0,0,0.9175819995654362
2025-08-31,MADINA,GREEN,LOW_OBSERVED_RISK,0.027706772453409235,0.0,1,0,0.8934648502068906
2025-08-31,MAKKAH,GREEN,LOW_OBSERVED_RISK,0.025267089904249692,0.0,1,0,0.9020860579675918
2025-08-31,OTHER,GREEN,LOW_OBSERVED_RISK,0.02751245109727297,0.0,1,0,0.8858477151673871
2025-08-31,RIYADH,GREEN,LOW_OBSERVED_RISK,0.033143569856938344,0.0,0,0,0.923790069856406
2025-08-31,TABOUK,GREEN,LOW_OBSERVED_RISK,0.028557590318638238,0.0,0,0,0.9032894848159547
2025-09-07,ABHA,AMBER,MODEL_EARLY_WARNING,0.5945297571629258,0.038461538461538464,7,1,0.7561556948539432
2025-09-07,BURAIDAH,GREEN,LOW_OBSERVED_RISK,0.09000412574536588,0.0,2,0,0.8737796060868798
2025-09-07,DAMMAM,GREEN,LOW_OBSERVED_RISK,0.06542426351996411,0.0,2,0,0.894038242846823
2025-09-07,HAIL,AMBER,MODEL_EARLY_WARNING,0.2453482290231603,0.0,2,0,0.8345958222815467
2025-09-07,JEDDAH,GREEN,LOW_OBSERVED_RISK,0.08508906055960985,0.0,2,0,0.8926779149172086
2025-09-07,KHOBAR,GREEN,LOW_OBSERVED_RISK,0.08498753097930845,0.0,3,0,0.916629905760611
2025-09-07,MADINA,AMBER,MODEL_EARLY_WARNING,0.1982054495005536,0.0,3,0,0.8522005092737069
2025-09-07,MAKKAH,GREEN,LOW_OBSERVED_RISK,0.15342719925595286,0.0,3,0,0.8614613906442701
2025-09-07,OTHER,AMBER,MODEL_EARLY_WARNING,0.2221649106501958,0.0,3,0,0.8284870070579833
2025-09-07,RIYADH,GREEN,LOW_OBSERVED_RISK,0.08873357139272209,0.0,3,0,0.888359501916397
2025-09-07,TABOUK,AMBER,MODEL_EARLY_WARNING,0.27432595022193657,0.0,2,0,0.8222609786793841
2025-09-14,ABHA,AMBER,MODEL_EARLY_WARNING,0.2040826795235681,0.038461538461538464,7,0,0.8288964332571382
2025-09-14,BURAIDAH,GREEN,LOW_OBSERVED_RISK,0.02399329864602553,0.0,6,0,0.929705072587432
2025-09-14,DAMMAM,GREEN,LOW_OBSERVED_RISK,0.015481457367376281,0.0,6,0,0.9126211933054584
2025-09-14,HAIL,GREEN,LOW_OBSERVED_RISK,0.1105780881829262,0.0,6,0,0.9155981126838746
2025-09-14,JEDDAH,GREEN,LOW_OBSERVED_RISK,0.01939549594269462,0.0,6,0,0.9097334382567472
2025-09-14,KHOBAR,GREEN,LOW_OBSERVED_RISK,0.014932885704679778,0.0,4,0,0.9744130741416873
2025-09-14,MADINA,GREEN,LOW_OBSERVED_RISK,0.05694097446817909,0.0,6,0,0.8978584079303983
2025-09-14,MAKKAH,GREEN,LOW_OBSERVED_RISK,0.04931137656065221,0.0,6,0,0.9123064609610024
2025-09-14,OTHER,GREEN,LOW_OBSERVED_RISK,0.0974521660696197,0.0,6,0,0.8904047466922145
2025-09-14,RIYADH,GREEN,LOW_OBSERVED_RISK,0.017281483892110098,0.0,6,0,0.9205551684388706
2025-09-14,TABOUK,AMBER,MODEL_EARLY_WARNING,0.1715156411972295,0.0,6,0,0.8506160649771695
2025-09-21,ABHA,GREEN,LOW_OBSERVED_RISK,0.0797284310642704,0.057692307692307696,7,0,1.1898895547639188
2025-09-21,BURAIDAH,GREEN,LOW_OBSERVED_RISK,0.006834733843749825,0.0,2,0,1.2018179754392315
2025-09-21,DAMMAM,GREEN,LOW_OBSERVED_RISK,0.007470486238053499,0.0,4,0,1.1809118936940597
2025-09-21,HAIL,GREEN,LOW_OBSERVED_RISK,0.015007268154085608,0.0,2,0,1.3509840916862026
2025-09-21,JEDDAH,GREEN,LOW_OBSERVED_RISK,0.007486588925847478,0.0,3,0,1.1329513632862331
2025-09-21,KHOBAR,GREEN,LOW_OBSERVED_RISK,0.008603881942242882,0.0,2,0,1.157835654348863
2025-09-21,MADINA,GREEN,LOW_OBSERVED_RISK,0.010682085254888424,0.0,4,0,1.226710387263084
2025-09-21,MAKKAH,GREEN,LOW_OBSERVED_RISK,0.01147609745701518,0.0,5,0,1.189325556725587
2025-09-21,OTHER,GREEN,LOW_OBSERVED_RISK,0.01825977949305806,0.0,6,0,1.3111318911514889
2025-09-21,RIYADH,GREEN,LOW_OBSERVED_RISK,0.007177953001339654,0.0,3,0,1.1669794859947833
2025-09-21,TABOUK,GREEN,LOW_OBSERVED_RISK,0.03993554489982106,0.0,7,0,1.3741843215451885
2025-09-28,ABHA,GREEN,LOW_OBSERVED_RISK,0.061703186425725566,0.0,1,0,0.952782076376781
2025-09-28,BURAIDAH,GREEN,LOW_OBSERVED_RISK,0.009351985144580967,0.0,0,0,0.9918767070837913
2025-09-28,DAMMAM,GREEN,LOW_OBSERVED_RISK,0.012093226773415412,0.0,0,0,0.9853369126966343
2025-09-28,HAIL,GREEN,LOW_OBSERVED_RISK,0.02715692372985735,0.0,0,0,0.9797608688268659
2025-09-28,JEDDAH,GREEN,LOW_OBSERVED_RISK,0.010600856682799987,0.0,1,0,0.9746964642724476
2025-09-28,KHOBAR,GREEN,LOW_OBSERVED_RISK,0.010086289538406677,0.0,0,0,0.9710427700609573
2025-09-28,MADINA,GREEN,LOW_OBSERVED_RISK,0.00990999159693278,0.0,0,0,1.00869146647232
2025-09-28,MAKKAH,GREEN,LOW_OBSERVED_RISK,0.0092508515612459,0.0,1,0,1.030227590905563
2025-09-28,OTHER,GREEN,LOW_OBSERVED_RISK,0.01993996872494713,0.0,0,0,0.9798847731206691
2025-09-28,RIYADH,GREEN,LOW_OBSERVED_RISK,0.009551071345386011,0.0,0,0,0.9909993536966624
2025-09-28,TABOUK,GREEN,LOW_OBSERVED_RISK,0.04319254290338905,0.0,0,0,0.9823434866125681
2025-10-05,ABHA,AMBER,MODEL_EARLY_WARNING,0.19014621759347958,0.0,2,0,0.8598762938613944
2025-10-05,BURAIDAH,GREEN,LOW_OBSERVED_RISK,0.01297587365916369,0.0,0,0,0.8832173252064238
2025-10-05,DAMMAM,GREEN,LOW_OBSERVED_RISK,0.014134799888360638,0.0,0,0,0.9046305535219111
2025-10-05,HAIL,GREEN,LOW_OBSERVED_RISK,0.05914911747214078,0.0,1,0,0.8419790354841099
2025-10-05,JEDDAH,GREEN,LOW_OBSERVED_RISK,0.00988821679777485,0.0,1,0,0.8980792719130095
2025-10-05,KHOBAR,GREEN,LOW_OBSERVED_RISK,0.013360637589765946,0.0,1,0,0.8761676129917056
2025-10-05,MADINA,GREEN,LOW_OBSERVED_RISK,0.015008079818431018,0.0,0,0,0.917299083753075
2025-10-05,MAKKAH,GREEN,LOW_OBSERVED_RISK,0.01142603541092683,0.0,0,0,0.9358251463926012
2025-10-05,OTHER,GREEN,LOW_OBSERVED_RISK,0.03094381410607661,0.0,0,0,0.865357594380461
2025-10-05,RIYADH,GREEN,LOW_OBSERVED_RISK,0.010334850208570672,0.0,0,0,0.9084781870789511
2025-10-05,TABOUK,GREEN,LOW_OBSERVED_RISK,0.0766237692636373,0.0,0,0,0.860934130063364
2025-10-12,ABHA,AMBER,MODEL_EARLY_WARNING,0.5371571236634215,0.0,7,0,0.8267397013215698
2025-10-12,BURAIDAH,GREEN,LOW_OBSERVED_RISK,0.08395613470209634,0.0,6,0,0.8516691278219937
2025-10-12,DAMMAM,GREEN,LOW_OBSERVED_RISK,0.03117735684730473,0.0,5,0,0.8673429341235807
2025-10-12,HAIL,AMBER,MODEL_EARLY_WARNING,0.4591320764938381,0.0,6,1,0.7834844770343024
2025-10-12,JEDDAH,GREEN,LOW_OBSERVED_RISK,0.028597081997934228,0.0,6,0,0.8627955559089496
2025-10-12,KHOBAR,GREEN,LOW_OBSERVED_RISK,0.03194980821345393,0.0,6,0,0.885512483160638
2025-10-12,MADINA,GREEN,LOW_OBSERVED_RISK,0.0677623119970041,0.0,5,0,0.8817934460464882
2025-10-12,MAKKAH,GREEN,LOW_OBSERVED_RISK,0.02577621858690558,0.0,5,0,0.894658406558893
2025-10-12,OTHER,AMBER,MODEL_EARLY_WARNING,0.20975932638994466,0.0,5,0,0.8084448528844447
2025-10-12,RIYADH,GREEN,LOW_OBSERVED_RISK,0.021781910753973774,0.0,5,0,0.8916037225824974
2025-10-12,TABOUK,AMBER,MODEL_EARLY_WARNING,0.4690909089179544,0.0,5,1,0.796043321215714
2025-10-19,ABHA,AMBER,HIGH_PRECURSOR_FALLBACK,0.15263385332335103,0.038461538461538464,7,0,1.2088855223703072
2025-10-19,BURAIDAH,GREEN,LOW_OBSERVED_RISK,0.01880125721999386,0.0,6,0,1.1910153104813184
2025-10-19,DAMMAM,GREEN,LOW_OBSERVED_RISK,0.013193773431363208,0.0,6,0,1.1468232150617987
2025-10-19,HAIL,GREEN,LOW_OBSERVED_RISK,0.055331147541991144,0.0,7,0,1.3565343648807462
2025-10-19,JEDDAH,GREEN,LOW_OBSERVED_RISK,0.013763208418521947,0.0,6,0,1.1267071446303
2025-10-19,KHOBAR,GREEN,LOW_OBSERVED_RISK,0.009846964662673997,0.0,6,0,1.136764452063694
2025-10-19,MADINA,GREEN,LOW_OBSERVED_RISK,0.01930987667927198,0.0,6,0,1.2190955649869304
2025-10-19,MAKKAH,GREEN,LOW_OBSERVED_RISK,0.015587278148064723,0.0,6,0,1.2253458206134271
2025-10-19,OTHER,GREEN,LOW_OBSERVED_RISK,0.03810833607901871,0.0,7,0,1.2816519869348946
2025-10-19,RIYADH,GREEN,LOW_OBSERVED_RISK,0.009877800766015705,0.0,6,0,1.1543256655236835
2025-10-19,TABOUK,GREEN,LOW_OBSERVED_RISK,0.05524826314131201,0.0,6,0,1.3438619525461877
2025-10-26,ABHA,GREEN,LOW_OBSERVED_RISK,0.07306538721115143,0.019230769230769232,1,0,1.010100562829233
2025-10-26,BURAIDAH,GREEN,LOW_OBSERVED_RISK,0.006838221778655827,0.0,0,0,1.0406376479601787
2025-10-26,DAMMAM,GREEN,LOW_OBSERVED_RISK,0.007223766882579429,0.0,0,0,1.0389367084594658
2025-10-26,HAIL,GREEN,LOW_OBSERVED_RISK,0.02178074259474615,0.0,0,0,1.0288133583169279
2025-10-26,JEDDAH,GREEN,LOW_OBSERVED_RISK,0.006445515480969291,0.0,1,0,1.0298687711673695
2025-10-26,KHOBAR,GREEN,LOW_OBSERVED_RISK,0.0064085603845820405,0.0,0,0,1.0496405425482445
2025-10-26,MADINA,GREEN,LOW_OBSERVED_RISK,0.007604844480502772,0.0,0,0,1.0095662434547632
2025-10-26,MAKKAH,GREEN,LOW_OBSERVED_RISK,0.008898403043292076,0.0,0,0,1.0303135941663264
2025-10-26,OTHER,GREEN,LOW_OBSERVED_RISK,0.013994680186269925,0.0,0,0,1.0138567434429504
2025-10-26,RIYADH,GREEN,LOW_OBSERVED_RISK,0.006083805865217426,0.0,0,0,1.0390459489890147
2025-10-26,TABOUK,GREEN,LOW_OBSERVED_RISK,0.02131604227277112,0.0,0,0,1.0072155825942117
2025-11-02,ABHA,GREEN,LOW_OBSERVED_RISK,0.11843075109944208,0.019230769230769232,1,0,0.9388776746063787
2025-11-02,BURAIDAH,GREEN,LOW_OBSERVED_RISK,0.010003523342875293,0.0,0,0,1.006828446112888
2025-11-02,DAMMAM,GREEN,LOW_OBSERVED_RISK,0.007644450414816913,0.0,0,0,0.9721497518831552
2025-11-02,HAIL,GREEN,LOW_OBSERVED_RISK,0.05166886296952508,0.0,0,0,0.9851755489982479
2025-11-02,JEDDAH,GREEN,LOW_OBSERVED_RISK,0.006915851563499127,0.0,0,0,0.97112271928744
2025-11-02,KHOBAR,GREEN,LOW_OBSERVED_RISK,0.0073535239921573336,0.0,0,0,0.9921322246521042
2025-11-02,MADINA,GREEN,LOW_OBSERVED_RISK,0.013671994866940007,0.0,0,0,0.9785211472618546
2025-11-02,MAKKAH,GREEN,LOW_OBSERVED_RISK,0.01142944097124574,0.0,0,0,0.9808521742397618
2025-11-02,OTHER,GREEN,LOW_OBSERVED_RISK,0.02903883146222319,0.0,0,0,0.9628007702104815
2025-11-02,RIYADH,GREEN,LOW_OBSERVED_RISK,0.007826354094994463,0.0,0,0,0.9845594108148805
2025-11-02,TABOUK,GREEN,LOW_OBSERVED_RISK,0.05167124385755664,0.0,0,0,0.953347454192655
2025-11-09,ABHA,AMBER,MODEL_EARLY_WARNING,0.22622498098050495,0.019230769230769232,4,0,0.8428974600188147
2025-11-09,BURAIDAH,GREEN,LOW_OBSERVED_RISK,0.022534514044835047,0.0,2,0,0.9420975483230541
2025-11-09,DAMMAM,GREEN,LOW_OBSERVED_RISK,0.01287830408021562,0.0,3,0,0.9226782993057845
2025-11-09,HAIL,AMBER,MODEL_EARLY_WARNING,0.4969856705570544,0.0,3,0,0.8826538567027544
2025-11-09,JEDDAH,GREEN,LOW_OBSERVED_RISK,0.012182672049707811,0.0,4,0,0.946632639296107
2025-11-09,KHOBAR,GREEN,LOW_OBSERVED_RISK,0.010998333757067375,0.0,2,0,0.9584402114443158
2025-11-09,MADINA,GREEN,LOW_OBSERVED_RISK,0.03679940413308835,0.0,3,0,0.9597149131277051
2025-11-09,MAKKAH,GREEN,LOW_OBSERVED_RISK,0.031246383459373514,0.0,3,0,0.9336003672466403
2025-11-09,OTHER,GREEN,LOW_OBSERVED_RISK,0.11378412870856151,0.0,3,0,0.8929282444444459
2025-11-09,RIYADH,GREEN,LOW_OBSERVED_RISK,0.012402348922410997,0.0,3,0,0.9219220176111425
2025-11-09,TABOUK,AMBER,MODEL_EARLY_WARNING,0.4255865235605742,0.0,3,0,0.8444917676160401
2025-11-16,ABHA,GREEN,LOW_OBSERVED_RISK,0.07893473879273048,0.0,7,0,0.9991656512800169
2025-11-16,BURAIDAH,GREEN,LOW_OBSERVED_RISK,0.010147427880737551,0.0,6,0,1.131794035152577
2025-11-16,DAMMAM,GREEN,LOW_OBSERVED_RISK,0.009842014625524947,0.0,6,0,1.039875933381748
2025-11-16,HAIL,GREEN,LOW_OBSERVED_RISK,0.07195965593714392,0.0,6,0,1.1512409153397103
2025-11-16,JEDDAH,GREEN,LOW_OBSERVED_RISK,0.00852039317579749,0.0,6,0,1.1013308665552637
2025-11-16,KHOBAR,GREEN,LOW_OBSERVED_RISK,0.008252205502614006,0.0,6,0,1.1041561565980988
2025-11-16,MADINA,GREEN,LOW_OBSERVED_RISK,0.0129081583238166,0.0,5,0,1.1895036839667095
2025-11-16,MAKKAH,GREEN,LOW_OBSERVED_RISK,0.011485515092674724,0.0,6,0,1.1054979446212838
2025-11-16,OTHER,GREEN,LOW_OBSERVED_RISK,0.03895706837279605,0.0,6,0,1.1400065408185969
2025-11-16,RIYADH,GREEN,LOW_OBSERVED_RISK,0.01121782347297214,0.0,7,0,1.0426390325170074
2025-11-16,TABOUK,GREEN,LOW_OBSERVED_RISK,0.10547028665462893,0.0,6,0,1.04446702955646
2025-11-23,ABHA,GREEN,LOW_OBSERVED_RISK,0.05218062504488139,0.0,4,0,1.0885219269993291
2025-11-23,BURAIDAH,GREEN,LOW_OBSERVED_RISK,0.006477244843887659,0.0,0,0,1.0563458297830672
2025-11-23,DAMMAM,GREEN,LOW_OBSERVED_RISK,0.006913129022848214,0.0,0,0,1.0711522068004995
2025-11-23,HAIL,GREEN,LOW_OBSERVED_RISK,0.01816006299930066,0.0,0,0,1.1052078588701937
2025-11-23,JEDDAH,GREEN,LOW_OBSERVED_RISK,0.005850036941713152,0.0,0,0,1.0390703941178894
2025-11-23,KHOBAR,GREEN,LOW_OBSERVED_RISK,0.007261022833234686,0.0,0,0,1.0117617329463586
2025-11-23,MADINA,GREEN,LOW_OBSERVED_RISK,0.013545822365732546,0.0,0,0,1.041502980733803
2025-11-23,MAKKAH,GREEN,LOW_OBSERVED_RISK,0.005926763841838967,0.0,0,0,1.0492688961302077
2025-11-23,OTHER,GREEN,LOW_OBSERVED_RISK,0.011497429177889767,0.0,0,0,1.1257438091123497
2025-11-23,RIYADH,GREEN,LOW_OBSERVED_RISK,0.009756561153116803,0.0,1,0,1.0220416632819707
2025-11-23,TABOUK,GREEN,LOW_OBSERVED_RISK,0.05143420537494458,0.0,2,0,1.1245592372162518
2025-11-30,ABHA,GREEN,LOW_OBSERVED_RISK,0.020506286954494475,0.0,1,0,0.9768905061197486
2025-11-30,BURAIDAH,GREEN,LOW_OBSERVED_RISK,0.01092750367238673,0.0,0,0,0.9514472455648926
2025-11-30,DAMMAM,GREEN,LOW_OBSERVED_RISK,0.008239918386287256,0.0,0,0,0.968593559646816
2025-11-30,HAIL,GREEN,LOW_OBSERVED_RISK,0.03205427641606098,0.0,0,0,0.9294526734402864
2025-11-30,JEDDAH,GREEN,LOW_OBSERVED_RISK,0.008860596766090039,0.0,0,0,0.9582337384970495
2025-11-30,KHOBAR,GREEN,LOW_OBSERVED_RISK,0.01079857530621328,0.0,1,0,0.9647945692805998
2025-11-30,MADINA,GREEN,LOW_OBSERVED_RISK,0.018476018979925506,0.0,0,0,0.9737600469283654
2025-11-30,MAKKAH,GREEN,LOW_OBSERVED_RISK,0.010914160312299831,0.0,0,0,1.0039340603458018
2025-11-30,OTHER,GREEN,LOW_OBSERVED_RISK,0.021272717144006015,0.0,0,0,0.9623722841139417
2025-11-30,RIYADH,GREEN,LOW_OBSERVED_RISK,0.01740829299353093,0.0,1,0,0.969881493650885
2025-11-30,TABOUK,GREEN,LOW_OBSERVED_RISK,0.028085389201654515,0.0,0,0,0.9375498584411318
2025-12-07,ABHA,GREEN,LOW_OBSERVED_RISK,0.061767641354217785,0.0,1,0,0.8918145695364238
2025-12-07,BURAIDAH,GREEN,LOW_OBSERVED_RISK,0.043126127040482055,0.0,3,0,0.9254069027218609
2025-12-07,DAMMAM,GREEN,LOW_OBSERVED_RISK,0.021700434114871128,0.0,2,0,0.9029575482183938
2025-12-07,HAIL,AMBER,MODEL_EARLY_WARNING,0.27960010382719275,0.0,3,0,0.8254637538923825
2025-12-07,JEDDAH,GREEN,LOW_OBSERVED_RISK,0.024079003173818402,0.0,2,0,0.9293295397635426
2025-12-07,KHOBAR,GREEN,LOW_OBSERVED_RISK,0.02491086267321373,0.0,2,0,0.8981957199416648
2025-12-07,MADINA,GREEN,LOW_OBSERVED_RISK,0.0802892461032069,0.0,3,0,0.9070795343490259
2025-12-07,MAKKAH,GREEN,LOW_OBSERVED_RISK,0.03424938784850227,0.0,1,0,0.937394969863991
2025-12-07,OTHER,GREEN,LOW_OBSERVED_RISK,0.07733931924403953,0.0,2,0,0.8614840245749572
2025-12-07,RIYADH,GREEN,LOW_OBSERVED_RISK,0.03234822751601809,0.0,2,0,0.9267463556940018
2025-12-07,TABOUK,AMBER,MODEL_EARLY_WARNING,0.20112542437377492,0.0,3,0,0.8488330425716358
2025-12-14,ABHA,GREEN,LOW_OBSERVED_RISK,0.11385887663354251,0.0,5,0,0.9140231071584548
2025-12-14,BURAIDAH,GREEN,LOW_OBSERVED_RISK,0.03526274746717067,0.0,6,0,0.9038171683452663
2025-12-14,DAMMAM,GREEN,LOW_OBSERVED_RISK,0.03655668799657268,0.0,6,0,0.9837929634141839
2025-12-14,HAIL,AMBER,MODEL_EARLY_WARNING,0.41927759410775084,0.0,7,0,0.8591443660409178
2025-12-14,JEDDAH,GREEN,LOW_OBSERVED_RISK,0.017207596546932744,0.0,5,0,0.9563628965699249
2025-12-14,KHOBAR,GREEN,LOW_OBSERVED_RISK,0.0218981446871447,0.0,7,0,0.9649878585417002
2025-12-14,MADINA,GREEN,LOW_OBSERVED_RISK,0.051670296746707166,0.0,6,0,0.971870431397606
2025-12-14,MAKKAH,GREEN,LOW_OBSERVED_RISK,0.02528624289954456,0.0,6,0,1.0246449536236033
2025-12-14,OTHER,GREEN,LOW_OBSERVED_RISK,0.10940229507638544,0.0,6,0,0.8830432492161964
2025-12-14,RIYADH,GREEN,LOW_OBSERVED_RISK,0.034717857435914976,0.0,6,0,0.9754147945219305
2025-12-14,TABOUK,AMBER,MODEL_EARLY_WARNING,0.3155701542398377,0.0,6,0,0.8595049799873355
2025-12-21,ABHA,GREEN,LOW_OBSERVED_RISK,0.05049168704823203,0.0,6,0,1.3033121383422697
2025-12-21,BURAIDAH,GREEN,LOW_OBSERVED_RISK,0.019834455361655606,0.0,6,0,1.2533780715285676
2025-12-21,DAMMAM,GREEN,LOW_OBSERVED_RISK,0.013324159327081508,0.0,3,0,1.263817120217662
2025-12-21,HAIL,GREEN,LOW_OBSERVED_RISK,0.09593371814273945,0.0,7,0,1.414595934793805
2025-12-21,JEDDAH,GREEN,LOW_OBSERVED_RISK,0.012137977776370606,0.0,2,0,1.2435302819419145
2025-12-21,KHOBAR,GREEN,LOW_OBSERVED_RISK,0.012998483961304874,0.0,3,0,1.2114311773988344
2025-12-21,MADINA,GREEN,LOW_OBSERVED_RISK,0.022092731045606964,0.0,4,0,1.3041698104582233
2025-12-21,MAKKAH,GREEN,LOW_OBSERVED_RISK,0.01604256919100608,0.0,2,0,1.3204481518457065
2025-12-21,OTHER,GREEN,LOW_OBSERVED_RISK,0.0387726718478096,0.0,7,0,1.3642931126714268
2025-12-21,RIYADH,GREEN,LOW_OBSERVED_RISK,0.018486633947713476,0.0,3,0,1.208458939997102
2025-12-21,TABOUK,GREEN,LOW_OBSERVED_RISK,0.10615501306601714,0.0,7,0,1.3879395784572768
2025-12-28,ABHA,GREEN,LOW_OBSERVED_RISK,0.02243752625109065,0.0,0,0,1.0056736775746462
2025-12-28,BURAIDAH,GREEN,LOW_OBSERVED_RISK,0.02039723880090707,0.0,0,0,1.0155332924183358
2025-12-28,DAMMAM,GREEN,LOW_OBSERVED_RISK,0.016387530534392045,0.0,0,0,1.0280537289389857
2025-12-28,HAIL,GREEN,LOW_OBSERVED_RISK,0.054709251408904425,0.0,0,0,1.0049870503564675
2025-12-28,JEDDAH,GREEN,LOW_OBSERVED_RISK,0.017231719985056616,0.0,0,0,1.077093378063938
2025-12-28,KHOBAR,GREEN,LOW_OBSERVED_RISK,0.01840917971124178,0.0,0,0,1.0109287812841738
2025-12-28,MADINA,GREEN,LOW_OBSERVED_RISK,0.044458319236332845,0.0,0,0,1.0234648061915326
2025-12-28,MAKKAH,GREEN,LOW_OBSERVED_RISK,0.044121463318307665,0.0,0,0,1.0397064768139723
2025-12-28,OTHER,GREEN,LOW_OBSERVED_RISK,0.043655578702259924,0.0,0,0,1.0023556540393475
2025-12-28,RIYADH,GREEN,LOW_OBSERVED_RISK,0.018984870914967724,0.0,1,0,1.0051702105768465
2025-12-28,TABOUK,GREEN,LOW_OBSERVED_RISK,0.047644420207815986,0.0,0,0,0.9623386496523231
2026-01-04,ABHA,GREEN,LOW_OBSERVED_RISK,0.10918233395704004,0.0,1,0,0.9188537843636829
2026-01-04,BURAIDAH,GREEN,LOW_OBSERVED_RISK,0.07399434326868515,0.0,0,0,0.9772114072794943
2026-01-04,DAMMAM,GREEN,LOW_OBSERVED_RISK,0.08396747042956042,0.0,0,0,0.9593135667403078
2026-01-04,HAIL,AMBER,MODEL_EARLY_WARNING,0.27323455501092714,0.0,0,0,0.9650568222897764
2026-01-04,JEDDAH,GREEN,LOW_OBSERVED_RISK,0.05340750385529167,0.0,0,0,1.045729981576566
2026-01-04,KHOBAR,GREEN,LOW_OBSERVED_RISK,0.055446726444505934,0.0,0,0,0.9870790933108089
2026-01-04,MADINA,AMBER,MODEL_EARLY_WARNING,0.1721978257709098,0.0,0,0,1.023503744461954
2026-01-04,MAKKAH,GREEN,LOW_OBSERVED_RISK,0.15122901211145764,0.0,0,0,0.9950432366085653
2026-01-04,OTHER,GREEN,LOW_OBSERVED_RISK,0.14023587028618964,0.0,0,0,0.9867839872003161
2026-01-04,RIYADH,GREEN,LOW_OBSERVED_RISK,0.06759175803562809,0.0,0,0,0.9720957242940319
2026-01-04,TABOUK,AMBER,MODEL_EARLY_WARNING,0.27918970306380364,0.0,2,0,0.8985053312929068
2026-01-11,ABHA,AMBER,MODEL_EARLY_WARNING,0.6079577051272808,0.0,7,0,0.8535667379217776
2026-01-11,BURAIDAH,GREEN,LOW_OBSERVED_RISK,0.14598051932269923,0.0,4,0,0.876158507272463
2026-01-11,DAMMAM,AMBER,MODEL_EARLY_WARNING,0.18232410084750791,0.0,3,0,0.8922608916090248
2026-01-11,HAIL,AMBER,MODEL_EARLY_WARNING,0.5929676607340374,0.0,3,1,0.7789244472491959
2026-01-11,JEDDAH,GREEN,LOW_OBSERVED_RISK,0.10127134240146919,0.0,1,0,0.8692725597031841
2026-01-11,KHOBAR,GREEN,LOW_OBSERVED_RISK,0.08064588532127481,0.0,3,0,0.8995447245598652
2026-01-11,MADINA,AMBER,MODEL_EARLY_WARNING,0.2703545298085664,0.0,1,0,0.8325063058343686
2026-01-11,MAKKAH,AMBER,MODEL_EARLY_WARNING,0.27526898460777643,0.0,2,0,0.8459839004365076
2026-01-11,OTHER,AMBER,MODEL_EARLY_WARNING,0.38911296195025513,0.0,3,0,0.8118338232139926
2026-01-11,RIYADH,GREEN,LOW_OBSERVED_RISK,0.11790054659538517,0.0,4,0,0.8989833779810704
2026-01-11,TABOUK,AMBER,MODEL_EARLY_WARNING,0.8106180450578516,0.0,6,0,0.8085858685178265
2026-01-18,ABHA,GREEN,LOW_OBSERVED_RISK,0.07709673150239253,0.0,6,0,1.1797794408902555
2026-01-18,BURAIDAH,GREEN,LOW_OBSERVED_RISK,0.042306384562159044,0.0,6,0,1.1521442975043374
2026-01-18,DAMMAM,GREEN,LOW_OBSERVED_RISK,0.026696183753987485,0.0,6,0,1.0979619335656663
2026-01-18,HAIL,AMBER,HIGH_PRECURSOR_FALLBACK,0.14999072006033523,0.0,7,0,1.14921337910672
2026-01-18,JEDDAH,GREEN,LOW_OBSERVED_RISK,0.02821262416289437,0.0,6,0,1.078795556530782
2026-01-18,KHOBAR,GREEN,LOW_OBSERVED_RISK,0.02171651153741368,0.0,6,0,1.0662408877708616
2026-01-18,MADINA,GREEN,LOW_OBSERVED_RISK,0.05308968041627072,0.0,7,0,1.0532789704427221
2026-01-18,MAKKAH,GREEN,LOW_OBSERVED_RISK,0.04508481313840773,0.0,7,0,1.0143519417287248
2026-01-18,OTHER,GREEN,LOW_OBSERVED_RISK,0.07000203115268193,0.0,6,0,1.1376171047010253
2026-01-18,RIYADH,GREEN,LOW_OBSERVED_RISK,0.028576258611862197,0.0,6,0,1.107150338862329
2026-01-18,TABOUK,GREEN,LOW_OBSERVED_RISK,0.13392528862874165,0.0,6,0,1.2218087430443103
2026-01-25,ABHA,GREEN,LOW_OBSERVED_RISK,0.0182991474402332,0.0,0,0,1.1922454039165984
2026-01-25,BURAIDAH,GREEN,LOW_OBSERVED_RISK,0.01714767397347489,0.0,0,0,1.1188738775180003
2026-01-25,DAMMAM,GREEN,LOW_OBSERVED_RISK,0.013654575443450325,0.0,0,0,1.1009601496181443
2026-01-25,HAIL,GREEN,LOW_OBSERVED_RISK,0.033166651459816274,0.0,1,0,1.2013647551418791
2026-01-25,JEDDAH,GREEN,LOW_OBSERVED_RISK,0.020459216075838855,0.0,0,0,1.1106432655879366
2026-01-25,KHOBAR,GREEN,LOW_OBSERVED_RISK,0.019042348522109124,0.0,0,0,1.0650138571954817
2026-01-25,MADINA,GREEN,LOW_OBSERVED_RISK,0.030914043350818696,0.0,1,0,1.083973699767685
2026-01-25,MAKKAH,GREEN,LOW_OBSERVED_RISK,0.031864807118087826,0.0,2,0,1.0944770374179735
2026-01-25,OTHER,GREEN,LOW_OBSERVED_RISK,0.023520046452568957,0.0,1,0,1.1748561323530107
2026-01-25,RIYADH,GREEN,LOW_OBSERVED_RISK,0.013596251966483225,0.0,0,0,1.1298766540415612
2026-01-25,TABOUK,GREEN,LOW_OBSERVED_RISK,0.028132927400649904,0.0,0,0,1.184204997235997
2026-02-01,ABHA,GREEN,LOW_OBSERVED_RISK,0.0644325720259011,0.0,0,0,1.04666288044133
2026-02-01,BURAIDAH,GREEN,LOW_OBSERVED_RISK,0.05497148959222569,0.0,0,0,1.0375110708692448
2026-02-01,DAMMAM,GREEN,LOW_OBSERVED_RISK,0.057900019001044946,0.0,1,0,1.0406379474129142
2026-02-01,HAIL,GREEN,LOW_OBSERVED_RISK,0.07462946581302729,0.0,0,0,1.0303363350459758
2026-02-01,JEDDAH,GREEN,LOW_OBSERVED_RISK,0.06714712068514697,0.0,1,0,1.0374991629295884
2026-02-01,KHOBAR,GREEN,LOW_OBSERVED_RISK,0.04989273027873403,0.0,1,0,1.0197575825443852
2026-02-01,MADINA,GREEN,LOW_OBSERVED_RISK,0.06575067938000433,0.0,1,0,1.0145332813708858
2026-02-01,MAKKAH,GREEN,LOW_OBSERVED_RISK,0.07331946020666015,0.0,1,0,1.0442045987051833
2026-02-01,OTHER,GREEN,LOW_OBSERVED_RISK,0.06206423893048096,0.0,0,0,1.0510362063850143
2026-02-01,RIYADH,GREEN,LOW_OBSERVED_RISK,0.04104414337603982,0.0,0,0,1.0556460931852338
2026-02-01,TABOUK,GREEN,LOW_OBSERVED_RISK,0.07844958076042914,0.0,0,0,1.0187997107736804
2026-02-08,ABHA,AMBER,MODEL_EARLY_WARNING,0.4128193877546063,0.0,1,0,0.893786206512697
2026-02-08,BURAIDAH,AMBER,MODEL_EARLY_WARNING,0.296137862583359,0.0,1,0,0.9322028822908203
2026-02-08,DAMMAM,AMBER,MODEL_EARLY_WARNING,0.268777375728737,0.0,1,0,0.9223081363212675
2026-02-08,HAIL,AMBER,MODEL_EARLY_WARNING,0.5272552099604454,0.0,1,0,0.9133861922585165
2026-02-08,JEDDAH,AMBER,MODEL_EARLY_WARNING,0.2914771634570555,0.0,1,0,0.9126840232334896
2026-02-08,KHOBAR,AMBER,MODEL_EARLY_WARNING,0.22143604899809746,0.0,2,0,0.8738304596801952
2026-02-08,MADINA,AMBER,MODEL_EARLY_WARNING,0.3184511648473996,0.0,2,0,0.946542929319969
2026-02-08,MAKKAH,AMBER,MODEL_EARLY_WARNING,0.2851944190002296,0.0,1,0,1.1717957706259774
2026-02-08,OTHER,AMBER,MODEL_EARLY_WARNING,0.4150193321335593,0.0,1,0,0.9205309850099919
2026-02-08,RIYADH,AMBER,MODEL_EARLY_WARNING,0.2011863337173061,0.0,0,0,0.9156680091011812
2026-02-08,TABOUK,AMBER,MODEL_EARLY_WARNING,0.5472767668202432,0.0,1,0,0.8866863505228993
2026-02-15,ABHA,GREEN,LOW_OBSERVED_RISK,0.12659887446476717,0.0,6,0,0.899959572794696
2026-02-15,BURAIDAH,GREEN,LOW_OBSERVED_RISK,0.06299572397253987,0.0,6,0,0.9626736923060933
2026-02-15,DAMMAM,GREEN,LOW_OBSERVED_RISK,0.0582374145537994,0.0,7,0,0.9249949150801605
2026-02-15,HAIL,AMBER,MODEL_EARLY_WARNING,0.1737036623585517,0.0,6,0,0.9194389796302227
2026-02-15,JEDDAH,GREEN,LOW_OBSERVED_RISK,0.07856873128892237,0.0,7,0,0.9492263044561715
2026-02-15,KHOBAR,GREEN,LOW_OBSERVED_RISK,0.0999882216304166,0.0,7,0,0.9193820556367897
2026-02-15,MADINA,GREEN,LOW_OBSERVED_RISK,0.04622502269982149,0.0,6,0,0.9906921748543739
2026-02-15,MAKKAH,GREEN,LOW_OBSERVED_RISK,0.04566269522023245,0.0,0,0,1.278456019559157
2026-02-15,OTHER,GREEN,LOW_OBSERVED_RISK,0.11219175144708544,0.0,6,0,0.925706400794507
2026-02-15,RIYADH,GREEN,LOW_OBSERVED_RISK,0.0538407607336532,0.0,7,0,0.9255774282367827
2026-02-15,TABOUK,AMBER,MODEL_EARLY_WARNING,0.17463405199078694,0.0,6,0,0.9296258153106762
2026-02-22,ABHA,GREEN,LOW_OBSERVED_RISK,0.04142834753836432,0.0,7,0,1.0797723599220714
2026-02-22,BURAIDAH,GREEN,LOW_OBSERVED_RISK,0.024403155961113226,0.0,4,0,1.103585582940792
2026-02-22,DAMMAM,GREEN,LOW_OBSERVED_RISK,0.031050728289889515,0.0,7,0,1.030949501839142
2026-02-22,HAIL,GREEN,LOW_OBSERVED_RISK,0.04547896508372535,0.0,7,0,1.072164643487264
2026-02-22,JEDDAH,GREEN,LOW_OBSERVED_RISK,0.026061761262115176,0.0,6,0,1.1405559547627941
2026-02-22,KHOBAR,GREEN,LOW_OBSERVED_RISK,0.035712541134961966,0.0,7,0,1.0316332080230406
2026-02-22,MADINA,GREEN,LOW_OBSERVED_RISK,0.02088067798200975,0.0,4,0,1.1184628163640309
2026-02-22,MAKKAH,GREEN,LOW_OBSERVED_RISK,0.03798450742409655,0.057692307692307696,0,0,1.163526677444747
2026-02-22,OTHER,GREEN,LOW_OBSERVED_RISK,0.034232711814210316,0.0,7,0,1.0726823440408724
2026-02-22,RIYADH,GREEN,LOW_OBSERVED_RISK,0.02894363665338638,0.0,6,0,1.0473305861426514
2026-02-22,TABOUK,GREEN,LOW_OBSERVED_RISK,0.04162365924923538,0.0,5,0,1.0958678193101015
2026-03-01,ABHA,GREEN,LOW_OBSERVED_RISK,0.05879520893634216,0.0,2,0,1.045801242467309
2026-03-01,BURAIDAH,GREEN,LOW_OBSERVED_RISK,0.03183762935998047,0.0,1,0,1.0913390692589247
2026-03-01,DAMMAM,GREEN,LOW_OBSERVED_RISK,0.04079782473682208,0.0,3,0,1.0275828518029826
2026-03-01,HAIL,GREEN,LOW_OBSERVED_RISK,0.06545782727268853,0.0,2,0,1.0283183663427236
2026-03-01,JEDDAH,GREEN,LOW_OBSERVED_RISK,0.02815430919960497,0.0,1,0,1.1622844522930036
2026-03-01,KHOBAR,GREEN,LOW_OBSERVED_RISK,0.06011996729784114,0.0,3,0,1.0383251547985155
2026-03-01,MADINA,GREEN,LOW_OBSERVED_RISK,0.024476366014311666,0.0,1,0,1.1847422791344007
2026-03-01,MAKKAH,GREEN,LOW_OBSERVED_RISK,0.05574055440324327,0.0,0,0,1.2965766880418625
2026-03-01,OTHER,GREEN,LOW_OBSERVED_RISK,0.03951142080261758,0.0,1,0,1.0344907484357746
2026-03-01,RIYADH,GREEN,LOW_OBSERVED_RISK,0.03372193288525055,0.0,2,0,1.0511584501475326
2026-03-01,TABOUK,GREEN,LOW_OBSERVED_RISK,0.04696861888514405,0.0,1,0,0.9856635069949027
2026-03-08,ABHA,AMBER,MODEL_EARLY_WARNING,0.23720358453973092,0.0,1,0,0.9424688249567583
2026-03-08,BURAIDAH,GREEN,LOW_OBSERVED_RISK,0.12220166829379031,0.0,0,0,0.9710298799799159
2026-03-08,DAMMAM,AMBER,MODEL_EARLY_WARNING,0.187829411299799,0.0,1,0,0.9434530504814181
2026-03-08,HAIL,AMBER,MODEL_EARLY_WARNING,0.2003670817025438,0.0,1,0,0.9672092464565037
2026-03-08,JEDDAH,GREEN,LOW_OBSERVED_RISK,0.09102837163651417,0.0,0,0,1.007376632038587
2026-03-08,KHOBAR,AMBER,MODEL_EARLY_WARNING,0.1836657625648476,0.0,1,0,1.0154391021022464
2026-03-08,MADINA,GREEN,LOW_OBSERVED_RISK,0.07432773068111757,0.0,0,0,1.086127857694844
2026-03-08,MAKKAH,AMBER,MODEL_EARLY_WARNING,0.37887741354290466,0.07692307692307693,0,0,1.016540317022743
2026-03-08,OTHER,GREEN,LOW_OBSERVED_RISK,0.13295565662299327,0.0,1,0,0.9999891998457621
2026-03-08,RIYADH,GREEN,LOW_OBSERVED_RISK,0.10398599124959718,0.0,1,0,0.9264157811475303
2026-03-08,TABOUK,AMBER,MODEL_EARLY_WARNING,0.306670863397135,0.0,1,0,0.851638679600815
2026-03-15,ABHA,AMBER,MODEL_EARLY_WARNING,0.5491387033557444,0.0,4,0,1.0062071822226055
2026-03-15,BURAIDAH,AMBER,MODEL_EARLY_WARNING,0.2919242980406846,0.0,2,0,0.8633892288052406
2026-03-15,DAMMAM,AMBER,MODEL_EARLY_WARNING,0.42925226466535404,0.0,3,0,0.8339508622263321
2026-03-15,HAIL,AMBER,MODEL_EARLY_WARNING,0.4552634576117351,0.0,2,0,0.9563313979530607
2026-03-15,JEDDAH,AMBER,MODEL_EARLY_WARNING,0.38758909653570384,0.0,1,0,0.8130116819040546
2026-03-15,KHOBAR,AMBER,MODEL_EARLY_WARNING,0.28580714242112076,0.0,0,0,0.9054824386766099
2026-03-15,MADINA,AMBER,MODEL_EARLY_WARNING,0.23743049974698002,0.0,0,0,0.8539126598836891
2026-03-15,MAKKAH,AMBER,MODEL_EARLY_WARNING,0.47711089406704055,0.0,0,1,0.5819260636733291
2026-03-15,OTHER,AMBER,MODEL_EARLY_WARNING,0.36276744900247787,0.0,1,0,0.9110314948855437
2026-03-15,RIYADH,AMBER,MODEL_EARLY_WARNING,0.42438746158590424,0.0,4,0,0.8214202856507097
2026-03-15,TABOUK,AMBER,MODEL_EARLY_WARNING,0.7805760402193366,0.0,7,0,0.8988843675622044
2026-03-22,ABHA,GREEN,LOW_OBSERVED_RISK,0.10848337087557203,0.0,1,0,1.0776704768516483
2026-03-22,BURAIDAH,GREEN,LOW_OBSERVED_RISK,0.11488322923822435,0.0,3,0,0.9436735540941931
2026-03-22,DAMMAM,AMBER,MODEL_EARLY_WARNING,0.2802819240165787,0.0,5,0,1.0989166102249106
2026-03-22,HAIL,GREEN,LOW_OBSERVED_RISK,0.14205245633765645,0.0,3,0,1.0342897337808694
2026-03-22,JEDDAH,AMBER,MODEL_EARLY_WARNING,0.3360127934774561,0.0,6,0,0.9141606703530141
2026-03-22,KHOBAR,GREEN,LOW_OBSERVED_RISK,0.13307043896371162,0.0,3,0,1.0990159125125858
2026-03-22,MADINA,AMBER,MODEL_EARLY_WARNING,0.1750263692838547,0.0,5,0,0.8568326590658331
2026-03-22,MAKKAH,RED,MODEL_CONSENSUS_AND_PRECURSORS,0.8742450358921122,0.019230769230769232,7,1,0.6785952033530527
2026-03-22,OTHER,GREEN,LOW_OBSERVED_RISK,0.1103723227247446,0.0,3,0,1.005253417923791
2026-03-22,RIYADH,AMBER,MODEL_EARLY_WARNING,0.3114796376784485,0.0,6,0,1.0177591196811084
2026-03-22,TABOUK,AMBER,MODEL_EARLY_WARNING,0.3465883489654149,0.0,4,0,1.118582482716531
2026-03-29,ABHA,GREEN,LOW_OBSERVED_RISK,0.07443256029422327,0.0,0,0,0.9731946549486151
2026-03-29,BURAIDAH,GREEN,LOW_OBSERVED_RISK,0.07455032150445923,0.0,2,0,0.880844710240691
2026-03-29,DAMMAM,GREEN,LOW_OBSERVED_RISK,0.06933898645270893,0.0,0,0,1.003599236507955
2026-03-29,HAIL,GREEN,LOW_OBSERVED_RISK,0.06948568235617886,0.0,0,0,0.8898024895380761
2026-03-29,JEDDAH,AMBER,MODEL_EARLY_WARNING,0.1815269078654963,0.0,4,0,0.8791266383229869
2026-03-29,KHOBAR,GREEN,LOW_OBSERVED_RISK,0.07360362065521607,0.0,0,0,0.9833701578658953
2026-03-29,MADINA,AMBER,MODEL_EARLY_WARNING,0.3093350929861459,0.0,6,1,0.7789799687086328
2026-03-29,MAKKAH,RED,MODEL_CONSENSUS_AND_PRECURSORS,0.8824592832038235,0.019230769230769232,7,1,0.6608823755905328
2026-03-29,OTHER,GREEN,LOW_OBSERVED_RISK,0.05234921919954034,0.0,1,0,0.9018619366532161
2026-03-29,RIYADH,GREEN,LOW_OBSERVED_RISK,0.0691059456407635,0.0,1,0,0.973817664881125
2026-03-29,TABOUK,GREEN,LOW_OBSERVED_RISK,0.07974064257771181,0.0,0,0,0.9719609014766973
2026-04-05,ABHA,GREEN,LOW_OBSERVED_RISK,0.14056551661550323,0.0,0,0,0.8934075944414216
2026-04-05,BURAIDAH,GREEN,LOW_OBSERVED_RISK,0.10729414921438313,0.0,3,0,0.8533317798076233
2026-04-05,DAMMAM,GREEN,LOW_OBSERVED_RISK,0.09189613929038011,0.0,0,0,0.9616513307721964
2026-04-05,HAIL,AMBER,MODEL_EARLY_WARNING,0.204598651050151,0.0,3,0,0.8030102401129944
2026-04-05,JEDDAH,GREEN,LOW_OBSERVED_RISK,0.14924906922176362,0.0,3,0,0.8625134043596943
2026-04-05,KHOBAR,GREEN,LOW_OBSERVED_RISK,0.09545144380102631,0.0,0,0,0.9386518332708118
2026-04-05,MADINA,AMBER,MODEL_EARLY_WARNING,0.49880157552970755,0.0,5,1,0.7441150665770457
2026-04-05,MAKKAH,RED,MODEL_CONSENSUS_AND_PRECURSORS,0.8484674796933646,0.07692307692307693,6,1,0.7644599744015261
2026-04-05,OTHER,GREEN,LOW_OBSERVED_RISK,0.11292243380253053,0.0,2,0,0.8432465238555534
2026-04-05,RIYADH,GREEN,LOW_OBSERVED_RISK,0.08545631353550949,0.0,0,0,0.9466297023808171
2026-04-05,TABOUK,AMBER,MODEL_EARLY_WARNING,0.16830991470899528,0.0,0,0,0.8846951330304996
2026-04-12,ABHA,AMBER,MODEL_EARLY_WARNING,0.1828559889853003,0.0,5,0,0.8639009257359531
2026-04-12,BURAIDAH,GREEN,LOW_OBSERVED_RISK,0.11681250707054158,0.0,6,0,0.8183833359731504
2026-04-12,DAMMAM,GREEN,LOW_OBSERVED_RISK,0.09190051248238307,0.0,2,0,0.9392487613076539
2026-04-12,HAIL,AMBER,MODEL_EARLY_WARNING,0.46220285263004524,0.0,7,1,0.7877647080668072
2026-04-12,JEDDAH,GREEN,LOW_OBSERVED_RISK,0.1140495120439294,0.0,5,0,0.9141328064608607
2026-04-12,KHOBAR,GREEN,LOW_OBSERVED_RISK,0.10283333207473004,0.0,2,0,0.947823403473136
2026-04-12,MADINA,AMBER,MODEL_EARLY_WARNING,0.3615790862944562,0.0,7,0,0.8209416072355658
2026-04-12,MAKKAH,AMBER,MODEL_EARLY_WARNING,0.37584643550993607,0.057692307692307696,5,0,1.181542645045727
2026-04-12,OTHER,GREEN,LOW_OBSERVED_RISK,0.14157935765301585,0.0,6,0,0.8465175248492733
2026-04-12,RIYADH,GREEN,LOW_OBSERVED_RISK,0.08944214833587105,0.0,2,0,0.9388879965024813
2026-04-12,TABOUK,AMBER,MODEL_EARLY_WARNING,0.2783693863478751,0.0,4,0,0.8410114421404948
2026-04-19,ABHA,GREEN,LOW_OBSERVED_RISK,0.08509860282308439,0.0,7,0,1.2927690695087897
2026-04-19,BURAIDAH,GREEN,LOW_OBSERVED_RISK,0.14220226494172755,0.0,7,0,1.2508970885327584
2026-04-19,DAMMAM,GREEN,LOW_OBSERVED_RISK,0.05925343744014464,0.0,6,0,1.1893061307517219
2026-04-19,HAIL,AMBER,MODEL_EARLY_WARNING,0.23257289584182939,0.0,7,0,1.4137824386378288
2026-04-19,JEDDAH,GREEN,LOW_OBSERVED_RISK,0.059129188539580706,0.0,6,0,1.2103823107977671
2026-04-19,KHOBAR,GREEN,LOW_OBSERVED_RISK,0.05941225891771732,0.0,4,0,1.183503428276774
2026-04-19,MADINA,AMBER,HIGH_PRECURSOR_FALLBACK,0.14908083133048244,0.0,7,0,1.237814316289166
2026-04-19,MAKKAH,GREEN,LOW_OBSERVED_RISK,0.06960449308334236,0.019230769230769232,0,0,1.4646783338831417
2026-04-19,OTHER,GREEN,LOW_OBSERVED_RISK,0.12175886237836908,0.0,7,0,1.3508003853297457
2026-04-19,RIYADH,GREEN,LOW_OBSERVED_RISK,0.05892318972131517,0.0,6,0,1.209196409481371
2026-04-19,TABOUK,GREEN,LOW_OBSERVED_RISK,0.12792983412680894,0.0,7,0,1.4011567462153907
2026-04-26,ABHA,GREEN,LOW_OBSERVED_RISK,0.059472110768552654,0.0,0,0,1.073489220492311
2026-04-26,BURAIDAH,GREEN,LOW_OBSERVED_RISK,0.05124525567927322,0.0,1,0,1.0714891464907654
2026-04-26,DAMMAM,GREEN,LOW_OBSERVED_RISK,0.05405341785652131,0.0,1,0,1.0689065450913524
2026-04-26,HAIL,GREEN,LOW_OBSERVED_RISK,0.07120906727196587,0.0,0,0,1.046949996153095
2026-04-26,JEDDAH,GREEN,LOW_OBSERVED_RISK,0.04882550072379966,0.0,1,0,1.0454232641682708
2026-04-26,KHOBAR,GREEN,LOW_OBSERVED_RISK,0.05275191173608403,0.0,1,0,1.062242180761098
2026-04-26,MADINA,GREEN,LOW_OBSERVED_RISK,0.06392412908434658,0.0,1,0,0.9949516621904805
2026-04-26,MAKKAH,GREEN,LOW_OBSERVED_RISK,0.08098188847116618,0.0,0,1,0.754070326907207
2026-04-26,OTHER,GREEN,LOW_OBSERVED_RISK,0.059171564525159086,0.0,0,0,1.0378789450385875
2026-04-26,RIYADH,GREEN,LOW_OBSERVED_RISK,0.05153953751625855,0.0,0,0,1.0773702847069129
2026-04-26,TABOUK,GREEN,LOW_OBSERVED_RISK,0.06858582977034845,0.0,0,0,1.0207654564903044
2026-05-03,ABHA,GREEN,LOW_OBSERVED_RISK,0.06661817424502875,0.0,0,0,1.0134698283997312
2026-05-03,BURAIDAH,GREEN,LOW_OBSERVED_RISK,0.052146065527408386,0.0,0,0,1.0244850286523697
2026-05-03,DAMMAM,GREEN,LOW_OBSERVED_RISK,0.05729074007259454,0.0,0,0,0.9949289599127029
2026-05-03,HAIL,GREEN,LOW_OBSERVED_RISK,0.08444150945250854,0.0,0,0,0.9853659902159992
2026-05-03,JEDDAH,GREEN,LOW_OBSERVED_RISK,0.04779010816634929,0.0,0,0,1.0009001452889503
2026-05-03,KHOBAR,GREEN,LOW_OBSERVED_RISK,0.0610347148799511,0.0,0,0,1.0009141817275395
2026-05-03,MADINA,GREEN,LOW_OBSERVED_RISK,0.09634102338552401,0.0,1,0,0.9835710871260724
2026-05-03,MAKKAH,AMBER,MODEL_EARLY_WARNING,0.5482535435678367,0.019230769230769232,5,0,0.8000688963149606
2026-05-03,OTHER,GREEN,LOW_OBSERVED_RISK,0.06237945677754,0.0,0,0,0.984703284803886
2026-05-03,RIYADH,GREEN,LOW_OBSERVED_RISK,0.05660982703466158,0.0,0,0,1.0120569446267704
2026-05-03,TABOUK,GREEN,LOW_OBSERVED_RISK,0.08582500821760601,0.0,0,0,1.0052107028686164
2026-05-10,ABHA,AMBER,MODEL_EARLY_WARNING,0.1612534588252724,0.0,2,0,1.0497933379826805
2026-05-10,BURAIDAH,GREEN,LOW_OBSERVED_RISK,0.08150691941890106,0.0,2,0,1.0680144775828113
2026-05-10,DAMMAM,GREEN,LOW_OBSERVED_RISK,0.07071499018322115,0.0,2,0,1.0329788364936565
2026-05-10,HAIL,AMBER,MODEL_EARLY_WARNING,0.3224683886522391,0.0,3,0,0.9859493943587783
2026-05-10,JEDDAH,GREEN,LOW_OBSERVED_RISK,0.05302890128414858,0.0,2,0,1.0120774325506627
2026-05-10,KHOBAR,GREEN,LOW_OBSERVED_RISK,0.08854387833857648,0.0,2,0,1.0397941334768568
2026-05-10,MADINA,GREEN,LOW_OBSERVED_RISK,0.10881380710235444,0.0,3,0,1.0837441720940695
2026-05-10,MAKKAH,AMBER,MODEL_EARLY_WARNING,0.746669711858487,0.019230769230769232,6,0,0.9146198707710115
2026-05-10,OTHER,GREEN,LOW_OBSERVED_RISK,0.13006187642563669,0.0,3,0,0.9796035792163351
2026-05-10,RIYADH,GREEN,LOW_OBSERVED_RISK,0.06438205827110983,0.0,2,0,1.0268993912184072
2026-05-10,TABOUK,AMBER,MODEL_EARLY_WARNING,0.2831497590312579,0.0,2,0,0.9589135212576171
2026-05-17,ABHA,GREEN,LOW_OBSERVED_RISK,0.05893348781910395,0.0,2,0,1.1060045420052553
2026-05-17,BURAIDAH,GREEN,LOW_OBSERVED_RISK,0.03617711524916797,0.0,2,0,1.0475447779005034
2026-05-17,DAMMAM,GREEN,LOW_OBSERVED_RISK,0.06437617049058962,0.0,3,0,0.8636765310111203
2026-05-17,HAIL,GREEN,LOW_OBSERVED_RISK,0.07840082984707979,0.0,4,0,1.1609534673142279
2026-05-17,JEDDAH,GREEN,LOW_OBSERVED_RISK,0.04390090144435784,0.0,4,0,0.8637500683660427
2026-05-17,KHOBAR,GREEN,LOW_OBSERVED_RISK,0.07118908228343453,0.0,4,0,0.9046314903850327
2026-05-17,MADINA,GREEN,LOW_OBSERVED_RISK,0.04513976413541209,0.0,3,0,1.171648792504125
2026-05-17,MAKKAH,AMBER,MODEL_EARLY_WARNING,0.2239414493324173,0.0,5,0,1.103245174865767
2026-05-17,OTHER,GREEN,LOW_OBSERVED_RISK,0.05512483107834274,0.0,5,0,1.1300429651269166
2026-05-17,RIYADH,GREEN,LOW_OBSERVED_RISK,0.05396215227760549,0.0,3,0,0.8685333480272385
2026-05-17,TABOUK,GREEN,LOW_OBSERVED_RISK,0.1355215327793792,0.0,5,0,1.0268146486861094
2026-05-24,ABHA,GREEN,LOW_OBSERVED_RISK,0.08441558915369822,0.0,0,0,0.9904830012015783
2026-05-24,BURAIDAH,GREEN,LOW_OBSERVED_RISK,0.047726203149286904,0.0,0,0,0.967776933011604
2026-05-24,DAMMAM,AMBER,MODEL_EARLY_WARNING,0.22714127456241517,0.0,7,0,0.949023631433797
2026-05-24,HAIL,GREEN,LOW_OBSERVED_RISK,0.05539445869496266,0.0,0,0,0.9487954550382722
2026-05-24,JEDDAH,AMBER,MODEL_EARLY_WARNING,0.1758504469050879,0.0,7,0,1.0111052803837794
2026-05-24,KHOBAR,AMBER,MODEL_EARLY_WARNING,0.1823725472888478,0.0,6,0,0.9316959515092059
2026-05-24,MADINA,GREEN,LOW_OBSERVED_RISK,0.05016880070502378,0.0,0,0,1.015937290877611
2026-05-24,MAKKAH,GREEN,LOW_OBSERVED_RISK,0.09542006223184263,0.0,1,0,1.0858702828716147
2026-05-24,OTHER,GREEN,LOW_OBSERVED_RISK,0.0492596416233213,0.0,0,0,0.9770555555853364
2026-05-24,RIYADH,AMBER,MODEL_EARLY_WARNING,0.18850571005644232,0.0,7,0,0.952373473618472
2026-05-24,TABOUK,GREEN,LOW_OBSERVED_RISK,0.1073024472290241,0.0,0,0,0.9558508392013593
2026-05-31,ABHA,GREEN,LOW_OBSERVED_RISK,0.07914481489728611,0.0,0,0,0.9083814380024821
2026-05-31,BURAIDAH,GREEN,LOW_OBSERVED_RISK,0.057475683266971854,0.0,3,0,0.9001385907685027
2026-05-31,DAMMAM,GREEN,LOW_OBSERVED_RISK,0.1044822197219855,0.0,6,0,0.9709940707386409
2026-05-31,HAIL,GREEN,LOW_OBSERVED_RISK,0.09873211612050203,0.0,2,0,0.8785979893325275
2026-05-31,JEDDAH,GREEN,LOW_OBSERVED_RISK,0.05341533376699256,0.0,1,0,0.990115201516693
2026-05-31,KHOBAR,GREEN,LOW_OBSERVED_RISK,0.10205882250145737,0.0,5,0,0.934700438967335
2026-05-31,MADINA,GREEN,LOW_OBSERVED_RISK,0.09948867011378516,0.0,1,0,0.8969357146174298
2026-05-31,MAKKAH,AMBER,MODEL_EARLY_WARNING,0.19076348063285628,0.0,1,0,0.8713126647537733
2026-05-31,OTHER,GREEN,LOW_OBSERVED_RISK,0.05739118534544609,0.0,0,0,0.9187221246777039
2026-05-31,RIYADH,GREEN,LOW_OBSERVED_RISK,0.08006193870172688,0.0,6,0,0.9644467248183031
2026-05-31,TABOUK,GREEN,LOW_OBSERVED_RISK,0.09878924971923114,0.0,2,0,0.9453124691206755
2026-06-07,ABHA,AMBER,MODEL_EARLY_WARNING,0.17629791934319014,0.0,4,0,0.8588715421114573
2026-06-07,BURAIDAH,GREEN,LOW_OBSERVED_RISK,0.09269594780769985,0.0,6,0,0.8755744137147714
2026-06-07,DAMMAM,GREEN,LOW_OBSERVED_RISK,0.056231018011620004,0.0,2,0,0.9211244725638367
2026-06-07,HAIL,AMBER,MODEL_EARLY_WARNING,0.5629711506300445,0.0,6,1,0.7838959419284294
2026-06-07,JEDDAH,GREEN,LOW_OBSERVED_RISK,0.04288126621534114,0.0,0,0,0.9235595846445516
2026-06-07,KHOBAR,GREEN,LOW_OBSERVED_RISK,0.07214247221035047,0.0,4,0,0.904447200209707
2026-06-07,MADINA,AMBER,MODEL_EARLY_WARNING,0.3492407443673788,0.0,6,0,0.804506678906763
2026-06-07,MAKKAH,AMBER,MODEL_EARLY_WARNING,0.5200360730529249,0.019230769230769232,6,0,0.8289397503965594
2026-06-07,OTHER,GREEN,LOW_OBSERVED_RISK,0.1351351850416258,0.0,4,0,0.8285938971257978
2026-06-07,RIYADH,GREEN,LOW_OBSERVED_RISK,0.05635134006778097,0.0,3,0,0.950793681879532
2026-06-07,TABOUK,GREEN,LOW_OBSERVED_RISK,0.1512597146801962,0.0,3,0,0.8555227852356022
2026-06-14,ABHA,GREEN,LOW_OBSERVED_RISK,0.12642071218044412,0.0,6,0,0.9611074225010303
2026-06-14,BURAIDAH,GREEN,LOW_OBSERVED_RISK,0.09157794346350162,0.0,6,0,0.9306080068825371
2026-06-14,DAMMAM,GREEN,LOW_OBSERVED_RISK,0.051243230494115,0.0,2,0,0.9614255972657276
2026-06-14,HAIL,AMBER,MODEL_EARLY_WARNING,0.4945537764951875,0.0,7,0,0.8935652745067193
2026-06-14,JEDDAH,GREEN,LOW_OBSERVED_RISK,0.050683754659852455,0.0,2,0,0.9815096323286664
2026-06-14,KHOBAR,GREEN,LOW_OBSERVED_RISK,0.04815796100944747,0.0,5,0,0.9759956009559461
2026-06-14,MADINA,AMBER,MODEL_EARLY_WARNING,0.2676593914694501,0.0,7,0,0.8762600699659587
2026-06-14,MAKKAH,GREEN,LOW_OBSERVED_RISK,0.12685366752667085,0.019230769230769232,6,0,0.9132309069788085
2026-06-14,OTHER,AMBER,MODEL_EARLY_WARNING,0.23271232730586297,0.0,6,0,0.867164558018158
2026-06-14,RIYADH,GREEN,LOW_OBSERVED_RISK,0.044857561727410955,0.0,0,0,0.9921160785753431
2026-06-14,TABOUK,AMBER,MODEL_EARLY_WARNING,0.18561455862493279,0.0,6,0,0.8948935346655741
2026-06-21,ABHA,GREEN,LOW_OBSERVED_RISK,0.025443349159558464,0.0,2,0,1.494205257040009
2026-06-21,BURAIDAH,GREEN,LOW_OBSERVED_RISK,0.03718443670369653,0.0,3,0,1.2994749985987508
2026-06-21,DAMMAM,GREEN,LOW_OBSERVED_RISK,0.041708339011424955,0.0,5,0,1.2154070167225899
2026-06-21,HAIL,GREEN,LOW_OBSERVED_RISK,0.08467914436218155,0.0,5,0,1.4719934299278374
2026-06-21,JEDDAH,GREEN,LOW_OBSERVED_RISK,0.03251538836706543,0.0,3,0,1.2864706463393414
2026-06-21,KHOBAR,GREEN,LOW_OBSERVED_RISK,0.037598513513851725,0.0,2,0,1.1818162312357012
2026-06-21,MADINA,GREEN,LOW_OBSERVED_RISK,0.07590510585611623,0.0,7,0,1.3584149547050486
2026-06-21,MAKKAH,GREEN,LOW_OBSERVED_RISK,0.05658534236699384,0.0,3,0,1.3764424265222266
2026-06-21,OTHER,GREEN,LOW_OBSERVED_RISK,0.07519516713578839,0.0,7,0,1.409784668960302
2026-06-21,RIYADH,GREEN,LOW_OBSERVED_RISK,0.03303083120852892,0.0,1,0,1.2110120422197557
2026-06-21,TABOUK,GREEN,LOW_OBSERVED_RISK,0.07748134595466301,0.0,7,0,1.4038293892774913
2026-06-28,ABHA,GREEN,LOW_OBSERVED_RISK,0.12297630571183742,0.0,0,0,1.2399723243477907
2026-06-28,BURAIDAH,GREEN,LOW_OBSERVED_RISK,0.06549043673663453,0.0,0,0,1.0253844572959046
2026-06-28,DAMMAM,GREEN,LOW_OBSERVED_RISK,0.048545637075156724,0.0,1,0,0.9932034004248699
2026-06-28,HAIL,GREEN,LOW_OBSERVED_RISK,0.1116055064468014,0.0,0,0,1.0484595517018724
2026-06-28,JEDDAH,GREEN,LOW_OBSERVED_RISK,0.04948494772425047,0.0,0,0,1.0520156383910895
2026-06-28,KHOBAR,GREEN,LOW_OBSERVED_RISK,0.058973166662350716,0.0,1,0,0.976354245947657
2026-06-28,MADINA,GREEN,LOW_OBSERVED_RISK,0.07896865979050434,0.0,0,0,1.0976899301647118
2026-06-28,MAKKAH,GREEN,LOW_OBSERVED_RISK,0.1459108065185297,0.0,0,0,1.1417558481747245
2026-06-28,OTHER,GREEN,LOW_OBSERVED_RISK,0.08862159404471724,0.0,0,0,1.0575322435710381
2026-06-28,RIYADH,GREEN,LOW_OBSERVED_RISK,0.0458963450657723,0.0,1,0,0.9912793363668786
2026-06-28,TABOUK,GREEN,LOW_OBSERVED_RISK,0.10814550725281129,0.0,0,0,0.958943805474361
2026-07-05,ABHA,GREEN,LOW_OBSERVED_RISK,0.10648090408878903,0.019230769230769232,0,0,1.0849109503417493
2026-07-05,BURAIDAH,GREEN,LOW_OBSERVED_RISK,0.13085048384051204,0.0,0,0,0.9220139998181842
2026-07-05,DAMMAM,GREEN,LOW_OBSERVED_RISK,0.10192470319796466,0.0,1,0,0.9028105927173696
2026-07-05,HAIL,AMBER,MODEL_EARLY_WARNING,0.20786286045823157,0.0,0,0,0.9068951106460168
2026-07-05,JEDDAH,GREEN,LOW_OBSERVED_RISK,0.07065290627406069,0.0,0,0,0.9508690182731196
2026-07-05,KHOBAR,GREEN,LOW_OBSERVED_RISK,0.08397939499544499,0.0,1,0,0.9166356213715812
2026-07-05,MADINA,GREEN,LOW_OBSERVED_RISK,0.12868159580209795,0.0,0,0,0.9794502345492786
2026-07-05,MAKKAH,AMBER,MODEL_EARLY_WARNING,0.2967824222922243,0.0,0,0,0.9892502232150052
2026-07-05,OTHER,GREEN,LOW_OBSERVED_RISK,0.12529672678557968,0.0,0,0,0.9287442107936201
2026-07-05,RIYADH,GREEN,LOW_OBSERVED_RISK,0.07605103366263356,0.0,1,0,0.909948534373875
2026-07-05,TABOUK,AMBER,MODEL_EARLY_WARNING,0.2928078537258492,0.0,2,0,0.8252878414441195
2026-07-12,ABHA,AMBER,MODEL_EARLY_WARNING,0.17006510141559242,0.019230769230769232,1,0,1.0072555245272432
2026-07-12,BURAIDAH,GREEN,LOW_OBSERVED_RISK,0.1216247079555245,0.0,5,0,0.8709772913511495
2026-07-12,DAMMAM,GREEN,LOW_OBSERVED_RISK,0.12598599986253606,0.0,6,0,0.8515767092569753
2026-07-12,HAIL,AMBER,MODEL_EARLY_WARNING,0.541324416716518,0.0,5,0,0.8149405105518338
2026-07-12,JEDDAH,GREEN,LOW_OBSERVED_RISK,0.0718409145119601,0.0,4,0,0.8770587102632958
2026-07-12,KHOBAR,GREEN,LOW_OBSERVED_RISK,0.08515958106604972,0.0,6,0,0.8628654718497564
2026-07-12,MADINA,AMBER,MODEL_EARLY_WARNING,0.17197835152431448,0.0,3,0,0.8759226486240597
2026-07-12,MAKKAH,AMBER,MODEL_EARLY_WARNING,0.3290489734093368,0.0,4,0,0.8793211858127021
2026-07-12,OTHER,AMBER,MODEL_EARLY_WARNING,0.284055830459883,0.0,4,0,0.84865715704133
2026-07-12,RIYADH,GREEN,LOW_OBSERVED_RISK,0.059532966469896725,0.0,6,0,0.8715296909078414
2026-07-12,TABOUK,AMBER,MODEL_EARLY_WARNING,0.735357314046878,0.0,7,1,0.7446564336508241
2026-07-19,ABHA,GREEN,LOW_OBSERVED_RISK,0.05741500585319664,0.038461538461538464,3,0,1.2977573676153884
2026-07-19,BURAIDAH,GREEN,LOW_OBSERVED_RISK,0.031032688011166376,0.0,6,0,1.1245480699536967
2026-07-19,DAMMAM,GREEN,LOW_OBSERVED_RISK,0.05406846573089074,0.0,7,0,1.0885215116662768
2026-07-19,HAIL,GREEN,LOW_OBSERVED_RISK,0.08352615095457729,0.0,6,0,1.2641306537198733
2026-07-19,JEDDAH,GREEN,LOW_OBSERVED_RISK,0.033468830515810684,0.0,6,0,1.1075493562590972
2026-07-19,KHOBAR,GREEN,LOW_OBSERVED_RISK,0.03935571113459794,0.0,7,0,1.085338691586798
2026-07-19,MADINA,GREEN,LOW_OBSERVED_RISK,0.046924867613391846,0.0,6,0,1.1542016227631433
2026-07-19,MAKKAH,GREEN,LOW_OBSERVED_RISK,0.06184346904757101,0.0,6,0,1.1345346568935624
2026-07-19,OTHER,GREEN,LOW_OBSERVED_RISK,0.04969098632719229,0.0,6,0,1.225524880562491
2026-07-19,RIYADH,GREEN,LOW_OBSERVED_RISK,0.030291210228811778,0.0,7,0,1.1164781826200154
2026-07-19,TABOUK,AMBER,HIGH_PRECURSOR_FALLBACK,0.1505011946611414,0.0,7,0,1.2416913635873255
2026-07-26,ABHA,GREEN,LOW_OBSERVED_RISK,0.04521252237477558,0.038461538461538464,0,0,1.2036108199439917
2026-07-26,BURAIDAH,GREEN,LOW_OBSERVED_RISK,0.011589209854897963,0.0,1,0,1.0237459195415797
2026-07-26,DAMMAM,GREEN,LOW_OBSERVED_RISK,0.02459831274896049,0.0,1,0,1.0212539389245963
2026-07-26,HAIL,GREEN,LOW_OBSERVED_RISK,0.02733402948301478,0.0,0,0,1.0257351313540939
2026-07-26,JEDDAH,GREEN,LOW_OBSERVED_RISK,0.012418358063354848,0.0,0,0,1.020295079563294
2026-07-26,KHOBAR,GREEN,LOW_OBSERVED_RISK,0.02237215141425125,0.0,1,0,1.042625039129369
2026-07-26,MADINA,GREEN,LOW_OBSERVED_RISK,0.017660946870669617,0.0,0,0,1.0388591915331629
2026-07-26,MAKKAH,GREEN,LOW_OBSERVED_RISK,0.01722844353762382,0.0,0,0,1.0551011010172897
2026-07-26,OTHER,GREEN,LOW_OBSERVED_RISK,0.02218826550761265,0.0,0,0,1.0437167126896183
2026-07-26,RIYADH,GREEN,LOW_OBSERVED_RISK,0.012367730681871816,0.0,0,0,1.0574015941030168
2026-07-26,TABOUK,GREEN,LOW_OBSERVED_RISK,0.029899234909558398,0.0,1,0,1.0144582145183392
