scenario_id,origin,injected_city,control_city,baseline_state,injected_state,baseline_score,injected_score,new_red,new_alert,score_change
1,2025-08-10,ABHA,BURAIDAH,GREEN,GREEN,0.11788738408630021,0.11188264502996799,0,0,-0.006004739056332226
1,2025-08-10,ABHA,DAMMAM,GREEN,GREEN,0.08501187100675613,0.08008268979725827,0,0,-0.004929181209497854
1,2025-08-10,ABHA,HAIL,AMBER,AMBER,0.6024253616591868,0.5997067533812372,0,0,-0.0027186082779495635
1,2025-08-10,ABHA,JEDDAH,GREEN,GREEN,0.09844083375155292,0.09293246382322339,0,0,-0.005508369928329537
1,2025-08-10,ABHA,KHOBAR,GREEN,GREEN,0.0912721084688733,0.08511270469833976,0,0,-0.0061594037705335475
1,2025-08-10,ABHA,MADINA,AMBER,AMBER,0.2859892889310696,0.279037563537275,0,0,-0.006951725393794628
1,2025-08-10,ABHA,MAKKAH,AMBER,AMBER,0.2982242557339102,0.2911412977618147,0,0,-0.007082957972095516
1,2025-08-10,ABHA,OTHER,AMBER,AMBER,0.2942794316178027,0.28718780334408384,0,0,-0.007091628273718842
1,2025-08-10,ABHA,RIYADH,GREEN,GREEN,0.07382801503294777,0.0695924520749905,0,0,-0.004235562957957267
1,2025-08-10,ABHA,TABOUK,AMBER,AMBER,0.4081414110059,0.400503026784453,0,0,-0.0076383842214470254
2,2025-08-24,BURAIDAH,ABHA,AMBER,AMBER,0.8188468463815924,0.8179288560564822,0,0,-0.0009179903251101962
2,2025-08-24,BURAIDAH,DAMMAM,GREEN,GREEN,0.008956907807935427,0.00877378026420435,0,0,-0.00018312754373107747
2,2025-08-24,BURAIDAH,HAIL,GREEN,GREEN,0.024469435708327558,0.023314586935139135,0,0,-0.001154848773188423
2,2025-08-24,BURAIDAH,JEDDAH,GREEN,GREEN,0.008723559723937666,0.008537365462702404,0,0,-0.0001861942612352615
2,2025-08-24,BURAIDAH,KHOBAR,GREEN,GREEN,0.011046343666052187,0.010620965760612553,0,0,-0.0004253779054396341
2,2025-08-24,BURAIDAH,MADINA,GREEN,GREEN,0.015186910368738782,0.014102534229306655,0,0,-0.001084376139432127
2,2025-08-24,BURAIDAH,MAKKAH,GREEN,GREEN,0.025805343384871896,0.02405456832197646,0,0,-0.001750775062895435
2,2025-08-24,BURAIDAH,OTHER,GREEN,GREEN,0.01657463682760094,0.014598345765943823,0,0,-0.0019762910616571167
2,2025-08-24,BURAIDAH,RIYADH,GREEN,GREEN,0.010053885555854701,0.009768787818572211,0,0,-0.00028509773728249005
2,2025-08-24,BURAIDAH,TABOUK,GREEN,GREEN,0.01584883813261468,0.01584909634140157,0,0,2.582087868900629e-07
3,2025-09-07,DAMMAM,ABHA,AMBER,AMBER,0.5945297571629258,0.5623894061127909,0,0,-0.03214035105013491
3,2025-09-07,DAMMAM,BURAIDAH,GREEN,GREEN,0.09000412574536588,0.07664104174564479,0,0,-0.013363083999721095
3,2025-09-07,DAMMAM,HAIL,AMBER,AMBER,0.2453482290231603,0.20981764119308033,0,0,-0.03553058783007998
3,2025-09-07,DAMMAM,JEDDAH,GREEN,GREEN,0.08508906055960985,0.06969922862207042,0,0,-0.015389831937539428
3,2025-09-07,DAMMAM,KHOBAR,GREEN,GREEN,0.08498753097930845,0.07265561129569471,0,0,-0.012331919683613732
3,2025-09-07,DAMMAM,MADINA,AMBER,AMBER,0.1982054495005536,0.17122218977828252,0,0,-0.026983259722271086
3,2025-09-07,DAMMAM,MAKKAH,GREEN,GREEN,0.15342719925595286,0.12524692761866232,0,0,-0.028180271637290533
3,2025-09-07,DAMMAM,OTHER,AMBER,AMBER,0.2221649106501958,0.19004747069603312,0,0,-0.03211743995416269
3,2025-09-07,DAMMAM,RIYADH,GREEN,GREEN,0.08873357139272209,0.07636883591106504,0,0,-0.01236473548165705
3,2025-09-07,DAMMAM,TABOUK,AMBER,AMBER,0.27432595022193657,0.2290757337525967,0,0,-0.045250216469339855
4,2025-09-21,HAIL,ABHA,GREEN,GREEN,0.0797284310642704,0.0784073546374728,0,0,-0.0013210764267976016
4,2025-09-21,HAIL,BURAIDAH,GREEN,GREEN,0.006834733843749825,0.006824319387911011,0,0,-1.0414455838814e-05
4,2025-09-21,HAIL,DAMMAM,GREEN,GREEN,0.007470486238053499,0.007514088515470883,0,0,4.360227741738443e-05
4,2025-09-21,HAIL,JEDDAH,GREEN,GREEN,0.007486588925847478,0.007474207556601196,0,0,-1.2381369246282532e-05
4,2025-09-21,HAIL,KHOBAR,GREEN,GREEN,0.008603881942242882,0.008601030240098385,0,0,-2.8517021444969537e-06
4,2025-09-21,HAIL,MADINA,GREEN,GREEN,0.010682085254888424,0.010342819271904268,0,0,-0.00033926598298415593
4,2025-09-21,HAIL,MAKKAH,GREEN,GREEN,0.01147609745701518,0.011302953628844809,0,0,-0.00017314382817037142
4,2025-09-21,HAIL,OTHER,GREEN,GREEN,0.01825977949305806,0.017864111090526696,0,0,-0.0003956684025313642
4,2025-09-21,HAIL,RIYADH,GREEN,GREEN,0.007177953001339654,0.007166632020290102,0,0,-1.1320981049551919e-05
4,2025-09-21,HAIL,TABOUK,GREEN,GREEN,0.03993554489982106,0.03948845628637766,0,0,-0.0004470886134433985
5,2025-10-05,JEDDAH,ABHA,AMBER,AMBER,0.19014621759347958,0.15963868224258193,0,0,-0.030507535350897647
5,2025-10-05,JEDDAH,BURAIDAH,GREEN,GREEN,0.01297587365916369,0.013502089230651179,0,0,0.0005262155714874893
5,2025-10-05,JEDDAH,DAMMAM,GREEN,GREEN,0.014134799888360638,0.013989190399527526,0,0,-0.00014560948883311255
5,2025-10-05,JEDDAH,HAIL,GREEN,GREEN,0.05914911747214078,0.058426944370843996,0,0,-0.000722173101296783
5,2025-10-05,JEDDAH,KHOBAR,GREEN,GREEN,0.013360637589765946,0.014961064002267913,0,0,0.0016004264125019669
5,2025-10-05,JEDDAH,MADINA,GREEN,GREEN,0.015008079818431018,0.015894605548132556,0,0,0.0008865257297015379
5,2025-10-05,JEDDAH,MAKKAH,GREEN,GREEN,0.01142603541092683,0.012666540866056999,0,0,0.001240505455130169
5,2025-10-05,JEDDAH,OTHER,GREEN,GREEN,0.03094381410607661,0.03236668180037323,0,0,0.001422867694296618
5,2025-10-05,JEDDAH,RIYADH,GREEN,GREEN,0.010334850208570672,0.011167544432314568,0,0,0.0008326942237438951
5,2025-10-05,JEDDAH,TABOUK,GREEN,GREEN,0.0766237692636373,0.07612430676977043,0,0,-0.0004994624938668701
6,2025-10-19,KHOBAR,ABHA,AMBER,GREEN,0.15263385332335103,0.1444127382250595,0,0,-0.008221115098291515
6,2025-10-19,KHOBAR,BURAIDAH,GREEN,GREEN,0.01880125721999386,0.018255394009523043,0,0,-0.0005458632104708185
6,2025-10-19,KHOBAR,DAMMAM,GREEN,GREEN,0.013193773431363208,0.013322699622380108,0,0,0.0001289261910168999
6,2025-10-19,KHOBAR,HAIL,GREEN,GREEN,0.055331147541991144,0.05346714267664351,0,0,-0.0018640048653476363
6,2025-10-19,KHOBAR,JEDDAH,GREEN,GREEN,0.013763208418521947,0.013487064951885749,0,0,-0.00027614346663619796
6,2025-10-19,KHOBAR,MADINA,GREEN,GREEN,0.01930987667927198,0.019140681113617504,0,0,-0.0001691955656544751
6,2025-10-19,KHOBAR,MAKKAH,GREEN,GREEN,0.015587278148064723,0.015307939727043455,0,0,-0.0002793384210212687
6,2025-10-19,KHOBAR,OTHER,GREEN,GREEN,0.03810833607901871,0.037572934993173004,0,0,-0.0005354010858457034
6,2025-10-19,KHOBAR,RIYADH,GREEN,GREEN,0.009877800766015705,0.009864025357145765,0,0,-1.3775408869940234e-05
6,2025-10-19,KHOBAR,TABOUK,GREEN,GREEN,0.05524826314131201,0.053719728527567234,0,0,-0.0015285346137447753
7,2025-11-02,MADINA,ABHA,GREEN,GREEN,0.11843075109944208,0.11059769031844692,0,0,-0.00783306078099516
7,2025-11-02,MADINA,BURAIDAH,GREEN,GREEN,0.010003523342875293,0.009974388497286013,0,0,-2.9134845589279257e-05
7,2025-11-02,MADINA,DAMMAM,GREEN,GREEN,0.007644450414816913,0.00800218542584611,0,0,0.00035773501102919717
7,2025-11-02,MADINA,HAIL,GREEN,GREEN,0.05166886296952509,0.05104970347461324,0,0,-0.0006191594949118487
7,2025-11-02,MADINA,JEDDAH,GREEN,GREEN,0.006915851563499127,0.006815315436685524,0,0,-0.00010053612681360305
7,2025-11-02,MADINA,KHOBAR,GREEN,GREEN,0.0073535239921573336,0.007382476795309533,0,0,2.8952803152199752e-05
7,2025-11-02,MADINA,MAKKAH,GREEN,GREEN,0.01142944097124574,0.011601921563310741,0,0,0.00017248059206500035
7,2025-11-02,MADINA,OTHER,GREEN,GREEN,0.02903883146222319,0.029345540503092637,0,0,0.0003067090408694455
7,2025-11-02,MADINA,RIYADH,GREEN,GREEN,0.007826354094994463,0.007763024155556343,0,0,-6.33299394381193e-05
7,2025-11-02,MADINA,TABOUK,GREEN,GREEN,0.05167124385755664,0.05127329486780563,0,0,-0.00039794898975101245
8,2025-11-23,MAKKAH,ABHA,GREEN,GREEN,0.05218062504488139,0.051247050369117725,0,0,-0.0009335746757636668
8,2025-11-23,MAKKAH,BURAIDAH,GREEN,GREEN,0.006477244843887659,0.007432264737639113,0,0,0.0009550198937514544
8,2025-11-23,MAKKAH,DAMMAM,GREEN,GREEN,0.006913129022848214,0.006867677806907995,0,0,-4.5451215940219e-05
8,2025-11-23,MAKKAH,HAIL,GREEN,GREEN,0.01816006299930066,0.017849480581632625,0,0,-0.0003105824176680358
8,2025-11-23,MAKKAH,JEDDAH,GREEN,GREEN,0.005850036941713152,0.006031660668386312,0,0,0.0001816237266731597
8,2025-11-23,MAKKAH,KHOBAR,GREEN,GREEN,0.007261022833234686,0.007460980964612163,0,0,0.00019995813137747669
8,2025-11-23,MAKKAH,MADINA,GREEN,GREEN,0.013545822365732546,0.014011992099931194,0,0,0.0004661697341986487
8,2025-11-23,MAKKAH,OTHER,GREEN,GREEN,0.011497429177889767,0.012005827399211364,0,0,0.0005083982213215966
8,2025-11-23,MAKKAH,RIYADH,GREEN,GREEN,0.009756561153116803,0.00842450804671213,0,0,-0.001332053106404673
8,2025-11-23,MAKKAH,TABOUK,GREEN,GREEN,0.05143420537494458,0.050344053527336674,0,0,-0.001090151847607905
9,2025-12-07,OTHER,ABHA,GREEN,GREEN,0.061767641354217785,0.042724028153051034,0,0,-0.01904361320116675
9,2025-12-07,OTHER,BURAIDAH,GREEN,GREEN,0.043126127040482055,0.025962455054249087,0,0,-0.01716367198623297
9,2025-12-07,OTHER,DAMMAM,GREEN,GREEN,0.021700434114871128,0.018828636614522637,0,0,-0.0028717975003484907
9,2025-12-07,OTHER,HAIL,AMBER,AMBER,0.27960010382719275,0.18682174496658202,0,0,-0.09277835886061073
9,2025-12-07,OTHER,JEDDAH,GREEN,GREEN,0.024079003173818402,0.019210867362424975,0,0,-0.004868135811393427
9,2025-12-07,OTHER,KHOBAR,GREEN,GREEN,0.02491086267321374,0.018946540668364254,0,0,-0.0059643220048494865
9,2025-12-07,OTHER,MADINA,GREEN,GREEN,0.0802892461032069,0.04619551007613471,0,0,-0.034093736027072184
9,2025-12-07,OTHER,MAKKAH,GREEN,GREEN,0.03424938784850227,0.02982808305374818,0,0,-0.004421304794754086
9,2025-12-07,OTHER,RIYADH,GREEN,GREEN,0.03234822751601809,0.020627119779522054,0,0,-0.011721107736496036
9,2025-12-07,OTHER,TABOUK,AMBER,GREEN,0.20112542437377492,0.13821326385717117,0,0,-0.06291216051660375
10,2025-12-21,RIYADH,ABHA,GREEN,GREEN,0.05049168704823203,0.032900810827916356,0,0,-0.017590876220315674
10,2025-12-21,RIYADH,BURAIDAH,GREEN,GREEN,0.019834455361655606,0.012569983303544599,0,0,-0.007264472058111007
10,2025-12-21,RIYADH,DAMMAM,GREEN,GREEN,0.013324159327081508,0.014429239217940724,0,0,0.0011050798908592164
10,2025-12-21,RIYADH,HAIL,GREEN,GREEN,0.09593371814273945,0.05356505650762128,0,0,-0.04236866163511817
10,2025-12-21,RIYADH,JEDDAH,GREEN,GREEN,0.012137977776370606,0.01335814420304926,0,0,0.0012201664266786542
10,2025-12-21,RIYADH,KHOBAR,GREEN,GREEN,0.012998483961304874,0.012340267794767877,0,0,-0.0006582161665369974
10,2025-12-21,RIYADH,MADINA,GREEN,GREEN,0.022092731045606967,0.014343281004406369,0,0,-0.007749450041200598
10,2025-12-21,RIYADH,MAKKAH,GREEN,GREEN,0.01604256919100608,0.01664566245943218,0,0,0.0006030932684260998
10,2025-12-21,RIYADH,OTHER,GREEN,GREEN,0.0387726718478096,0.028376655580094196,0,0,-0.010396016267715406
10,2025-12-21,RIYADH,TABOUK,GREEN,GREEN,0.10615501306601714,0.06169319700058911,0,0,-0.04446181606542803
11,2026-01-04,TABOUK,ABHA,GREEN,GREEN,0.10918233395704004,0.10490077265796817,0,0,-0.004281561299071868
11,2026-01-04,TABOUK,BURAIDAH,GREEN,GREEN,0.07399434326868515,0.07127416271259625,0,0,-0.0027201805560888997
11,2026-01-04,TABOUK,DAMMAM,GREEN,GREEN,0.08396747042956042,0.08100825278552676,0,0,-0.00295921764403366
11,2026-01-04,TABOUK,HAIL,AMBER,AMBER,0.27323455501092714,0.2657910679947031,0,0,-0.0074434870162240485
11,2026-01-04,TABOUK,JEDDAH,GREEN,GREEN,0.05340750385529169,0.05246253951571831,0,0,-0.0009449643395733759
11,2026-01-04,TABOUK,KHOBAR,GREEN,GREEN,0.055446726444505934,0.0528989561458654,0,0,-0.0025477702986405337
11,2026-01-04,TABOUK,MADINA,AMBER,AMBER,0.1721978257709098,0.16697537426279743,0,0,-0.005222451508112375
11,2026-01-04,TABOUK,MAKKAH,GREEN,GREEN,0.15122901211145764,0.14685101983784224,0,0,-0.004377992273615405
11,2026-01-04,TABOUK,OTHER,GREEN,GREEN,0.14023587028618964,0.13593551486959363,0,0,-0.004300355416596013
11,2026-01-04,TABOUK,RIYADH,GREEN,GREEN,0.06759175803562809,0.06451657879579024,0,0,-0.0030751792398378414
12,2026-01-18,ABHA,BURAIDAH,GREEN,GREEN,0.042306384562159044,0.04267020610280426,0,0,0.0003638215406452164
12,2026-01-18,ABHA,DAMMAM,GREEN,GREEN,0.026696183753987485,0.026737575853768018,0,0,4.1392099780532265e-05
12,2026-01-18,ABHA,HAIL,AMBER,AMBER,0.14999072006033523,0.14585602261228317,0,0,-0.00413469744805206
12,2026-01-18,ABHA,JEDDAH,GREEN,GREEN,0.02821262416289437,0.02883547424909338,0,0,0.0006228500861990109
12,2026-01-18,ABHA,KHOBAR,GREEN,GREEN,0.02171651153741368,0.022110265345060363,0,0,0.00039375380764668233
12,2026-01-18,ABHA,MADINA,GREEN,GREEN,0.05308968041627072,0.05359721570272444,0,0,0.0005075352864537183
12,2026-01-18,ABHA,MAKKAH,GREEN,GREEN,0.04508481313840773,0.045441136871443084,0,0,0.0003563237330353533
12,2026-01-18,ABHA,OTHER,GREEN,GREEN,0.07000203115268193,0.07015807278528208,0,0,0.00015604163260014847
12,2026-01-18,ABHA,RIYADH,GREEN,GREEN,0.028576258611862197,0.028440673129106933,0,0,-0.00013558548275526341
12,2026-01-18,ABHA,TABOUK,GREEN,GREEN,0.13392528862874165,0.1305350428827672,0,0,-0.003390245745974435
13,2026-02-01,BURAIDAH,ABHA,GREEN,GREEN,0.0644325720259011,0.06512127137515031,0,0,0.0006886993492492138
13,2026-02-01,BURAIDAH,DAMMAM,GREEN,GREEN,0.057900019001044946,0.057649381298965956,0,0,-0.00025063770207899017
13,2026-02-01,BURAIDAH,HAIL,GREEN,GREEN,0.07462946581302729,0.0812316580464848,0,0,0.00660219223345751
13,2026-02-01,BURAIDAH,JEDDAH,GREEN,GREEN,0.06714712068514697,0.06649208050576894,0,0,-0.0006550401793780358
13,2026-02-01,BURAIDAH,KHOBAR,GREEN,GREEN,0.04989273027873403,0.04957593015820444,0,0,-0.0003168001205295923
13,2026-02-01,BURAIDAH,MADINA,GREEN,GREEN,0.06575067938000433,0.06496261124029513,0,0,-0.0007880681397091915
13,2026-02-01,BURAIDAH,MAKKAH,GREEN,GREEN,0.07331946020666015,0.07136981821545263,0,0,-0.0019496419912075208
13,2026-02-01,BURAIDAH,OTHER,GREEN,GREEN,0.06206423893048096,0.06303004351185781,0,0,0.000965804581376857
13,2026-02-01,BURAIDAH,RIYADH,GREEN,GREEN,0.04104414337603982,0.041662438854666584,0,0,0.0006182954786267611
13,2026-02-01,BURAIDAH,TABOUK,GREEN,GREEN,0.07844958076042914,0.08117597334879227,0,0,0.00272639258836313
14,2026-02-15,DAMMAM,ABHA,GREEN,GREEN,0.12659887446476717,0.11320327887624548,0,0,-0.013395595588521686
14,2026-02-15,DAMMAM,BURAIDAH,GREEN,GREEN,0.06299572397253987,0.05715435568677658,0,0,-0.0058413682857632945
14,2026-02-15,DAMMAM,HAIL,AMBER,GREEN,0.1737036623585517,0.1574791333973927,0,0,-0.016224528961159
14,2026-02-15,DAMMAM,JEDDAH,GREEN,GREEN,0.07856873128892237,0.0693419468211691,0,0,-0.009226784467753268
14,2026-02-15,DAMMAM,KHOBAR,GREEN,GREEN,0.0999882216304166,0.09571701887687335,0,0,-0.004271202753543243
14,2026-02-15,DAMMAM,MADINA,GREEN,GREEN,0.04622502269982149,0.04324202200177738,0,0,-0.002983000698044108
14,2026-02-15,DAMMAM,MAKKAH,GREEN,GREEN,0.04566269522023245,0.04439686130987571,0,0,-0.0012658339103567354
14,2026-02-15,DAMMAM,OTHER,GREEN,GREEN,0.11219175144708544,0.10088062226777443,0,0,-0.011311129179311014
14,2026-02-15,DAMMAM,RIYADH,GREEN,GREEN,0.0538407607336532,0.049895225825523415,0,0,-0.003945534908129787
14,2026-02-15,DAMMAM,TABOUK,AMBER,GREEN,0.17463405199078694,0.15813087612493737,0,0,-0.016503175865849568
15,2026-03-08,HAIL,ABHA,AMBER,AMBER,0.23720358453973092,0.23034577108693036,0,0,-0.006857813452800565
15,2026-03-08,HAIL,BURAIDAH,GREEN,GREEN,0.12220166829379031,0.117254507530213,0,0,-0.004947160763577305
15,2026-03-08,HAIL,DAMMAM,AMBER,AMBER,0.187829411299799,0.18148103404902438,0,0,-0.006348377250774612
15,2026-03-08,HAIL,JEDDAH,GREEN,GREEN,0.09102837163651417,0.08830236630722815,0,0,-0.0027260053292860187
15,2026-03-08,HAIL,KHOBAR,AMBER,AMBER,0.1836657625648476,0.17881475341212583,0,0,-0.004851009152721769
15,2026-03-08,HAIL,MADINA,GREEN,GREEN,0.07432773068111757,0.07188615501258325,0,0,-0.0024415756685343265
15,2026-03-08,HAIL,MAKKAH,AMBER,AMBER,0.37887741354290466,0.3754635198392045,0,0,-0.003413893703700155
15,2026-03-08,HAIL,OTHER,GREEN,GREEN,0.13295565662299327,0.1277232057913247,0,0,-0.005232450831668567
15,2026-03-08,HAIL,RIYADH,GREEN,GREEN,0.10398599124959718,0.09990682103402328,0,0,-0.004079170215573899
15,2026-03-08,HAIL,TABOUK,AMBER,AMBER,0.306670863397135,0.29977099909564614,0,0,-0.006899864301488867
16,2026-03-22,JEDDAH,ABHA,GREEN,GREEN,0.10848337087557203,0.09295366372095097,0,0,-0.015529707154621056
16,2026-03-22,JEDDAH,BURAIDAH,GREEN,GREEN,0.11488322923822436,0.09473275639949467,0,0,-0.020150472838729686
16,2026-03-22,JEDDAH,DAMMAM,AMBER,AMBER,0.28028192401657875,0.20150265101288947,0,0,-0.07877927300368928
16,2026-03-22,JEDDAH,HAIL,GREEN,GREEN,0.14205245633765645,0.12087776649516237,0,0,-0.021174689842494085
16,2026-03-22,JEDDAH,KHOBAR,GREEN,GREEN,0.13307043896371162,0.11360636886476376,0,0,-0.019464070098947864
16,2026-03-22,JEDDAH,MADINA,AMBER,GREEN,0.1750263692838547,0.13253546670241537,0,0,-0.04249090258143934
16,2026-03-22,JEDDAH,MAKKAH,RED,RED,0.8742450358921122,0.8583463086288985,0,0,-0.01589872726321373
16,2026-03-22,JEDDAH,OTHER,GREEN,GREEN,0.1103723227247446,0.09193595807629389,0,0,-0.01843636464845072
16,2026-03-22,JEDDAH,RIYADH,AMBER,AMBER,0.3114796376784484,0.22640889237797454,0,0,-0.08507074530047384
16,2026-03-22,JEDDAH,TABOUK,AMBER,AMBER,0.3465883489654149,0.2639917456540079,0,0,-0.082596603311407
17,2026-04-05,KHOBAR,ABHA,GREEN,GREEN,0.14056551661550323,0.13907558217415317,0,0,-0.001489934441350066
17,2026-04-05,KHOBAR,BURAIDAH,GREEN,GREEN,0.10729414921438313,0.10473672988379173,0,0,-0.002557419330591393
17,2026-04-05,KHOBAR,DAMMAM,GREEN,GREEN,0.09189613929038011,0.09131397003448771,0,0,-0.000582169255892398
17,2026-04-05,KHOBAR,HAIL,AMBER,AMBER,0.204598651050151,0.20004608372716728,0,0,-0.004552567322983703
17,2026-04-05,KHOBAR,JEDDAH,GREEN,GREEN,0.14924906922176365,0.14064844873576432,0,0,-0.008600620485999327
17,2026-04-05,KHOBAR,MADINA,AMBER,AMBER,0.49880157552970755,0.4915553791404668,0,0,-0.007246196389240733
17,2026-04-05,KHOBAR,MAKKAH,RED,RED,0.8484674796933646,0.8468542422722131,0,0,-0.0016132374211514922
17,2026-04-05,KHOBAR,OTHER,GREEN,GREEN,0.11292243380253053,0.10994675002074894,0,0,-0.0029756837817815907
17,2026-04-05,KHOBAR,RIYADH,GREEN,GREEN,0.08545631353550952,0.0845891147128403,0,0,-0.000867198822669224
17,2026-04-05,KHOBAR,TABOUK,AMBER,AMBER,0.16830991470899528,0.164647311935334,0,0,-0.0036626027736612887
18,2026-04-19,MADINA,ABHA,GREEN,GREEN,0.08509860282308439,0.08239737464365694,0,0,-0.002701228179427445
18,2026-04-19,MADINA,BURAIDAH,GREEN,GREEN,0.14220226494172755,0.1396208730288116,0,0,-0.0025813919129159535
18,2026-04-19,MADINA,DAMMAM,GREEN,GREEN,0.05925343744014464,0.05830385048408681,0,0,-0.0009495869560578324
18,2026-04-19,MADINA,HAIL,AMBER,AMBER,0.23257289584182936,0.21844061411269214,0,0,-0.01413228172913722
18,2026-04-19,MADINA,JEDDAH,GREEN,GREEN,0.059129188539580706,0.05857888215389683,0,0,-0.0005503063856838741
18,2026-04-19,MADINA,KHOBAR,GREEN,GREEN,0.05941225891771732,0.0578639196950104,0,0,-0.0015483392227069182
18,2026-04-19,MADINA,MAKKAH,GREEN,GREEN,0.06960449308334236,0.06784854543077394,0,0,-0.0017559476525684237
18,2026-04-19,MADINA,OTHER,GREEN,GREEN,0.12175886237836908,0.11352790927490967,0,0,-0.008230953103459407
18,2026-04-19,MADINA,RIYADH,GREEN,GREEN,0.05892318972131517,0.057520376646639525,0,0,-0.0014028130746756434
18,2026-04-19,MADINA,TABOUK,GREEN,GREEN,0.12792983412680894,0.1218440384637155,0,0,-0.006085795663093446
19,2026-05-03,MAKKAH,ABHA,GREEN,GREEN,0.06661817424502875,0.06766663048648472,0,0,0.0010484562414559695
19,2026-05-03,MAKKAH,BURAIDAH,GREEN,GREEN,0.052146065527408386,0.05369859978669076,0,0,0.0015525342592823746
19,2026-05-03,MAKKAH,DAMMAM,GREEN,GREEN,0.05729074007259454,0.057979480144700134,0,0,0.0006887400721055925
19,2026-05-03,MAKKAH,HAIL,GREEN,GREEN,0.08444150945250854,0.08604176433763942,0,0,0.0016002548851308807
19,2026-05-03,MAKKAH,JEDDAH,GREEN,GREEN,0.04779010816634929,0.0476949015340076,0,0,-9.520663234169335e-05
19,2026-05-03,MAKKAH,KHOBAR,GREEN,GREEN,0.0610347148799511,0.06126868227362416,0,0,0.00023396739367306102
19,2026-05-03,MAKKAH,MADINA,GREEN,GREEN,0.09634102338552401,0.09434061331617516,0,0,-0.002000410069348854
19,2026-05-03,MAKKAH,OTHER,GREEN,GREEN,0.06237945677754,0.06316082131963204,0,0,0.0007813645420920376
19,2026-05-03,MAKKAH,RIYADH,GREEN,GREEN,0.05660982703466158,0.05710133728564101,0,0,0.0004915102509794322
19,2026-05-03,MAKKAH,TABOUK,GREEN,GREEN,0.08582500821760601,0.08629114980092879,0,0,0.0004661415833227822
20,2026-05-17,OTHER,ABHA,GREEN,GREEN,0.05893348781910395,0.04754942115649738,0,0,-0.011384066662606572
20,2026-05-17,OTHER,BURAIDAH,GREEN,GREEN,0.03617711524916797,0.036641372681629744,0,0,0.00046425743246177736
20,2026-05-17,OTHER,DAMMAM,GREEN,GREEN,0.06437617049058962,0.04747318839244486,0,0,-0.01690298209814476
20,2026-05-17,OTHER,HAIL,GREEN,GREEN,0.07840082984707979,0.06292733635286403,0,0,-0.015473493494215756
20,2026-05-17,OTHER,JEDDAH,GREEN,GREEN,0.04390090144435784,0.03179893727753437,0,0,-0.012101964166823471
20,2026-05-17,OTHER,KHOBAR,GREEN,GREEN,0.07118908228343453,0.04880547222430586,0,0,-0.022383610059128665
20,2026-05-17,OTHER,MADINA,GREEN,GREEN,0.04513976413541209,0.03843310568948238,0,0,-0.006706658445929707
20,2026-05-17,OTHER,MAKKAH,AMBER,GREEN,0.2239414493324173,0.11357453542218042,0,0,-0.11036691391023688
20,2026-05-17,OTHER,RIYADH,GREEN,GREEN,0.05396215227760549,0.04638184862831459,0,0,-0.007580303649290895
20,2026-05-17,OTHER,TABOUK,GREEN,GREEN,0.1355215327793792,0.08110107870544525,0,0,-0.05442045407393395
21,2026-05-31,RIYADH,ABHA,GREEN,GREEN,0.07914481489728611,0.06119954562258423,0,0,-0.017945269274701886
21,2026-05-31,RIYADH,BURAIDAH,GREEN,GREEN,0.057475683266971854,0.051683272873888624,0,0,-0.0057924103930832305
21,2026-05-31,RIYADH,DAMMAM,GREEN,GREEN,0.10448221972198547,0.05619908659040551,0,0,-0.04828313313157996
21,2026-05-31,RIYADH,HAIL,GREEN,GREEN,0.09873211612050203,0.08304230724778333,0,0,-0.015689808872718702
21,2026-05-31,RIYADH,JEDDAH,GREEN,GREEN,0.05341533376699257,0.041493034174882704,0,0,-0.011922299592109865
21,2026-05-31,RIYADH,KHOBAR,GREEN,GREEN,0.10205882250145737,0.055718059091784566,0,0,-0.0463407634096728
21,2026-05-31,RIYADH,MADINA,GREEN,GREEN,0.09948867011378516,0.07150386192063482,0,0,-0.027984808193150343
21,2026-05-31,RIYADH,MAKKAH,AMBER,GREEN,0.19076348063285628,0.12277557884990313,0,0,-0.06798790178295315
21,2026-05-31,RIYADH,OTHER,GREEN,GREEN,0.05739118534544609,0.051519634351967436,0,0,-0.005871550993478657
21,2026-05-31,RIYADH,TABOUK,GREEN,GREEN,0.09878924971923114,0.0750938408513175,0,0,-0.023695408867913645
22,2026-06-21,TABOUK,ABHA,GREEN,GREEN,0.025443349159558464,0.025633447493181378,0,0,0.00019009833362291367
22,2026-06-21,TABOUK,BURAIDAH,GREEN,GREEN,0.03718443670369653,0.0369011732000386,0,0,-0.0002832635036579337
22,2026-06-21,TABOUK,DAMMAM,GREEN,GREEN,0.041708339011424955,0.04085759516764774,0,0,-0.0008507438437772158
22,2026-06-21,TABOUK,HAIL,GREEN,GREEN,0.08467914436218155,0.08243384715579438,0,0,-0.0022452972063871646
22,2026-06-21,TABOUK,JEDDAH,GREEN,GREEN,0.03251538836706543,0.03252826091746959,0,0,1.2872550404156857e-05
22,2026-06-21,TABOUK,KHOBAR,GREEN,GREEN,0.037598513513851725,0.03739079673503005,0,0,-0.00020771677882167744
22,2026-06-21,TABOUK,MADINA,GREEN,GREEN,0.07590510585611623,0.07415181109195869,0,0,-0.0017532947641575453
22,2026-06-21,TABOUK,MAKKAH,GREEN,GREEN,0.05658534236699384,0.05474321755543537,0,0,-0.0018421248115584737
22,2026-06-21,TABOUK,OTHER,GREEN,GREEN,0.07519516713578839,0.07318616166279342,0,0,-0.002009005472994971
22,2026-06-21,TABOUK,RIYADH,GREEN,GREEN,0.03303083120852892,0.03318096232176638,0,0,0.00015013111323745887
