week_start,week_end,transaction_count,source,data_status
2020-05-10,2020-05-16,38132.0,Saudi Central Bank (SAMA) weekly POS via KAPSARC Data Portal,REAL_OFFICIAL_AGGREGATE
2020-05-17,2020-05-23,41324.0,Saudi Central Bank (SAMA) weekly POS via KAPSARC Data Portal,REAL_OFFICIAL_AGGREGATE
2020-05-24,2020-05-30,29082.0,Saudi Central Bank (SAMA) weekly POS via KAPSARC Data Portal,REAL_OFFICIAL_AGGREGATE
2020-05-31,2020-06-06,50281.0,Saudi Central Bank (SAMA) weekly POS via KAPSARC Data Portal,REAL_OFFICIAL_AGGREGATE
2020-06-07,2020-06-13,48209.0,Saudi Central Bank (SAMA) weekly POS via KAPSARC Data Portal,REAL_OFFICIAL_AGGREGATE
2020-06-14,2020-06-20,46704.0,Saudi Central Bank (SAMA) weekly POS via KAPSARC Data Portal,REAL_OFFICIAL_AGGREGATE
2020-06-20,2020-06-26,53786.0,Saudi Central Bank (SAMA) weekly POS via KAPSARC Data Portal,REAL_OFFICIAL_AGGREGATE
2020-06-28,2020-07-04,62811.0,Saudi Central Bank (SAMA) weekly POS via KAPSARC Data Portal,REAL_OFFICIAL_AGGREGATE
2020-07-05,2020-07-11,58929.0,Saudi Central Bank (SAMA) weekly POS via KAPSARC Data Portal,REAL_OFFICIAL_AGGREGATE
2020-07-12,2020-07-18,57092.0,Saudi Central Bank (SAMA) weekly POS via KAPSARC Data Portal,REAL_OFFICIAL_AGGREGATE
2020-07-19,2020-07-25,57513.0,Saudi Central Bank (SAMA) weekly POS via KAPSARC Data Portal,REAL_OFFICIAL_AGGREGATE
2020-07-26,2020-08-01,68315.0,Saudi Central Bank (SAMA) weekly POS via KAPSARC Data Portal,REAL_OFFICIAL_AGGREGATE
2020-08-02,2020-08-08,57244.0,Saudi Central Bank (SAMA) weekly POS via KAPSARC Data Portal,REAL_OFFICIAL_AGGREGATE
2020-08-09,2020-08-15,61057.0,Saudi Central Bank (SAMA) weekly POS via KAPSARC Data Portal,REAL_OFFICIAL_AGGREGATE
2020-08-16,2020-08-22,58543.0,Saudi Central Bank (SAMA) weekly POS via KAPSARC Data Portal,REAL_OFFICIAL_AGGREGATE
2020-08-23,2020-08-29,65156.0,Saudi Central Bank (SAMA) weekly POS via KAPSARC Data Portal,REAL_OFFICIAL_AGGREGATE
2020-08-30,2020-09-05,69654.0,Saudi Central Bank (SAMA) weekly POS via KAPSARC Data Portal,REAL_OFFICIAL_AGGREGATE
2020-09-06,2020-09-12,67353.0,Saudi Central Bank (SAMA) weekly POS via KAPSARC Data Portal,REAL_OFFICIAL_AGGREGATE
2020-09-13,2020-09-19,64385.0,Saudi Central Bank (SAMA) weekly POS via KAPSARC Data Portal,REAL_OFFICIAL_AGGREGATE
2020-09-20,2020-09-26,67003.0,Saudi Central Bank (SAMA) weekly POS via KAPSARC Data Portal,REAL_OFFICIAL_AGGREGATE
2020-09-27,2020-10-03,75427.0,Saudi Central Bank (SAMA) weekly POS via KAPSARC Data Portal,REAL_OFFICIAL_AGGREGATE
2020-10-04,2020-10-10,69849.0,Saudi Central Bank (SAMA) weekly POS via KAPSARC Data Portal,REAL_OFFICIAL_AGGREGATE
2020-10-11,2020-10-17,68564.0,Saudi Central Bank (SAMA) weekly POS via KAPSARC Data Portal,REAL_OFFICIAL_AGGREGATE
2020-10-18,2020-10-24,65150.0,Saudi Central Bank (SAMA) weekly POS via KAPSARC Data Portal,REAL_OFFICIAL_AGGREGATE
2020-10-25,2020-10-31,77718.0,Saudi Central Bank (SAMA) weekly POS via KAPSARC Data Portal,REAL_OFFICIAL_AGGREGATE
2020-11-01,2020-11-07,74869.0,Saudi Central Bank (SAMA) weekly POS via KAPSARC Data Portal,REAL_OFFICIAL_AGGREGATE
2020-11-08,2020-11-14,73330.0,Saudi Central Bank (SAMA) weekly POS via KAPSARC Data Portal,REAL_OFFICIAL_AGGREGATE
2020-11-15,2020-11-21,70091.0,Saudi Central Bank (SAMA) weekly POS via KAPSARC Data Portal,REAL_OFFICIAL_AGGREGATE
2020-11-22,2020-11-28,76623.0,Saudi Central Bank (SAMA) weekly POS via KAPSARC Data Portal,REAL_OFFICIAL_AGGREGATE
2020-11-29,2020-12-05,80816.0,Saudi Central Bank (SAMA) weekly POS via KAPSARC Data Portal,REAL_OFFICIAL_AGGREGATE
2020-12-06,2020-12-12,76453.0,Saudi Central Bank (SAMA) weekly POS via KAPSARC Data Portal,REAL_OFFICIAL_AGGREGATE
2020-12-13,2020-12-19,73145.0,Saudi Central Bank (SAMA) weekly POS via KAPSARC Data Portal,REAL_OFFICIAL_AGGREGATE
2020-12-20,2020-12-26,72225.0,Saudi Central Bank (SAMA) weekly POS via KAPSARC Data Portal,REAL_OFFICIAL_AGGREGATE
2020-12-27,2021-01-02,90695.0,Saudi Central Bank (SAMA) weekly POS via KAPSARC Data Portal,REAL_OFFICIAL_AGGREGATE
2021-01-03,2021-01-09,81579.0,Saudi Central Bank (SAMA) weekly POS via KAPSARC Data Portal,REAL_OFFICIAL_AGGREGATE
2021-01-10,2021-01-16,81146.0,Saudi Central Bank (SAMA) weekly POS via KAPSARC Data Portal,REAL_OFFICIAL_AGGREGATE
2021-01-17,2021-01-23,72492.0,Saudi Central Bank (SAMA) weekly POS via KAPSARC Data Portal,REAL_OFFICIAL_AGGREGATE
2021-01-24,2021-01-30,85085.0,Saudi Central Bank (SAMA) weekly POS via KAPSARC Data Portal,REAL_OFFICIAL_AGGREGATE
2021-01-31,2021-02-06,83184.0,Saudi Central Bank (SAMA) weekly POS via KAPSARC Data Portal,REAL_OFFICIAL_AGGREGATE
2021-02-07,2021-02-13,78653.0,Saudi Central Bank (SAMA) weekly POS via KAPSARC Data Portal,REAL_OFFICIAL_AGGREGATE
2021-02-14,2021-02-20,75594.0,Saudi Central Bank (SAMA) weekly POS via KAPSARC Data Portal,REAL_OFFICIAL_AGGREGATE
2021-02-21,2021-02-27,74531.0,Saudi Central Bank (SAMA) weekly POS via KAPSARC Data Portal,REAL_OFFICIAL_AGGREGATE
2021-02-28,2021-03-06,91204.0,Saudi Central Bank (SAMA) weekly POS via KAPSARC Data Portal,REAL_OFFICIAL_AGGREGATE
2021-03-07,2021-03-13,87814.0,Saudi Central Bank (SAMA) weekly POS via KAPSARC Data Portal,REAL_OFFICIAL_AGGREGATE
2021-03-14,2021-03-20,86005.0,Saudi Central Bank (SAMA) weekly POS via KAPSARC Data Portal,REAL_OFFICIAL_AGGREGATE
2021-03-21,2021-03-27,86553.0,Saudi Central Bank (SAMA) weekly POS via KAPSARC Data Portal,REAL_OFFICIAL_AGGREGATE
2021-03-28,2021-04-03,101622.0,Saudi Central Bank (SAMA) weekly POS via KAPSARC Data Portal,REAL_OFFICIAL_AGGREGATE
2021-04-04,2021-04-10,96104.0,Saudi Central Bank (SAMA) weekly POS via KAPSARC Data Portal,REAL_OFFICIAL_AGGREGATE
2021-04-11,2021-04-17,81624.0,Saudi Central Bank (SAMA) weekly POS via KAPSARC Data Portal,REAL_OFFICIAL_AGGREGATE
2021-04-18,2021-04-24,72190.0,Saudi Central Bank (SAMA) weekly POS via KAPSARC Data Portal,REAL_OFFICIAL_AGGREGATE
2021-04-25,2021-05-01,91781.0,Saudi Central Bank (SAMA) weekly POS via KAPSARC Data Portal,REAL_OFFICIAL_AGGREGATE
2021-05-02,2021-05-08,94300.0,Saudi Central Bank (SAMA) weekly POS via KAPSARC Data Portal,REAL_OFFICIAL_AGGREGATE
2021-05-09,2021-05-15,90900.0,Saudi Central Bank (SAMA) weekly POS via KAPSARC Data Portal,REAL_OFFICIAL_AGGREGATE
2021-05-16,2021-05-22,82211.0,Saudi Central Bank (SAMA) weekly POS via KAPSARC Data Portal,REAL_OFFICIAL_AGGREGATE
2021-05-23,2021-05-29,96535.0,Saudi Central Bank (SAMA) weekly POS via KAPSARC Data Portal,REAL_OFFICIAL_AGGREGATE
2021-05-30,2021-06-05,102397.0,Saudi Central Bank (SAMA) weekly POS via KAPSARC Data Portal,REAL_OFFICIAL_AGGREGATE
2021-06-06,2021-06-12,100417.0,Saudi Central Bank (SAMA) weekly POS via KAPSARC Data Portal,REAL_OFFICIAL_AGGREGATE
2021-06-13,2021-06-19,94783.0,Saudi Central Bank (SAMA) weekly POS via KAPSARC Data Portal,REAL_OFFICIAL_AGGREGATE
2021-06-20,2021-06-26,94112.0,Saudi Central Bank (SAMA) weekly POS via KAPSARC Data Portal,REAL_OFFICIAL_AGGREGATE
2021-06-27,2021-07-03,111340.0,Saudi Central Bank (SAMA) weekly POS via KAPSARC Data Portal,REAL_OFFICIAL_AGGREGATE
2021-07-04,2021-07-10,104460.0,Saudi Central Bank (SAMA) weekly POS via KAPSARC Data Portal,REAL_OFFICIAL_AGGREGATE
2021-07-11,2021-07-17,106481.0,Saudi Central Bank (SAMA) weekly POS via KAPSARC Data Portal,REAL_OFFICIAL_AGGREGATE
2021-07-18,2021-07-24,84706.0,Saudi Central Bank (SAMA) weekly POS via KAPSARC Data Portal,REAL_OFFICIAL_AGGREGATE
2021-07-25,2021-07-31,106791.0,Saudi Central Bank (SAMA) weekly POS via KAPSARC Data Portal,REAL_OFFICIAL_AGGREGATE
2021-08-01,2021-08-07,105714.0,Saudi Central Bank (SAMA) weekly POS via KAPSARC Data Portal,REAL_OFFICIAL_AGGREGATE
2021-08-08,2021-08-14,104697.0,Saudi Central Bank (SAMA) weekly POS via KAPSARC Data Portal,REAL_OFFICIAL_AGGREGATE
2021-08-15,2021-08-21,96937.0,Saudi Central Bank (SAMA) weekly POS via KAPSARC Data Portal,REAL_OFFICIAL_AGGREGATE
2021-08-22,2021-08-28,110497.0,Saudi Central Bank (SAMA) weekly POS via KAPSARC Data Portal,REAL_OFFICIAL_AGGREGATE
2021-08-29,2021-09-04,112375.0,Saudi Central Bank (SAMA) weekly POS via KAPSARC Data Portal,REAL_OFFICIAL_AGGREGATE
2021-09-05,2021-09-11,110220.0,Saudi Central Bank (SAMA) weekly POS via KAPSARC Data Portal,REAL_OFFICIAL_AGGREGATE
2021-09-12,2021-09-18,104519.0,Saudi Central Bank (SAMA) weekly POS via KAPSARC Data Portal,REAL_OFFICIAL_AGGREGATE
2021-09-19,2021-09-25,103627.0,Saudi Central Bank (SAMA) weekly POS via KAPSARC Data Portal,REAL_OFFICIAL_AGGREGATE
2021-09-26,2021-10-02,119137.0,Saudi Central Bank (SAMA) weekly POS via KAPSARC Data Portal,REAL_OFFICIAL_AGGREGATE
2021-10-03,2021-10-09,113012.0,Saudi Central Bank (SAMA) weekly POS via KAPSARC Data Portal,REAL_OFFICIAL_AGGREGATE
2021-10-10,2021-10-16,111255.0,Saudi Central Bank (SAMA) weekly POS via KAPSARC Data Portal,REAL_OFFICIAL_AGGREGATE
2021-10-17,2021-10-23,102766.0,Saudi Central Bank (SAMA) weekly POS via KAPSARC Data Portal,REAL_OFFICIAL_AGGREGATE
2021-10-24,2021-10-30,118497.0,Saudi Central Bank (SAMA) weekly POS via KAPSARC Data Portal,REAL_OFFICIAL_AGGREGATE
2021-10-31,2021-11-06,118141.0,Saudi Central Bank (SAMA) weekly POS via KAPSARC Data Portal,REAL_OFFICIAL_AGGREGATE
2021-11-07,2021-11-13,115481.0,Saudi Central Bank (SAMA) weekly POS via KAPSARC Data Portal,REAL_OFFICIAL_AGGREGATE
2021-11-14,2021-11-20,107843.0,Saudi Central Bank (SAMA) weekly POS via KAPSARC Data Portal,REAL_OFFICIAL_AGGREGATE
2021-11-21,2021-11-27,112231.0,Saudi Central Bank (SAMA) weekly POS via KAPSARC Data Portal,REAL_OFFICIAL_AGGREGATE
2021-11-28,2021-12-04,129984.0,Saudi Central Bank (SAMA) weekly POS via KAPSARC Data Portal,REAL_OFFICIAL_AGGREGATE
2021-12-05,2021-12-11,120149.0,Saudi Central Bank (SAMA) weekly POS via KAPSARC Data Portal,REAL_OFFICIAL_AGGREGATE
2021-12-12,2021-12-18,113088.0,Saudi Central Bank (SAMA) weekly POS via KAPSARC Data Portal,REAL_OFFICIAL_AGGREGATE
2021-12-19,2021-12-25,107557.0,Saudi Central Bank (SAMA) weekly POS via KAPSARC Data Portal,REAL_OFFICIAL_AGGREGATE
2021-12-26,2022-01-01,132018.0,Saudi Central Bank (SAMA) weekly POS via KAPSARC Data Portal,REAL_OFFICIAL_AGGREGATE
2022-01-02,2022-01-08,122898.0,Saudi Central Bank (SAMA) weekly POS via KAPSARC Data Portal,REAL_OFFICIAL_AGGREGATE
2022-01-09,2022-01-15,120676.0,Saudi Central Bank (SAMA) weekly POS via KAPSARC Data Portal,REAL_OFFICIAL_AGGREGATE
2022-01-16,2022-01-22,111506.0,Saudi Central Bank (SAMA) weekly POS via KAPSARC Data Portal,REAL_OFFICIAL_AGGREGATE
2022-01-23,2022-01-29,125208.0,Saudi Central Bank (SAMA) weekly POS via KAPSARC Data Portal,REAL_OFFICIAL_AGGREGATE
2022-01-30,2022-02-05,129020.0,Saudi Central Bank (SAMA) weekly POS via KAPSARC Data Portal,REAL_OFFICIAL_AGGREGATE
2022-02-06,2022-02-12,122877.0,Saudi Central Bank (SAMA) weekly POS via KAPSARC Data Portal,REAL_OFFICIAL_AGGREGATE
2022-02-13,2022-02-19,118885.0,Saudi Central Bank (SAMA) weekly POS via KAPSARC Data Portal,REAL_OFFICIAL_AGGREGATE
2022-02-20,2022-02-26,120587.0,Saudi Central Bank (SAMA) weekly POS via KAPSARC Data Portal,REAL_OFFICIAL_AGGREGATE
2022-02-27,2022-03-05,139521.0,Saudi Central Bank (SAMA) weekly POS via KAPSARC Data Portal,REAL_OFFICIAL_AGGREGATE
2022-03-06,2022-03-12,135386.0,Saudi Central Bank (SAMA) weekly POS via KAPSARC Data Portal,REAL_OFFICIAL_AGGREGATE
2022-03-13,2022-03-19,128050.0,Saudi Central Bank (SAMA) weekly POS via KAPSARC Data Portal,REAL_OFFICIAL_AGGREGATE
2022-03-20,2022-03-26,128246.0,Saudi Central Bank (SAMA) weekly POS via KAPSARC Data Portal,REAL_OFFICIAL_AGGREGATE
2022-03-27,2022-04-02,153351.0,Saudi Central Bank (SAMA) weekly POS via KAPSARC Data Portal,REAL_OFFICIAL_AGGREGATE
2022-04-03,2022-04-09,110387.0,Saudi Central Bank (SAMA) weekly POS via KAPSARC Data Portal,REAL_OFFICIAL_AGGREGATE
2022-04-10,2022-04-16,114444.0,Saudi Central Bank (SAMA) weekly POS via KAPSARC Data Portal,REAL_OFFICIAL_AGGREGATE
2022-04-17,2022-04-23,112462.0,Saudi Central Bank (SAMA) weekly POS via KAPSARC Data Portal,REAL_OFFICIAL_AGGREGATE
2022-04-24,2022-04-30,153055.0,Saudi Central Bank (SAMA) weekly POS via KAPSARC Data Portal,REAL_OFFICIAL_AGGREGATE
2022-05-01,2022-05-07,120147.0,Saudi Central Bank (SAMA) weekly POS via KAPSARC Data Portal,REAL_OFFICIAL_AGGREGATE
2022-05-08,2022-05-14,128325.0,Saudi Central Bank (SAMA) weekly POS via KAPSARC Data Portal,REAL_OFFICIAL_AGGREGATE
2022-05-15,2022-05-21,124158.0,Saudi Central Bank (SAMA) weekly POS via KAPSARC Data Portal,REAL_OFFICIAL_AGGREGATE
2022-05-22,2022-05-28,139381.0,Saudi Central Bank (SAMA) weekly POS via KAPSARC Data Portal,REAL_OFFICIAL_AGGREGATE
2022-05-29,2022-06-04,144698.0,Saudi Central Bank (SAMA) weekly POS via KAPSARC Data Portal,REAL_OFFICIAL_AGGREGATE
2022-06-05,2022-06-11,142458.0,Saudi Central Bank (SAMA) weekly POS via KAPSARC Data Portal,REAL_OFFICIAL_AGGREGATE
2022-06-12,2022-06-18,135206.0,Saudi Central Bank (SAMA) weekly POS via KAPSARC Data Portal,REAL_OFFICIAL_AGGREGATE
2022-06-19,2022-06-25,126682.0,Saudi Central Bank (SAMA) weekly POS via KAPSARC Data Portal,REAL_OFFICIAL_AGGREGATE
2022-06-26,2022-07-02,159518.0,Saudi Central Bank (SAMA) weekly POS via KAPSARC Data Portal,REAL_OFFICIAL_AGGREGATE
2022-07-03,2022-07-09,151178.0,Saudi Central Bank (SAMA) weekly POS via KAPSARC Data Portal,REAL_OFFICIAL_AGGREGATE
2022-07-10,2022-07-16,122999.0,Saudi Central Bank (SAMA) weekly POS via KAPSARC Data Portal,REAL_OFFICIAL_AGGREGATE
2022-07-17,2022-07-23,125027.0,Saudi Central Bank (SAMA) weekly POS via KAPSARC Data Portal,REAL_OFFICIAL_AGGREGATE
2022-07-24,2022-07-30,147102.0,Saudi Central Bank (SAMA) weekly POS via KAPSARC Data Portal,REAL_OFFICIAL_AGGREGATE
2022-07-31,2022-08-06,145051.0,Saudi Central Bank (SAMA) weekly POS via KAPSARC Data Portal,REAL_OFFICIAL_AGGREGATE
2022-08-07,2022-08-13,143471.0,Saudi Central Bank (SAMA) weekly POS via KAPSARC Data Portal,REAL_OFFICIAL_AGGREGATE
2022-08-14,2022-08-20,138608.0,Saudi Central Bank (SAMA) weekly POS via KAPSARC Data Portal,REAL_OFFICIAL_AGGREGATE
2022-08-21,2022-08-27,142718.0,Saudi Central Bank (SAMA) weekly POS via KAPSARC Data Portal,REAL_OFFICIAL_AGGREGATE
2022-08-28,2022-09-03,162486.0,Saudi Central Bank (SAMA) weekly POS via KAPSARC Data Portal,REAL_OFFICIAL_AGGREGATE
2022-09-04,2022-09-10,147651.0,Saudi Central Bank (SAMA) weekly POS via KAPSARC Data Portal,REAL_OFFICIAL_AGGREGATE
2022-09-11,2022-09-17,147526.0,Saudi Central Bank (SAMA) weekly POS via KAPSARC Data Portal,REAL_OFFICIAL_AGGREGATE
2022-09-18,2022-09-24,142432.0,Saudi Central Bank (SAMA) weekly POS via KAPSARC Data Portal,REAL_OFFICIAL_AGGREGATE
2022-09-25,2022-10-01,160613.0,Saudi Central Bank (SAMA) weekly POS via KAPSARC Data Portal,REAL_OFFICIAL_AGGREGATE
2022-10-02,2022-10-08,154383.0,Saudi Central Bank (SAMA) weekly POS via KAPSARC Data Portal,REAL_OFFICIAL_AGGREGATE
2022-10-09,2022-10-15,151340.0,Saudi Central Bank (SAMA) weekly POS via KAPSARC Data Portal,REAL_OFFICIAL_AGGREGATE
2022-10-16,2022-10-22,138928.0,Saudi Central Bank (SAMA) weekly POS via KAPSARC Data Portal,REAL_OFFICIAL_AGGREGATE
2022-10-23,2022-10-29,156360.0,Saudi Central Bank (SAMA) weekly POS via KAPSARC Data Portal,REAL_OFFICIAL_AGGREGATE
2022-10-30,2022-11-05,160288.0,Saudi Central Bank (SAMA) weekly POS via KAPSARC Data Portal,REAL_OFFICIAL_AGGREGATE
2022-11-06,2022-11-12,154213.0,Saudi Central Bank (SAMA) weekly POS via KAPSARC Data Portal,REAL_OFFICIAL_AGGREGATE
2022-11-13,2022-11-19,145626.0,Saudi Central Bank (SAMA) weekly POS via KAPSARC Data Portal,REAL_OFFICIAL_AGGREGATE
2022-11-20,2022-11-26,142629.0,Saudi Central Bank (SAMA) weekly POS via KAPSARC Data Portal,REAL_OFFICIAL_AGGREGATE
2022-11-27,2022-12-03,171207.0,Saudi Central Bank (SAMA) weekly POS via KAPSARC Data Portal,REAL_OFFICIAL_AGGREGATE
2022-12-04,2022-12-10,153088.0,Saudi Central Bank (SAMA) weekly POS via KAPSARC Data Portal,REAL_OFFICIAL_AGGREGATE
2022-12-11,2022-12-17,155366.0,Saudi Central Bank (SAMA) weekly POS via KAPSARC Data Portal,REAL_OFFICIAL_AGGREGATE
2022-12-18,2022-12-24,142409.0,Saudi Central Bank (SAMA) weekly POS via KAPSARC Data Portal,REAL_OFFICIAL_AGGREGATE
2022-12-25,2022-12-31,168373.0,Saudi Central Bank (SAMA) weekly POS via KAPSARC Data Portal,REAL_OFFICIAL_AGGREGATE
2023-01-01,2023-01-07,157175.0,Saudi Central Bank (SAMA) weekly POS via KAPSARC Data Portal,REAL_OFFICIAL_AGGREGATE
2023-01-08,2023-01-14,155827.0,Saudi Central Bank (SAMA) weekly POS via KAPSARC Data Portal,REAL_OFFICIAL_AGGREGATE
2023-01-15,2023-01-21,144764.0,Saudi Central Bank (SAMA) weekly POS via KAPSARC Data Portal,REAL_OFFICIAL_AGGREGATE
2023-01-22,2023-01-28,141095.0,Saudi Central Bank (SAMA) weekly POS via KAPSARC Data Portal,REAL_OFFICIAL_AGGREGATE
2023-01-29,2023-02-04,167916.0,Saudi Central Bank (SAMA) weekly POS via KAPSARC Data Portal,REAL_OFFICIAL_AGGREGATE
2023-02-05,2023-02-11,160761.0,Saudi Central Bank (SAMA) weekly POS via KAPSARC Data Portal,REAL_OFFICIAL_AGGREGATE
2023-02-12,2023-02-18,152195.0,Saudi Central Bank (SAMA) weekly POS via KAPSARC Data Portal,REAL_OFFICIAL_AGGREGATE
2023-02-19,2023-02-25,147813.0,Saudi Central Bank (SAMA) weekly POS via KAPSARC Data Portal,REAL_OFFICIAL_AGGREGATE
2023-02-26,2023-03-04,182044.0,Saudi Central Bank (SAMA) weekly POS via KAPSARC Data Portal,REAL_OFFICIAL_AGGREGATE
2023-03-05,2023-03-11,174654.0,Saudi Central Bank (SAMA) weekly POS via KAPSARC Data Portal,REAL_OFFICIAL_AGGREGATE
2023-03-12,2023-03-18,163255.0,Saudi Central Bank (SAMA) weekly POS via KAPSARC Data Portal,REAL_OFFICIAL_AGGREGATE
2023-03-19,2023-03-25,146312.0,Saudi Central Bank (SAMA) weekly POS via KAPSARC Data Portal,REAL_OFFICIAL_AGGREGATE
2023-03-26,2023-04-01,150207.0,Saudi Central Bank (SAMA) weekly POS via KAPSARC Data Portal,REAL_OFFICIAL_AGGREGATE
2023-04-02,2023-04-08,153826.0,Saudi Central Bank (SAMA) weekly POS via KAPSARC Data Portal,REAL_OFFICIAL_AGGREGATE
2023-04-09,2023-04-15,156734.0,Saudi Central Bank (SAMA) weekly POS via KAPSARC Data Portal,REAL_OFFICIAL_AGGREGATE
2023-04-16,2023-04-22,153692.0,Saudi Central Bank (SAMA) weekly POS via KAPSARC Data Portal,REAL_OFFICIAL_AGGREGATE
2023-04-23,2023-04-29,155411.0,Saudi Central Bank (SAMA) weekly POS via KAPSARC Data Portal,REAL_OFFICIAL_AGGREGATE
2023-04-30,2023-05-06,172577.0,Saudi Central Bank (SAMA) weekly POS via KAPSARC Data Portal,REAL_OFFICIAL_AGGREGATE
2023-05-07,2023-05-13,171464.0,Saudi Central Bank (SAMA) weekly POS via KAPSARC Data Portal,REAL_OFFICIAL_AGGREGATE
2023-05-14,2023-05-20,160857.0,Saudi Central Bank (SAMA) weekly POS via KAPSARC Data Portal,REAL_OFFICIAL_AGGREGATE
2023-05-21,2023-05-27,163445.0,Saudi Central Bank (SAMA) weekly POS via KAPSARC Data Portal,REAL_OFFICIAL_AGGREGATE
2023-05-28,2023-06-03,188590.0,Saudi Central Bank (SAMA) weekly POS via KAPSARC Data Portal,REAL_OFFICIAL_AGGREGATE
2023-06-04,2023-06-10,173918.0,Saudi Central Bank (SAMA) weekly POS via KAPSARC Data Portal,REAL_OFFICIAL_AGGREGATE
2023-06-11,2023-06-17,175694.0,Saudi Central Bank (SAMA) weekly POS via KAPSARC Data Portal,REAL_OFFICIAL_AGGREGATE
2023-06-18,2023-06-24,171662.0,Saudi Central Bank (SAMA) weekly POS via KAPSARC Data Portal,REAL_OFFICIAL_AGGREGATE
2023-06-25,2023-07-01,177776.0,Saudi Central Bank (SAMA) weekly POS via KAPSARC Data Portal,REAL_OFFICIAL_AGGREGATE
2023-07-02,2023-07-08,166489.0,Saudi Central Bank (SAMA) weekly POS via KAPSARC Data Portal,REAL_OFFICIAL_AGGREGATE
2023-07-09,2023-07-15,171246.0,Saudi Central Bank (SAMA) weekly POS via KAPSARC Data Portal,REAL_OFFICIAL_AGGREGATE
2023-07-16,2023-07-22,159618.0,Saudi Central Bank (SAMA) weekly POS via KAPSARC Data Portal,REAL_OFFICIAL_AGGREGATE
2023-07-23,2023-07-29,173387.0,Saudi Central Bank (SAMA) weekly POS via KAPSARC Data Portal,REAL_OFFICIAL_AGGREGATE
2023-07-30,2023-08-05,183645.0,Saudi Central Bank (SAMA) weekly POS via KAPSARC Data Portal,REAL_OFFICIAL_AGGREGATE
2023-08-06,2023-08-12,178956.0,Saudi Central Bank (SAMA) weekly POS via KAPSARC Data Portal,REAL_OFFICIAL_AGGREGATE
2023-08-13,2023-08-19,172775.0,Saudi Central Bank (SAMA) weekly POS via KAPSARC Data Portal,REAL_OFFICIAL_AGGREGATE
2023-08-20,2023-08-26,166097.0,Saudi Central Bank (SAMA) weekly POS via KAPSARC Data Portal,REAL_OFFICIAL_AGGREGATE
2023-08-27,2023-09-02,195602.0,Saudi Central Bank (SAMA) weekly POS via KAPSARC Data Portal,REAL_OFFICIAL_AGGREGATE
2023-09-03,2023-09-09,180155.0,Saudi Central Bank (SAMA) weekly POS via KAPSARC Data Portal,REAL_OFFICIAL_AGGREGATE
2023-09-10,2023-09-16,181876.0,Saudi Central Bank (SAMA) weekly POS via KAPSARC Data Portal,REAL_OFFICIAL_AGGREGATE
2023-09-17,2023-09-23,173910.0,Saudi Central Bank (SAMA) weekly POS via KAPSARC Data Portal,REAL_OFFICIAL_AGGREGATE
2023-09-24,2023-09-30,191142.0,Saudi Central Bank (SAMA) weekly POS via KAPSARC Data Portal,REAL_OFFICIAL_AGGREGATE
2023-10-01,2023-10-07,189423.0,Saudi Central Bank (SAMA) weekly POS via KAPSARC Data Portal,REAL_OFFICIAL_AGGREGATE
2023-10-08,2023-10-14,183772.0,Saudi Central Bank (SAMA) weekly POS via KAPSARC Data Portal,REAL_OFFICIAL_AGGREGATE
2023-10-15,2023-10-21,169962.0,Saudi Central Bank (SAMA) weekly POS via KAPSARC Data Portal,REAL_OFFICIAL_AGGREGATE
2023-10-22,2023-10-28,186331.0,Saudi Central Bank (SAMA) weekly POS via KAPSARC Data Portal,REAL_OFFICIAL_AGGREGATE
2023-10-29,2023-11-04,193290.0,Saudi Central Bank (SAMA) weekly POS via KAPSARC Data Portal,REAL_OFFICIAL_AGGREGATE
2023-11-05,2023-11-11,185865.0,Saudi Central Bank (SAMA) weekly POS via KAPSARC Data Portal,REAL_OFFICIAL_AGGREGATE
2023-11-12,2023-11-18,180221.0,Saudi Central Bank (SAMA) weekly POS via KAPSARC Data Portal,REAL_OFFICIAL_AGGREGATE
2023-11-19,2023-11-25,171930.0,Saudi Central Bank (SAMA) weekly POS via KAPSARC Data Portal,REAL_OFFICIAL_AGGREGATE
2023-11-26,2023-12-02,204688.0,Saudi Central Bank (SAMA) weekly POS via KAPSARC Data Portal,REAL_OFFICIAL_AGGREGATE
2023-12-03,2023-12-09,187765.0,Saudi Central Bank (SAMA) weekly POS via KAPSARC Data Portal,REAL_OFFICIAL_AGGREGATE
2023-12-10,2023-12-16,186657.0,Saudi Central Bank (SAMA) weekly POS via KAPSARC Data Portal,REAL_OFFICIAL_AGGREGATE
2023-12-17,2023-12-23,171770.0,Saudi Central Bank (SAMA) weekly POS via KAPSARC Data Portal,REAL_OFFICIAL_AGGREGATE
2023-12-24,2023-12-30,198191.0,Saudi Central Bank (SAMA) weekly POS via KAPSARC Data Portal,REAL_OFFICIAL_AGGREGATE
2023-12-31,2024-01-06,198013.0,Saudi Central Bank (SAMA) weekly POS via KAPSARC Data Portal,REAL_OFFICIAL_AGGREGATE
2024-01-07,2024-01-13,191673.0,Saudi Central Bank (SAMA) weekly POS via KAPSARC Data Portal,REAL_OFFICIAL_AGGREGATE
2024-01-14,2024-01-20,172823.0,Saudi Central Bank (SAMA) weekly POS via KAPSARC Data Portal,REAL_OFFICIAL_AGGREGATE
2024-01-21,2024-01-27,178011.0,Saudi Central Bank (SAMA) weekly POS via KAPSARC Data Portal,REAL_OFFICIAL_AGGREGATE
2024-01-28,2024-02-03,204897.0,Saudi Central Bank (SAMA) weekly POS via KAPSARC Data Portal,REAL_OFFICIAL_AGGREGATE
2024-02-04,2024-02-10,188307.0,Saudi Central Bank (SAMA) weekly POS via KAPSARC Data Portal,REAL_OFFICIAL_AGGREGATE
2024-02-11,2024-02-17,191200.0,Saudi Central Bank (SAMA) weekly POS via KAPSARC Data Portal,REAL_OFFICIAL_AGGREGATE
2024-02-18,2024-02-24,186346.0,Saudi Central Bank (SAMA) weekly POS via KAPSARC Data Portal,REAL_OFFICIAL_AGGREGATE
2024-02-25,2024-03-02,212770.0,Saudi Central Bank (SAMA) weekly POS via KAPSARC Data Portal,REAL_OFFICIAL_AGGREGATE
2024-03-03,2024-03-09,206227.0,Saudi Central Bank (SAMA) weekly POS via KAPSARC Data Portal,REAL_OFFICIAL_AGGREGATE
2024-03-10,2024-03-16,168615.0,Saudi Central Bank (SAMA) weekly POS via KAPSARC Data Portal,REAL_OFFICIAL_AGGREGATE
2024-03-17,2024-03-23,160246.0,Saudi Central Bank (SAMA) weekly POS via KAPSARC Data Portal,REAL_OFFICIAL_AGGREGATE
2024-03-24,2024-03-30,174062.0,Saudi Central Bank (SAMA) weekly POS via KAPSARC Data Portal,REAL_OFFICIAL_AGGREGATE
2024-03-31,2024-04-06,203174.0,Saudi Central Bank (SAMA) weekly POS via KAPSARC Data Portal,REAL_OFFICIAL_AGGREGATE
2024-04-07,2024-04-13,179221.0,Saudi Central Bank (SAMA) weekly POS via KAPSARC Data Portal,REAL_OFFICIAL_AGGREGATE
2024-04-14,2024-04-20,171037.0,Saudi Central Bank (SAMA) weekly POS via KAPSARC Data Portal,REAL_OFFICIAL_AGGREGATE
2024-04-21,2024-04-27,181035.0,Saudi Central Bank (SAMA) weekly POS via KAPSARC Data Portal,REAL_OFFICIAL_AGGREGATE
2024-04-28,2024-05-04,214543.0,Saudi Central Bank (SAMA) weekly POS via KAPSARC Data Portal,REAL_OFFICIAL_AGGREGATE
2024-05-05,2024-05-11,204102.0,Saudi Central Bank (SAMA) weekly POS via KAPSARC Data Portal,REAL_OFFICIAL_AGGREGATE
2024-05-12,2024-05-18,193645.0,Saudi Central Bank (SAMA) weekly POS via KAPSARC Data Portal,REAL_OFFICIAL_AGGREGATE
2024-05-19,2024-05-25,184464.0,Saudi Central Bank (SAMA) weekly POS via KAPSARC Data Portal,REAL_OFFICIAL_AGGREGATE
2024-05-26,2024-06-01,219685.0,Saudi Central Bank (SAMA) weekly POS via KAPSARC Data Portal,REAL_OFFICIAL_AGGREGATE
2024-06-02,2024-06-08,207807.0,Saudi Central Bank (SAMA) weekly POS via KAPSARC Data Portal,REAL_OFFICIAL_AGGREGATE
2024-06-09,2024-06-15,213379.0,Saudi Central Bank (SAMA) weekly POS via KAPSARC Data Portal,REAL_OFFICIAL_AGGREGATE
2024-06-16,2024-06-22,155643.0,Saudi Central Bank (SAMA) weekly POS via KAPSARC Data Portal,REAL_OFFICIAL_AGGREGATE
2024-06-23,2024-06-29,189693.0,Saudi Central Bank (SAMA) weekly POS via KAPSARC Data Portal,REAL_OFFICIAL_AGGREGATE
2024-06-30,2024-07-06,205033.0,Saudi Central Bank (SAMA) weekly POS via KAPSARC Data Portal,REAL_OFFICIAL_AGGREGATE
2024-07-07,2024-07-13,197524.0,Saudi Central Bank (SAMA) weekly POS via KAPSARC Data Portal,REAL_OFFICIAL_AGGREGATE
2024-07-14,2024-07-20,183787.0,Saudi Central Bank (SAMA) weekly POS via KAPSARC Data Portal,REAL_OFFICIAL_AGGREGATE
2024-07-21,2024-07-27,184097.0,Saudi Central Bank (SAMA) weekly POS via KAPSARC Data Portal,REAL_OFFICIAL_AGGREGATE
2024-07-28,2024-08-03,216478.0,Saudi Central Bank (SAMA) weekly POS via KAPSARC Data Portal,REAL_OFFICIAL_AGGREGATE
2024-08-04,2024-08-10,201984.0,Saudi Central Bank (SAMA) weekly POS via KAPSARC Data Portal,REAL_OFFICIAL_AGGREGATE
2024-08-11,2024-08-17,204274.0,Saudi Central Bank (SAMA) weekly POS via KAPSARC Data Portal,REAL_OFFICIAL_AGGREGATE
2024-08-18,2024-08-24,185431.0,Saudi Central Bank (SAMA) weekly POS via KAPSARC Data Portal,REAL_OFFICIAL_AGGREGATE
2024-08-25,2024-08-31,212838.0,Saudi Central Bank (SAMA) weekly POS via KAPSARC Data Portal,REAL_OFFICIAL_AGGREGATE
2024-09-01,2024-09-07,213455.0,Saudi Central Bank (SAMA) weekly POS via KAPSARC Data Portal,REAL_OFFICIAL_AGGREGATE
2024-09-08,2024-09-14,207410.0,Saudi Central Bank (SAMA) weekly POS via KAPSARC Data Portal,REAL_OFFICIAL_AGGREGATE
2024-09-15,2024-09-21,197263.0,Saudi Central Bank (SAMA) weekly POS via KAPSARC Data Portal,REAL_OFFICIAL_AGGREGATE
2024-09-22,2024-09-28,207724.0,Saudi Central Bank (SAMA) weekly POS via KAPSARC Data Portal,REAL_OFFICIAL_AGGREGATE
2024-09-29,2024-10-05,218525.0,Saudi Central Bank (SAMA) weekly POS via KAPSARC Data Portal,REAL_OFFICIAL_AGGREGATE
2024-10-06,2024-10-12,208495.0,Saudi Central Bank (SAMA) weekly POS via KAPSARC Data Portal,REAL_OFFICIAL_AGGREGATE
2024-10-13,2024-10-19,198249.0,Saudi Central Bank (SAMA) weekly POS via KAPSARC Data Portal,REAL_OFFICIAL_AGGREGATE
2024-10-20,2024-10-26,192099.0,Saudi Central Bank (SAMA) weekly POS via KAPSARC Data Portal,REAL_OFFICIAL_AGGREGATE
2024-10-27,2024-11-02,227769.0,Saudi Central Bank (SAMA) weekly POS via KAPSARC Data Portal,REAL_OFFICIAL_AGGREGATE
2024-11-03,2024-11-09,214579.0,Saudi Central Bank (SAMA) weekly POS via KAPSARC Data Portal,REAL_OFFICIAL_AGGREGATE
2024-11-10,2024-11-16,212147.0,Saudi Central Bank (SAMA) weekly POS via KAPSARC Data Portal,REAL_OFFICIAL_AGGREGATE
2024-11-17,2024-11-23,193588.0,Saudi Central Bank (SAMA) weekly POS via KAPSARC Data Portal,REAL_OFFICIAL_AGGREGATE
2024-11-24,2024-11-30,219145.0,Saudi Central Bank (SAMA) weekly POS via KAPSARC Data Portal,REAL_OFFICIAL_AGGREGATE
2024-12-01,2024-12-07,221698.0,Saudi Central Bank (SAMA) weekly POS via KAPSARC Data Portal,REAL_OFFICIAL_AGGREGATE
2024-12-08,2024-12-14,212700.0,Saudi Central Bank (SAMA) weekly POS via KAPSARC Data Portal,REAL_OFFICIAL_AGGREGATE
2024-12-15,2024-12-21,196486.0,Saudi Central Bank (SAMA) weekly POS via KAPSARC Data Portal,REAL_OFFICIAL_AGGREGATE
2024-12-22,2024-12-28,211971.0,Saudi Central Bank (SAMA) weekly POS via KAPSARC Data Portal,REAL_OFFICIAL_AGGREGATE
2024-12-29,2025-01-04,224944.0,Saudi Central Bank (SAMA) weekly POS via KAPSARC Data Portal,REAL_OFFICIAL_AGGREGATE
2025-01-05,2025-01-11,216521.0,Saudi Central Bank (SAMA) weekly POS via KAPSARC Data Portal,REAL_OFFICIAL_AGGREGATE
2025-01-12,2025-01-18,198570.0,Saudi Central Bank (SAMA) weekly POS via KAPSARC Data Portal,REAL_OFFICIAL_AGGREGATE
2025-01-19,2025-01-25,191451.0,Saudi Central Bank (SAMA) weekly POS via KAPSARC Data Portal,REAL_OFFICIAL_AGGREGATE
2025-01-26,2025-02-01,232673.0,Saudi Central Bank (SAMA) weekly POS via KAPSARC Data Portal,REAL_OFFICIAL_AGGREGATE
2025-02-02,2025-02-08,219583.0,Saudi Central Bank (SAMA) weekly POS via KAPSARC Data Portal,REAL_OFFICIAL_AGGREGATE
2025-02-09,2025-02-15,216651.0,Saudi Central Bank (SAMA) weekly POS via KAPSARC Data Portal,REAL_OFFICIAL_AGGREGATE
2025-02-16,2025-02-22,210088.0,Saudi Central Bank (SAMA) weekly POS via KAPSARC Data Portal,REAL_OFFICIAL_AGGREGATE
2025-02-23,2025-03-01,231399.0,Saudi Central Bank (SAMA) weekly POS via KAPSARC Data Portal,REAL_OFFICIAL_AGGREGATE
2025-03-02,2025-03-08,185481.0,Saudi Central Bank (SAMA) weekly POS via KAPSARC Data Portal,REAL_OFFICIAL_AGGREGATE
2025-03-09,2025-03-15,193126.0,Saudi Central Bank (SAMA) weekly POS via KAPSARC Data Portal,REAL_OFFICIAL_AGGREGATE
2025-03-16,2025-03-22,193645.0,Saudi Central Bank (SAMA) weekly POS via KAPSARC Data Portal,REAL_OFFICIAL_AGGREGATE
2025-03-23,2025-03-29,245751.0,Saudi Central Bank (SAMA) weekly POS via KAPSARC Data Portal,REAL_OFFICIAL_AGGREGATE
2025-03-30,2025-04-05,191591.0,Saudi Central Bank (SAMA) weekly POS via KAPSARC Data Portal,REAL_OFFICIAL_AGGREGATE
2025-04-06,2025-04-12,209078.0,Saudi Central Bank (SAMA) weekly POS via KAPSARC Data Portal,REAL_OFFICIAL_AGGREGATE
2025-04-13,2025-04-19,201963.0,Saudi Central Bank (SAMA) weekly POS via KAPSARC Data Portal,REAL_OFFICIAL_AGGREGATE
2025-04-20,2025-04-26,199751.0,Saudi Central Bank (SAMA) weekly POS via KAPSARC Data Portal,REAL_OFFICIAL_AGGREGATE
2025-04-27,2025-05-03,241008.0,Saudi Central Bank (SAMA) weekly POS via KAPSARC Data Portal,REAL_OFFICIAL_AGGREGATE
2025-05-04,2025-05-10,221097.0,Saudi Central Bank (SAMA) weekly POS via KAPSARC Data Portal,REAL_OFFICIAL_AGGREGATE
2025-05-11,2025-05-17,217622.0,Saudi Central Bank (SAMA) weekly POS via KAPSARC Data Portal,REAL_OFFICIAL_AGGREGATE
2025-05-18,2025-05-24,205980.0,Saudi Central Bank (SAMA) weekly POS via KAPSARC Data Portal,REAL_OFFICIAL_AGGREGATE
2025-05-25,2025-05-31,237955.0,Saudi Central Bank (SAMA) weekly POS via KAPSARC Data Portal,REAL_OFFICIAL_AGGREGATE
2025-06-01,2025-06-07,228177.0,Saudi Central Bank (SAMA) weekly POS via KAPSARC Data Portal,REAL_OFFICIAL_AGGREGATE
2025-06-08,2025-06-14,203781.0,Saudi Central Bank (SAMA) weekly POS via KAPSARC Data Portal,REAL_OFFICIAL_AGGREGATE
2025-06-15,2025-06-21,202512.0,Saudi Central Bank (SAMA) weekly POS via KAPSARC Data Portal,REAL_OFFICIAL_AGGREGATE
2025-06-22,2025-06-28,219952.0,Saudi Central Bank (SAMA) weekly POS via KAPSARC Data Portal,REAL_OFFICIAL_AGGREGATE
2025-06-29,2025-07-05,230488.0,Saudi Central Bank (SAMA) weekly POS via KAPSARC Data Portal,REAL_OFFICIAL_AGGREGATE
2025-07-06,2025-07-12,223571.0,Saudi Central Bank (SAMA) weekly POS via KAPSARC Data Portal,REAL_OFFICIAL_AGGREGATE
