origin_week_start,forecast_h1_week_start,forecast_h2_week_start,predicted_value_h1,predicted_value_h2,predicted_count_h1,predicted_count_h2,actual_value_h1,actual_value_h2,actual_count_h1,actual_count_h2,predicted_value_h1_index_52median,predicted_value_h2_index_52median,predicted_count_h1_index_52median,predicted_count_h2_index_52median,predicted_value_h1_change_vs_last,predicted_value_h2_change_vs_last,predicted_count_h1_change_vs_last,predicted_count_h2_change_vs_last
2022-12-25,2023-01-01,2023-01-08,11018956.519270593,11318952.769731836,156145.1971760466,156499.1252206575,11173805.999999987,10673810.000000017,157174.99999999994,155826.99999999994,1.0557414847172308,1.0844845409510637,1.0963674272737887,1.0988525192697505,-0.18115049001335604,-0.15885692870758172,-0.072623299602391,-0.07052125209708504
2023-01-01,2023-01-08,2023-01-15,10842022.969284346,10583376.237930415,156078.50673992286,154162.89545984296,10673810.000000017,9712989.000000013,155826.99999999994,144763.99999999997,1.032707474681656,1.0080712593251768,1.0957106724695347,1.0822625958078063,-0.029692929223547826,-0.052840523817004215,-0.006976257420563958,-0.019164018070030542
2023-01-08,2023-01-15,2023-01-22,10367367.58696842,12107327.653527193,145426.93066850133,157843.09446625185,9712989.000000013,10105443.999999987,144763.99999999997,141094.99999999994,0.9809902234659852,1.145630263495134,1.0202284261892076,1.107332810449104,-0.028709749661234407,0.13430233942024383,-0.06674112529599285,0.012938030419964663
2023-01-15,2023-01-22,2023-01-29,11288622.753126172,11328995.83562544,150582.04530500257,158332.78470164456,10105443.999999987,12020454.999999981,141094.99999999994,167916.00000000006,1.0681620444453312,1.071982261958671,1.0554310737803627,1.1097560843579541,0.16221924611735616,0.16637585357354356,0.04018986284575288,0.09373037980191601
2023-01-22,2023-01-29,2023-02-05,12974630.69436328,10843839.681379857,166460.838977509,152867.23635266186,12020454.999999981,10912251.999999994,167916.00000000006,160761.00000000012,1.2276969787635286,1.0260753873179462,1.1667256987282781,1.0714480008737561,0.2839248522245317,0.07306909833747599,0.17977843989871367,0.08343482301046712
2023-01-29,2023-02-05,2023-02-12,11190983.722261816,10494118.63746951,159268.83419697304,152785.7984356361,10912251.999999994,10347280.000000011,160761.00000000012,152195.0000000001,1.0562891982886236,0.9905138312611191,1.1130325358205455,1.0677265613677402,-0.06900498173639713,-0.12697825186571476,-0.051496973504770005,-0.090105776485647
2023-02-05,2023-02-12,2023-02-19,10567472.36422798,9646520.314350162,159577.4867125919,142923.5654992928,10347280.000000011,10399437.000000006,152195.0000000001,147813.0,0.9937035995840285,0.9071026286549945,1.1075270880114925,0.9919426829346168,-0.031595644581157045,-0.11599179396240467,-0.007361942805830357,-0.11095623006019617
2023-02-12,2023-02-19,2023-02-26,10183801.727301545,11592409.592880785,144553.77588446805,155994.46333744298,10399437.000000006,14574054.999999976,147813.0,182043.99999999988,0.9576254458091407,1.0900827315425514,0.9987754930489532,1.0778234333863719,-0.01579915424135181,0.12033400013151141,-0.05020680124532306,0.02496444257329733
2023-02-19,2023-02-26,2023-03-05,12033864.928263469,11047704.188438743,165039.8020320414,160025.4234216002,14574054.999999976,13209339.999999981,182043.99999999988,174654.00000000015,1.13159462205956,1.0388618054354524,1.1389320913827192,1.1043280949681706,0.1571650396327675,0.06233675808014838,0.11654456666221091,0.08262076692577924
2023-02-26,2023-03-05,2023-03-12,11104843.625664381,10503606.309322998,162387.54415831412,154791.6839068637,13209339.999999981,11999163.999999989,174654.00000000015,163254.9999999999,1.0442348655667972,0.9876980074743066,1.1173057665953214,1.0650425311040344,-0.23804022794861268,-0.27929417658139766,-0.10797640043992596,-0.14970180886563844
2023-03-05,2023-03-12,2023-03-19,10985461.422064766,10602627.619401561,152635.11075707534,146268.53289346126,11999163.999999989,11040363.999999993,163254.9999999999,146312.0,1.0330088579318222,0.9970093951807634,1.042845991890597,0.9993477418864014,-0.16835652484796615,-0.1973385786571047,-0.1260714855824926,-0.16252400235058306
2023-03-12,2023-03-19,2023-03-26,11001639.209487982,12194987.484812638,148591.97648764687,150967.24340634514,11040363.999999993,12704203.000000002,146312.0,150207.0000000001,1.0345301229081256,1.1467456495615644,1.0086751869316348,1.0247990238968812,-0.0831328574650716,0.01631976067771368,-0.08981668869163661,-0.07526726038194764
2023-03-19,2023-03-26,2023-04-02,12009550.506636556,12477932.624628762,149859.92683801244,151249.8153049746,12704203.000000002,12580793.000000019,150207.0000000001,153825.9999999999,1.1289870911462812,1.1730184947067006,1.0172823142268381,1.0267171844154295,0.08778573846265902,0.13021025616807225,0.024249048868257184,0.033748532621894256
2023-03-26,2023-04-02,2023-04-09,13478969.461503651,12359366.106239548,166669.0196113282,160670.07027735692,12580793.000000019,13039319.0,153825.9999999999,156734.0000000001,1.2671234044590785,1.161872359917592,1.1313861521058977,1.090663957786476,0.06098505049892955,-0.027143528307950637,0.10959555554220635,0.06965767425856928
2023-04-02,2023-04-09,2023-04-16,13242292.538686272,11829526.222530564,166197.0078908958,149702.7745602992,13039319.0,12003977.999999994,156734.0000000001,153692.00000000003,1.236840995440384,1.104887461587097,1.1260837252963192,1.0143254695338675,0.052580114678484335,-0.059715375451248276,0.08042208658416516,-0.0268044767445087
2023-04-09,2023-04-16,2023-04-23,11976103.896106215,12519940.047087107,148037.61686210588,148608.22181497255,12003977.999999994,10377590.00000001,153692.00000000003,155410.99999999988,1.11186616204568,1.162356122655442,1.0020687248673672,1.0059311578735315,-0.0815391589003831,-0.039831754473749204,-0.05548498180288974,-0.051844387210352894
2023-04-16,2023-04-23,2023-04-30,12886494.350276038,12754403.875270156,151074.77252040248,154534.0543176207,10377590.00000001,11592921.999999996,155410.99999999988,172577.00000000003,1.1919296481658772,1.1797120078115435,1.0138566037205723,1.0370717020174531,0.07351865775462407,0.0625147659609302,-0.017029041717184557,0.005478842865085376
2023-04-23,2023-04-30,2023-05-07,12417336.12608936,12295628.660898134,161175.99703286993,158375.44660479936,11592921.999999996,10890228.000000006,172577.00000000003,171463.99999999994,1.1528303345660706,1.1415309659743806,1.081645507233541,1.0628511281444155,0.19655296905055608,0.18482505677119,0.037095167220273506,0.019074882761190404
2023-04-30,2023-05-07,2023-05-14,11978900.579129815,12718391.351452019,169105.46278093974,165843.4061694288,10890228.000000006,10092015.000000011,171463.99999999994,160857.00000000003,1.1079822304341738,1.1763810479959909,1.122188979417952,1.1005418728166882,0.03329433072436916,0.09708245698987872,-0.020115874184046922,-0.0390179098638358
2023-05-07,2023-05-14,2023-05-21,12362301.526508005,11189836.849651145,171021.9570685081,163826.3619621154,10092015.000000011,10704997.000000007,160857.00000000003,163445.0000000001,1.1388541903305793,1.0308430479563326,1.1306564043693803,1.0830850525397853,0.1351738022847644,0.02751171505786143,-0.0025780509698355436,-0.044543682859869205
2023-05-14,2023-05-21,2023-05-28,10380848.294456165,11675596.251752343,154599.56991150885,162739.3266647356,10704997.000000007,13815211.999999994,163445.0000000001,188590.00000000006,0.956316471813716,1.0755927354954369,1.0186605822162773,1.0722936509116616,0.028619982675032185,0.1569142784421489,-0.03890057683837911,0.01170186354796865
2023-05-21,2023-05-28,2023-06-04,12190524.851992825,11770067.332038896,169656.2687973831,165370.5751951897,13815211.999999994,11686844.99999999,188590.00000000006,173918.00000000012,1.1275563083983304,1.0886663069592153,1.1114688259574435,1.083391968731896,0.13876957200388063,0.09949281929167242,0.03800219521785975,0.011781181407749974
2023-05-28,2023-06-04,2023-06-11,12965780.052121459,11838276.436860878,178060.45445758846,171665.377016212,11686844.99999999,11651799.999999998,173918.00000000012,175693.99999999997,1.1992631382630636,1.0949752729279492,1.1608348292430306,1.1191432102236913,-0.06148526333714899,-0.14309846009884775,-0.05583300038396277,-0.08974295022953493
2023-06-04,2023-06-11,2023-06-18,11669026.378633209,11520738.416866696,176059.6037209598,170380.81149398556,11651799.999999998,12295712.999999989,175693.99999999997,171661.99999999985,1.0749874980713519,1.0613267435369915,1.1450360871295977,1.1081030150689426,-0.001524673371366858,-0.014213124511645692,0.01231387045021104,-0.02033825426933633
2023-06-11,2023-06-18,2023-06-25,10964903.150818812,11628594.635418827,168435.41128901523,174083.31583776278,12295712.999999989,12123144.000000002,171661.99999999985,177775.99999999994,1.005839991672398,1.0667221926513706,1.0935979618750562,1.1302680234500357,-0.05895199447134247,-0.0019915690778397055,-0.04131381100654985,-0.009167553600220923
2023-06-18,2023-06-25,2023-07-02,12085761.412900668,11478148.164841678,165947.0320479754,169459.02457112586,12123144.000000002,11189611.00000001,177775.99999999994,166489.00000000012,1.101077102874725,1.0457203063946163,1.075496973700083,1.0982580757438585,-0.017075186050563462,-0.06649186063128854,-0.033291980473398874,-0.012833215440074874
2023-06-25,2023-07-02,2023-07-09,12218096.585039616,11622991.911293266,175128.48333313022,170431.4885806495,11189611.00000001,10919161.999999996,166489.00000000012,171245.9999999999,1.1131335404436187,1.0589163415688834,1.135001641843253,1.104560581346806,0.00783233994742738,-0.04125597194149744,-0.014892430175444282,-0.04131328986674532
2023-07-02,2023-07-09,2023-07-16,11483449.959387848,11246332.476161836,170257.97050759397,168436.84212274902,10919161.999999996,10120925.999999996,171245.9999999999,159618.00000000015,1.0462033280578358,1.0246006650106607,1.0993286209646778,1.0875698847954247,0.026259979849866832,0.005069119575455749,0.022637955105706542,0.011699524429535924
2023-07-09,2023-07-16,2023-07-23,11010789.201186193,10862095.921074154,168160.03687110305,166575.53405704448,10120925.999999996,11917283.99999999,159618.00000000015,173386.99999999985,1.0028257623763093,0.989283276977304,1.0821910042963478,1.0719939638843574,0.00839141329583648,-0.005226232464162206,-0.01802064357063493,-0.02727343087111822
2023-07-16,2023-07-23,2023-07-30,10655217.37798889,10959330.598043656,167071.8573620553,163061.27117409953,11917283.99999999,12664716.999999987,173386.99999999985,183645.00000000006,0.9704414729160264,0.998139085337603,1.0735954951648277,1.0478236666094727,0.05279076025147211,0.08283872424752992,0.04669810022713805,0.021571947863646468
2023-07-23,2023-07-30,2023-08-06,12094814.694528138,11427194.211194513,180410.69013534256,168897.19454849465,12664716.999999987,11969071.00000001,183645.00000000006,178956.00000000015,1.101555169681544,1.0407505345237884,1.155786052176052,1.082025802153803,0.014896908937316544,-0.04112428543328217,0.04050874711104391,-0.025894706359215758
2023-07-30,2023-08-06,2023-08-13,11256833.525237314,10754634.57269019,172889.42790675545,169018.7326458107,11969071.00000001,12020646.999999981,178956.00000000015,172775.00000000006,1.019143839087267,0.9736769706879947,1.1043931081832001,1.0796676566514254,-0.11116580613389826,-0.1508191953527117,-0.05856719264474697,-0.07964424489743416
2023-08-06,2023-08-13,2023-08-20,10875794.073857132,11249202.818322977,173453.45964535658,170233.0994131839,12020646.999999981,11367723.000000007,172775.00000000006,166096.99999999985,0.9787340510153755,1.0123378366951834,1.1051193794721181,1.084601584619644,-0.09134183648362248,-0.06014403136860191,-0.030748007077960104,-0.048743269780371135
2023-08-13,2023-08-20,2023-08-27,11728855.471553415,11605573.737233303,172981.5533048524,172566.28838313615,11367723.000000007,13836318.999999983,166096.99999999985,195602.00000000015,1.048932322958823,1.0379070190600392,1.0920793913050628,1.0894577113959978,-0.02427419492865779,-0.03453002677532224,0.0011955045860361224,-0.0012079966248811358
2023-08-20,2023-08-27,2023-09-03,11634187.197432889,11576120.256276494,172520.2398536579,169987.0682388214,13836318.999999983,11326867.999999993,195602.00000000015,180154.9999999999,1.0404659714955804,1.0352729420800493,1.0785683285318681,1.0627313538278207,0.02344041963662291,0.01833236579361519,0.03867161871471425,0.02342046056714686
2023-08-27,2023-09-03,2023-09-10,11465864.61488281,12538256.685055178,169798.18526998605,172366.70519608477,11326867.999999993,11186111.999999993,180154.9999999999,181876.00000000006,1.025412584747922,1.1213185073689926,1.0615504883933784,1.077608454959174,-0.17132117184615292,-0.09381558165468884,-0.13191999432528279,-0.11878863612803159
2023-09-03,2023-09-10,2023-09-17,11424280.894668017,11703619.360080663,177920.6357927104,173601.16633718833,11186111.999999993,10869164.000000019,181876.00000000006,173910.0,1.0147484333290313,1.0395603468979908,1.1088817784470002,1.0819608934667597,0.00860016155110288,0.03326174191141473,-0.012402454593486656,-0.036378860774398
2023-09-10,2023-09-17,2023-09-24,10847375.928367388,11338558.400373079,170331.46257127792,179301.24831853912,10869164.000000019,13624576.000000002,173910.0,191142.0000000001,0.9635055221882061,1.0071342326989117,1.0600201794250805,1.1158416568766554,-0.030281841593630787,0.013628184696620194,-0.06347477088083131,-0.014156632438919292
2023-09-17,2023-09-24,2023-10-01,11739202.755620724,11426079.3912901,178977.27847721602,173706.43205594856,13624576.000000002,12145546.999999994,191142.0000000001,189423.00000000006,1.0427210005277223,1.014908182695003,1.112980482915857,1.0802034217982113,0.08004652019425995,0.051238107299705904,0.02913736114781229,-0.0011705361626785926
2023-09-24,2023-10-01,2023-10-08,11829793.450811146,11654552.612057397,180633.27863586487,175022.8824685552,12145546.999999994,11146716.00000001,189423.00000000006,183771.99999999988,1.050767613427583,1.0352020502013124,1.1146349325903693,1.0800148249281434,-0.13173125895358906,-0.14459337214916657,-0.054978609432438375,-0.08433058946461158
2023-10-01,2023-10-08,2023-10-15,12362030.434666943,11304200.742828812,185560.8731788729,175637.97988022762,11146716.00000001,10056561.000000006,183771.99999999988,169961.99999999994,1.0894252674275506,0.9962022001479395,1.1359710632315452,1.0752248538734472,0.017824099208289423,-0.06927199385677629,-0.020388901142559868,-0.07277373982975865
2023-10-08,2023-10-15,2023-10-22,11703734.779120147,11303787.471491164,178920.0103489021,179089.60213991333,10056561.000000006,12301917.000000015,169961.99999999994,186331.00000000012,1.0314118266436392,0.9961657798980527,1.0858707560729868,1.0869000135940994,0.049971559257466325,0.014091277780035272,-0.026402224773621086,-0.025479386740562604
2023-10-15,2023-10-22,2023-10-29,11109501.190787783,12173949.480915984,173308.99018574107,185056.13927249893,12301917.000000015,12779797.99999998,186331.00000000012,193289.99999999997,0.9790439660963957,1.0728503087732213,1.0421905322878358,1.112831804540774,0.10470181514215282,0.21054796773131335,0.01969257943387981,0.08880890594661706
2023-10-22,2023-10-29,2023-11-05,11724671.371467633,11753666.342840772,186180.7059948485,181621.54128537347,12779797.99999998,11500109.999999983,193289.99999999997,185865.00000000003,1.033256899978293,1.0358121318723719,1.113504319581636,1.0862369957708375,-0.04692322574866725,-0.04456627834175986,-0.0008065968902194465,-0.02527469242706004
2023-10-29,2023-11-05,2023-11-12,11922131.631169153,11409104.578804415,185391.23517926584,179074.70545476244,11500109.999999983,11271436.000000004,185865.00000000003,180220.99999999985,1.0506584261570657,1.0054470317446491,1.1025709147742915,1.0650048348578898,-0.06711110526401487,-0.10725470161543904,-0.04086483946781605,-0.07354386954957604
2023-11-05,2023-11-12,2023-11-19,11146030.025393205,11837667.772564465,177383.3112295666,181090.54510737996,11271436.000000004,11247844.000000002,180220.99999999985,171929.99999999988,0.9748217092011477,1.0353117212780472,1.0485661325583615,1.0704807076263465,-0.03078926850324004,0.029352569024510666,-0.04563359842053849,-0.02568775666542944
2023-11-12,2023-11-19,2023-11-26,11154781.860605843,12346000.637087952,182342.22315382393,187961.37415463413,11247844.000000002,14874136.000000019,171929.99999999988,204688.00000000017,0.9755871367965512,1.0797700540394843,1.0689260932489406,1.1018666652282836,-0.010349536598012632,0.09533520281603458,0.011770121982587645,0.042949346383796216
2023-11-19,2023-11-26,2023-12-03,12575837.633237028,12315534.554216644,187016.33373440136,184963.36066922752,14874136.000000019,12067066.000000006,204688.00000000017,187764.99999999997,1.0998713899333643,1.0771055179751088,1.092216063135095,1.0802262539339853,0.1180665052997738,0.09492401870230815,0.08774695361136131,0.07580620409019678
2023-11-26,2023-12-03,2023-12-10,11902787.082319401,11494615.817046296,187298.2311882437,187055.9311891916,12067066.000000006,11637501.000000002,187764.99999999997,186656.99999999994,1.0410069972366338,1.0053087073922828,1.0930421125047047,1.09162808899181,-0.19976615231167705,-0.2272078312954584,-0.08495744162704366,-0.08614119445599355
2023-12-03,2023-12-10,2023-12-17,11417901.873516649,10955522.50324554,185768.05629029518,176165.01821223073,11637501.000000002,10701068.000000006,186656.99999999994,171769.99999999988,0.9888612178354621,0.9488162925721958,1.0827979010060163,1.026824071695125,-0.053796351696704936,-0.09211381596441592,-0.010635335178040717,-0.061779254854574917
2023-12-10,2023-12-17,2023-12-24,11036476.4447985,12252345.06793869,173598.87308621712,182927.1185587459,10701068.000000006,13989325.999999976,171769.99999999988,198190.99999999988,0.9501743850982395,1.0548533763624268,1.010494266957421,1.064792652673787,-0.051645499768507075,0.052832998075676985,-0.06995787414231924,-0.01998254253124243
2023-12-17,2023-12-24,2023-12-31,11737914.068924008,11595141.242343018,187997.73562285758,185702.51998996292,13989325.999999976,13393809.999999983,198190.99999999988,198013.00000000006,1.0105639547694856,0.9982720712699048,1.0939641293154354,1.0806082047713874,0.09689183069615193,0.08354990757399339,0.09447363115129281,0.08111148623137288
2023-12-24,2023-12-31,2024-01-07,12385505.502606474,11662407.087721974,190410.74951016982,187059.39190304975,13393809.999999983,12347100.999999998,198013.00000000006,191672.99999999994,1.0663176906082574,1.0040632568526173,1.105410046879569,1.0859540845500948,-0.11464601635515004,-0.16633531252885425,-0.039256325917070845,-0.05616606252024692
2023-12-31,2024-01-07,2024-01-14,11870681.86561375,10808701.427340237,187365.82686093778,174758.85845488307,12347100.999999998,10607691.000000017,191672.99999999994,172823.00000000006,1.0194107470734093,0.9282117507382671,1.0850716188754534,1.0120622347916506,-0.11371880998657224,-0.19300770823684688,-0.05377007135421519,-0.11743744877920603
2024-01-07,2024-01-14,2024-01-21,11514436.131745273,12011550.645142628,178559.59843800013,182246.07789333828,10607691.000000017,11039904.000000011,172823.00000000006,178011.00000000012,0.9867270470710937,1.0293271648926172,1.0316533786955249,1.0529525360573273,-0.06743808674236385,-0.027176448532928665,-0.06841548659435537,-0.04918231627126257
2024-01-14,2024-01-21,2024-01-28,11854917.718830569,12850883.467154227,179297.76941411098,187645.05864493945,11039904.000000011,14327397.999999987,178011.00000000012,204897.00000000015,1.0159045410588805,1.1012536046676427,1.035774642061818,1.0839956017731402,0.11757758769845084,0.2114684965044915,0.03746474377895881,0.08576438694467425
2024-01-21,2024-01-28,2024-02-04,12564545.294755772,12362126.007576646,191510.3700392753,189574.66497424015,14327397.999999987,11873060.999999983,204897.00000000015,188306.99999999988,1.0767159185767445,1.0593696427171884,1.1028622190187378,1.0917149585181567,0.13810276744759475,0.11976752765029897,0.07583447112411767,0.06496039556117394
2024-01-28,2024-02-04,2024-02-11,12891798.762780603,11543297.131995456,193696.52289408006,179611.57692881624,11873060.999999983,11965426.999999987,188306.99999999988,191199.99999999983,1.1047598318394751,0.9892002840777994,1.1137488810221148,1.032760887155814,-0.10019957826392456,-0.19432006202414032,-0.05466393898358657,-0.12340553093107154
2024-02-04,2024-02-11,2024-02-18,11415231.710657649,10827223.665787404,180910.32394055286,172571.41833797234,11965426.999999987,12137902.00000002,191199.99999999983,186345.99999999988,0.9690388162548398,0.9191228238166489,1.0380083537435758,0.99016225249287,-0.03856034171325751,-0.08808489522732132,-0.039279878387139866,-0.08356344512964287
2024-02-11,2024-02-18,2024-02-25,10892076.480448479,13240708.134330388,177314.53218289925,193282.6896712406,12137902.00000002,16209236.999999987,186345.99999999988,212770.00000000003,0.9156720073162855,1.1131161094410684,1.0122194628363754,1.1033754419676471,-0.08970432225707625,0.10658049514909806,-0.07262273962918808,0.010892728406070029
2024-02-18,2024-02-25,2024-03-03,13460740.256148871,12585412.28283424,198676.61731466185,191354.060342366,16209236.999999987,14768758.000000019,212770.00000000003,206226.9999999999,1.127237209892032,1.0539349810692964,1.124149813645638,1.082717403696868,0.10898409429808131,0.03686883308451816,0.06617055002340733,0.026875062208826517
2024-02-25,2024-03-03,2024-03-10,13425273.386526247,12492731.788531903,194967.10448936283,193983.61449922904,14768758.000000019,11688153.999999996,206226.9999999999,168615.0000000001,1.1242671224825562,1.0461736767263903,1.1031606896730293,1.0975959176124086,-0.17175167550907866,-0.22928316807682536,-0.08367201913163125,-0.08829433426127253
2024-03-03,2024-03-10,2024-03-17,13214943.187656682,11551516.058394337,196641.5401844574,179812.94969564732,11688153.999999996,11460979.999999985,168615.0000000001,160245.99999999994,1.1066535275376972,0.9673538367059198,1.105389124304471,1.0107898809998528,-0.10520957905487505,-0.21784106297940986,-0.04648013992126443,-0.12808240581666164
2024-03-10,2024-03-17,2024-03-24,11948638.260937449,12306706.597638102,176438.16301859042,177605.30841072684,11460979.999999985,14028542.999999987,160245.99999999994,174061.99999999994,1.004494744480372,1.0345967322153673,0.991819054763611,0.9983799768441615,0.022286176323262685,0.052921325098736816,0.046396601836078855,0.053318556538426876
2024-03-17,2024-03-24,2024-03-31,12867743.299293976,12457979.114128226,173966.81981116603,171038.83715205782,14028542.999999987,16537864.999999974,174061.99999999994,203174.0,1.0817618070939263,1.0473138673800844,0.9779267922165005,0.9614676036620665,0.12274371818936736,0.08699073849951988,0.08562347772278889,0.06735167899390815
2024-03-24,2024-03-31,2024-04-07,13992185.89608459,12268311.957813319,183876.92799761065,169284.4241676736,16537864.999999974,11351346.0,203174.0,179221.00000000006,1.1762911295388605,1.0313689824854007,1.0336348882764723,0.9516054502703786,-0.0025916521705361406,-0.12547497214690662,0.05638754005820146,-0.02744755220741113
2024-03-31,2024-04-07,2024-04-14,13003110.937838284,12296917.546901185,178633.3082744441,168955.98661911476,11351346.0,10138767.999999994,179221.00000000006,171036.99999999997,1.093141855474419,1.0337737890645289,1.0008393396277198,0.9466196405780632,-0.21373702483130175,-0.25643863056681226,-0.1207865756718669,-0.1684172845978582
2024-04-07,2024-04-14,2024-04-21,11473731.140558043,12443542.786370758,169734.53274975717,174788.6787961753,10138767.999999994,10851630.999999981,171036.99999999997,181035.00000000012,0.9739507186329774,1.0562734380523888,0.9477690234144412,0.9759905230998938,0.010781553179512127,0.09621738130180835,-0.05293167235001939,-0.024731037120787613
2024-04-14,2024-04-21,2024-04-28,12450630.217605922,12918617.81398085,173143.86033854607,192190.78056133384,10851630.999999981,14473511.999999993,181035.00000000012,214542.99999999985,1.065294609647335,1.1053363308362794,0.966806134054091,1.0731609263650868,0.22802200598789946,0.274180237084116,0.012318155361390026,0.12367955799817487
2024-04-21,2024-04-28,2024-05-05,14283096.913959445,11628447.520389691,200406.7737756472,185644.14504144766,14473511.999999993,12522301.000000002,214542.99999999985,204101.99999999988,1.222083210695277,0.9949474239883126,1.115304159296376,1.0331471497342486,0.3162166050393205,0.07158523178586629,0.10700568274448141,0.025459966533806444
2024-04-28,2024-05-05,2024-05-12,13503499.341519922,11146387.90633426,202370.79021894783,184132.6003565566,12522301.000000002,11654021.000000013,204101.99999999988,193645.00000000012,1.1462481320695832,0.946164101158133,1.123109142778364,1.0218915818842353,-0.0670198538184843,-0.22987676340515972,-0.05673552519099745,-0.14174500982760285
2024-05-05,2024-05-12,2024-05-19,10996922.7083444,11504644.750139926,178317.33436351627,180103.73558163815,11654021.000000013,11206541.999999985,193645.00000000012,184464.00000000006,0.9244861903721363,0.9671692234929695,0.9872075999486031,0.9970975462366751,-0.12181293930369508,-0.08126751224555895,-0.126332253659855,-0.11757976118980629
2024-05-12,2024-05-19,2024-05-26,11114028.862036327,13745066.907560479,174371.10865100817,191076.81956123965,11206541.999999985,15222753.999999974,184464.00000000006,219685.00000000017,0.9343310374049916,1.1555164002506462,0.9609579684881867,1.0530230252664683,-0.04633526385130704,0.17942698983985683,-0.09953208886876419,-0.013262312162773848
2024-05-19,2024-05-26,2024-06-02,15070997.633865206,14176545.766620267,195686.59349429465,199331.295182259,15222753.999999974,13641819.999999989,219685.00000000017,207806.99999999994,1.2669843698244145,1.1917898430325635,1.070726954097273,1.0906694563773847,0.344839258521068,0.26502410526104003,0.060838936021633705,0.08059727200027655
2024-05-26,2024-06-02,2024-06-09,14435834.026802063,13506529.671786964,206956.71676830636,196180.06668378683,13641819.999999989,14234899.00000002,207806.99999999994,213378.99999999988,1.213587615211302,1.1354631193273543,1.1323930322378541,1.0734270626518687,-0.051693666809431216,-0.1127407253781435,-0.057938790685270414,-0.10699380165333616
2024-06-02,2024-06-09,2024-06-16,11906597.07435547,11558963.794875352,189832.784535493,184496.3857068825,14234899.00000002,8343011.9999999935,213378.99999999988,155643.00000000003,0.9970892395218842,0.9679775294249763,1.0333369688146874,1.004288781993661,-0.1271987847401982,-0.1526816953401121,-0.08649475457759848,-0.11217434587438113
2024-06-09,2024-06-16,2024-06-23,11497213.493176589,14437693.562889034,178594.5693513102,192292.16948055587,8343011.9999999935,12349543.999999987,155643.00000000003,189693.00000000015,0.9607231781653903,1.2064337896611856,0.9700005939197156,1.0443963625531227,-0.1923220886093685,0.014246294468898801,-0.16301712281288128,-0.09882336368360589
2024-06-16,2024-06-23,2024-06-30,12151364.682657896,12910193.802657114,173876.70825741978,183995.16567702682,12349543.999999987,13321929.000000019,189693.00000000015,205033.0,1.017586712216875,1.0811330256985578,0.9443764773537611,0.9993328500039476,0.4564721568970409,0.5474260138493285,0.11715084043239843,0.18216152141135034
2024-06-23,2024-06-30,2024-07-07,13284007.715622017,12875083.23059443,202321.14519712242,195454.0154478422,13321929.000000019,11994929.999999985,205033.0,197523.99999999988,1.1124371697687099,1.0781927755684377,1.0926562337657726,1.0555695905416114,0.07566787207867898,0.04255535512845099,0.06657148759902798,0.030370205794848504
2024-06-30,2024-07-07,2024-07-14,13513182.248494292,10191796.410937347,199816.5923113082,181085.25267395578,11994929.999999985,10934576.000000013,197523.99999999988,183786.99999999994,1.1291803361402684,0.8516407079803676,1.0737170324845415,0.97306393767776,0.014356272916203894,-0.23496091212185966,-0.025441795655781307,-0.11679947777208655
2024-07-07,2024-07-14,2024-07-21,10205994.169869063,10849567.920073535,174054.3287476619,180712.22533953754,10934576.000000013,11243476.000000019,183786.99999999994,184096.99999999994,0.8517771443816133,0.9054888555607667,0.9340760430488702,0.9698061610431421,-0.14914099791586422,-0.09548718332882844,-0.11881933968701575,-0.08511256688029023
2024-07-14,2024-07-21,2024-07-28,10974549.803291352,13720487.98224723,183211.80889952832,210555.48448754725,11243476.000000019,14711144.000000013,184096.99999999994,216478.00000000017,0.9159196582650245,1.145091588190739,0.9832203699156552,1.1299623238758885,0.003655725040582425,0.2547800648371943,-0.003129661512901838,0.14564949908071445
2024-07-21,2024-07-28,2024-08-04,13742434.499999803,13567383.784437247,210146.42736088825,203010.58902214046,14711144.000000013,13093781.999999985,216478.00000000017,201983.99999999997,1.1469232120295607,1.1323137387982287,1.127767087107003,1.0894720576914618,0.2222585346382029,0.20668944234303055,0.14149838053248143,0.10273708437476148
2024-07-28,2024-08-04,2024-08-11,13755447.377334017,11313030.386869594,208340.61677276288,189747.2970697722,13093781.999999985,13568096.999999989,201983.99999999997,204273.99999999994,1.1480092474820058,0.9441687460177951,1.1170988800238222,1.0174035976642128,-0.0649641266964679,-0.23098907964808213,-0.037589885472136264,-0.12347999764515472
2024-08-04,2024-08-11,2024-08-18,13313631.94645034,10247931.597162094,185533.73372365205,177077.27665600713,13568096.999999989,11661096.999999987,204273.99999999994,185431.0000000001,1.1087497041149867,0.853440381395966,0.9910407707007176,0.9458700431919446,0.016790408336593732,-0.2173436523410811,-0.08144341272748312,-0.12331037777246157
2024-08-11,2024-08-18,2024-08-25,9989763.790091012,13842766.039036995,166319.69483183246,198732.40717271515,11661096.999999987,14045215.00000001,185431.0000000001,212837.99999999983,0.8303354210590852,1.150591666546449,0.8845098536016106,1.056884889982318,-0.26373139946663027,0.020243740816195066,-0.18580095933974727,-0.027128233780534305
2024-08-18,2024-08-25,2024-09-01,13409973.95944518,13457715.97306333,201498.06102777124,198270.2694909364,14045215.00000001,13350721.999999993,212837.99999999983,213455.00000000015,1.114618584380546,1.1185868348630204,1.0715929982969816,1.0544271814489588,0.14997533760718906,0.15406946473932326,0.08664711417061466,0.06924014588141358
2024-08-25,2024-09-01,2024-09-08,13363823.128867801,13068050.332910383,198591.31861289253,205171.0664027395,13350721.999999993,12202959.000000002,213455.00000000015,207410.00000000012,1.1107825908430706,1.0861983630044976,1.0561345625991434,1.091126520468099,-0.04851416451312418,-0.06957278098552544,-0.0669367377400063,-0.03602239072562463
2024-09-01,2024-09-08,2024-09-15,12642563.510781735,10799591.390802344,200456.66640553606,183934.21874650716,12202959.000000002,11972275.999999983,207410.00000000012,197262.99999999994,1.0446255091749541,0.8923450252693864,1.0613754078603026,0.9738925621290719,-0.05304271103976732,-0.1910855914157793,-0.060894959567421414,-0.138299788027888
2024-09-08,2024-09-15,2024-09-22,11380925.168230312,12716525.664592152,187754.62256620926,185234.3284366937,11972275.999999983,13392036.999999996,197262.99999999994,207723.99999999994,0.9373400926886714,1.047340982295567,0.9904864082033429,0.9771907724110493,-0.06736348387056679,0.04208542080590072,-0.09476581376881898,-0.10691708000244105
2024-09-15,2024-09-22,2024-09-29,13208711.050286608,13576756.764115093,191427.32962111908,191446.07403985938,13392036.999999996,13737373.000000006,207723.99999999994,218524.99999999988,1.0878776775314418,1.118190151993244,1.0053032395715682,1.0054016781013266,0.10327485352714949,0.13401635278998691,-0.0295831979584662,-0.02948817548217675
2024-09-22,2024-09-29,2024-10-06,13450444.20995202,12817394.507933768,211200.175201066,199425.7332565216,13737373.000000006,12276115.000000011,218524.99999999988,208495.00000000006,1.1077869712784225,1.0556486031233674,1.1089737810937246,1.0471483238417172,0.004361338753172461,-0.04290926705670184,0.016734586283077668,-0.03994852180527231
2024-09-29,2024-10-06,2024-10-13,13466572.947583321,12778274.402948676,213744.98909076344,194174.5706031506,12276115.000000011,11358110.999999998,208495.00000000006,198249.00000000003,1.1064993097477793,1.049944322261129,1.1165320567956656,1.0143027615065603,-0.019712651932555003,-0.06981673985639936,-0.021873977390397203,-0.11143086327353569
2024-10-06,2024-10-13,2024-10-20,13020047.68259726,12405722.184353663,205083.78988268544,193448.3180656449,11358110.999999998,11097564.000000004,198249.00000000003,192098.99999999997,1.063769624831173,1.0135777345461403,1.065472733133758,1.005022914231471,0.06060000925351883,0.010557671083536002,-0.016361112339934092,-0.07216807086191557
2024-10-13,2024-10-20,2024-10-27,11407796.66557243,13050941.095062261,200013.83067783466,210355.1772268239,11097564.000000004,15164681.000000007,192098.99999999997,227769.0000000001,0.9320447877703567,1.0662936919151649,1.0338368494854933,1.087289478733244,0.0043744655755195705,0.14904151712043157,0.00890209119760832,0.061065514715453295
2024-10-20,2024-10-27,2024-11-03,12872967.563659556,12903687.668685716,206038.83251722163,208758.28377329983,15164681.000000007,13435403.000000013,227769.0000000001,214578.99999999983,1.0577249147973489,1.0602490740722537,1.064979040496319,1.0790354130450843,0.1599813764227498,0.1627495609564149,0.07256587757990207,0.086722386755266
2024-10-27,2024-11-03,2024-11-10,13303228.287796224,12762599.802496897,205243.06954010334,204141.8160397194,13435403.000000013,13234850.000000011,214578.99999999983,212147.00000000006,1.093077873276235,1.0486563973638316,1.0500837513691372,1.0444494154108863,-0.12274921656471216,-0.15839971823364452,-0.09889814004494313,-0.10373309783280693
2024-11-03,2024-11-10,2024-11-17,11870852.69607251,11822612.343641117,203494.86591596063,183457.91382385182,13234850.000000011,11500388.999999994,212147.00000000006,193588.00000000012,0.9698775939051052,0.96593623955229,1.0309096597201055,0.9294020006932945,-0.11644982319678021,-0.12004036323725331,-0.05165526022602107,-0.14503323333666474
2024-11-10,2024-11-17,2024-11-24,10824445.548695883,13235213.036239658,192569.96798397214,203547.28546043605,11500388.999999994,14330645.999999998,193588.00000000012,219145.00000000015,0.8792064812895182,1.0750190418862962,0.973714054482752,1.0292199488818292,-0.18212555875617154,2.7430325213906315e-05,-0.09228050368861151,-0.04053658331045906
2024-11-17,2024-11-24,2024-12-01,13328180.96342463,12959683.03997122,207021.1790414553,206474.7892087851,14330645.999999998,14226040.000000024,219145.00000000015,221697.99999999985,1.0825702835425421,1.0526393497885262,1.0467854033450994,1.0440226285216558,0.15893305551878556,0.12689084168989573,0.06939055644696612,0.06656811997016909
2024-11-24,2024-12-01,2024-12-08,13513837.637803469,12550264.673231263,214681.1701721714,209729.75306966263,14226040.000000024,12849923.99999999,221697.99999999985,212699.99999999983,1.0976500906951772,1.019384687461724,1.08551751250665,1.0604810830322455,-0.05699731625472648,-0.12423594349959777,-0.020369298080397003,-0.04296354893033094
2024-12-01,2024-12-08,2024-12-15,12023819.324731238,12277114.310958741,205522.35886856605,205478.45588551078,12849923.99999999,11803820.999999993,212699.99999999983,196486.0,0.9737208697562959,0.9942333714525792,1.037457263776065,1.0372356457052971,-0.15480208654472793,-0.13699706236178577,-0.07296250363753376,-0.07316053421541568
2024-12-08,2024-12-15,2024-12-22,11880205.41093084,13391452.505924683,202255.4376432762,204281.88396664802,11803820.999999993,13832731.000000006,196486.0,211971.00000000003,0.955313561252158,1.0768362786053614,1.0203583777786107,1.030581596037978,-0.07546492796915838,0.04214254542864859,-0.049104665522913926,-0.039577414355204454
2024-12-15,2024-12-22,2024-12-29,12879507.172730152,14529193.376807844,198501.5513038454,219304.14364147736,13832731.000000006,15101052.999999981,211971.00000000003,224944.00000000017,1.035669623442101,1.1683245353778817,1.0014203980619785,1.106367387960233,0.09113033590819031,0.23088899575890243,0.010257989392859601,0.1161311423789857
2024-12-22,2024-12-29,2025-01-05,15223927.006643405,12786924.909744073,221229.52716413556,212622.4009234846,15101052.999999981,13404696.999999983,224944.00000000017,216521.00000000003,1.2241896012654796,1.0282248791550503,1.1055036799271203,1.0624931023852835,0.10057276517872027,-0.07560373220992489,0.043678272802107676,0.0030730662377616014
2024-12-29,2025-01-05,2025-01-12,13553885.114467755,11802628.984575143,214576.0212842611,204063.39116580115,13404696.999999983,11776267.000000004,216521.00000000003,198569.99999999997,1.0898978434826814,0.9490754694374417,1.059221445876725,1.0073274681275015,-0.10245430471187966,-0.21842344473758601,-0.046091377034901515,-0.09282580924229522
2025-01-05,2025-01-12,2025-01-19,12649065.424311135,11642511.86039452,206426.81910056045,201432.00641616114,11776267.000000004,11172910.999999989,198569.99999999997,191451.00000000012,0.997079714081925,0.9177367661207892,1.0136949837484186,0.9891670828438756,-0.056370656918904194,-0.1314602739327475,-0.0466198701254823,-0.06968836086956398
2025-01-12,2025-01-19,2025-01-26,12051654.188351257,13914551.713703392,203730.45640307126,220489.8756502366,11172910.999999989,15496108.999999974,191451.00000000012,232673.00000000006,0.9499879642681126,1.0968333848295442,1.000454023330966,1.0827540815085426,0.023384930755328215,0.18157576706637113,0.025988096908250213,0.11038865714980406
2025-01-19,2025-01-26,2025-02-02,14817406.035638457,13205098.20125871,220732.2866691826,215151.49122090303,15496108.999999974,13732155.000000024,232673.00000000006,219582.99999999985,1.168002099590277,1.040909750820727,1.0839444831965674,1.0565390114855921,0.32619028609808653,0.18188520442512335,0.15294402572555166,0.12379403200246042
2025-01-26,2025-02-02,2025-02-09,14571391.514980966,12513120.828050425,226042.80483318822,210550.7346052907,13732155.000000024,13320771.00000002,219582.99999999985,216651.0,1.1486096717951197,0.9863636971570625,1.110022711051907,1.0339461917976542,-0.05967417272420028,-0.19249917330534871,-0.02849576515887875,-0.09507878178692541
2025-02-02,2025-02-09,2025-02-16,13117991.995810227,11671185.386914456,215022.39739937574,178245.57282635535,13320771.00000002,13045970.999999981,216651.0,210088.00000000003,1.0112658535222552,0.8997315485239045,1.0530608919200724,0.8729483261815354,-0.04472444450195712,-0.15008348020289197,-0.020769379235297203,-0.18825422356760158
2025-02-09,2025-02-16,2025-02-23,11250928.315171383,14150589.019371424,186002.3379177491,209141.79697087454,13045970.999999981,17575070.00000001,210088.00000000003,231398.99999999997,0.8546534673864851,1.0749201872221408,0.9088646806321372,1.0219312006434023,-0.15538460084845063,0.062295044286207135,-0.1414655925070777,-0.03466036634553016
2025-02-16,2025-02-23,2025-03-02,15105895.917829925,13538220.028752832,215867.88034236684,219178.37772507092,17575070.00000001,13096977.000000015,231398.99999999997,185480.99999999985,1.1474880972038293,1.0284028451423401,1.0497878730845054,1.0658871649325046,0.1578974012612726,0.03773188126455529,0.027511711008562312,0.04326938104542344
2025-02-23,2025-03-02,2025-03-09,14501599.730242718,13346339.662747143,223299.45466043285,210977.54937038687,13096977.000000015,13623620.000000017,185480.99999999985,193125.9999999999,1.1015839888865262,1.0138270505468832,1.0859283891476577,1.0260056867693763,-0.1748767014730116,-0.24060958717392633,-0.03500250796056659,-0.08825211271273048
2025-03-02,2025-03-09,2025-03-16,13961372.003285298,12463360.001684476,209170.69245641853,196287.48544469292,13623620.000000017,14477277.999999998,193125.9999999999,193645.00000000012,1.066129622534826,0.9517372140062437,1.02207239288074,0.9591210775515343,0.06599958168097086,-0.04837887386650552,0.12772031882736523,0.0582619537564113
2025-03-09,2025-03-16,2025-03-23,12667037.858101223,14993531.754640583,190620.01526985122,216252.29517107274,14477277.999999998,20098052.999999985,193645.00000000012,245751.00000000012,0.9621085432546115,1.1388143902540893,0.9314280736457047,1.0566752836920588,-0.07021497530750109,0.1005541665607661,-0.012975905523589626,0.11974718666089879
2025-03-16,2025-03-23,2025-03-30,14464839.068372067,12367596.994864104,197219.87961628495,193525.14226788314,20098052.999999985,10540295.999999996,245751.00000000012,191591.0,1.0893994208135496,0.931448524202398,0.9636770424951684,0.945623418450616,-0.0008592037555632537,-0.14572359563281823,0.018460996236850713,-0.0006189559870735106
2025-03-23,2025-03-30,2025-04-06,12654601.995699678,12773341.755836632,188173.84658297914,200844.2525036927,10540295.999999996,12304762.999999998,191591.0,209078.00000000015,0.9530639103261549,0.9620066317286748,0.9124841327552129,0.9739248938820283,-0.3703568203497285,-0.3644487973120266,-0.23429061699452236,-0.18273271521298917
2025-03-30,2025-04-06,2025-04-13,12451085.782038314,14722695.812499264,194009.6575221282,191963.07749567952,12304762.999999998,11454005.999999989,209078.00000000015,201963.00000000015,0.9457061814995453,1.118243395150611,0.9407828840452048,0.9308587004540241,0.18128426203953985,0.39680098286606613,0.012624066486046859,0.0019420405743459934
2025-04-06,2025-04-13,2025-04-20,14133039.915238254,16122591.486063743,209916.0181229352,231681.1707685752,11454005.999999989,11367971.999999985,201963.00000000015,199750.99999999994,1.073456841049294,1.2245706677370882,1.0113169151307058,1.1161753591301853,0.14858286301314805,0.3102724112657629,0.00400816022219086,0.10810879561013209
2025-04-13,2025-04-20,2025-04-27,13998435.65273349,12474672.415906617,220015.19118281134,216762.14676321263,11367971.999999985,15479776.000000015,199750.99999999994,241007.99999999997,1.063233147683485,0.947497673891494,1.059971918382071,1.0442996563192253,0.22214320934819565,0.08910999487049476,0.08938365533692472,0.07327652472587864
2025-04-20,2025-04-27,2025-05-04,12916660.967094347,13177441.436902111,199821.57720338396,216721.15388990782,15479776.000000015,13101028.000000017,241007.99999999997,221096.99999999985,0.9810683449419858,1.0008755895974943,0.9626847100135569,1.0441021640718795,0.13623265144340135,0.15917258037775883,0.00035332590767489513,0.08495654034226519
2025-04-27,2025-05-04,2025-05-11,12920733.328808388,13863609.687951999,207116.83191989068,216806.38979250085,13101028.000000017,12386704.999999987,221096.99999999985,217622.00000000015,0.9813776559300946,1.052992615206837,0.9978312155587867,1.0445128069129528,-0.1653152262146178,-0.1044050193005378,-0.14062258547479467,-0.1004182857311755
2025-05-04,2025-05-11,2025-05-18,13242051.094316958,13253656.113544453,217162.01980379716,199599.2551698829,12386704.999999987,11710385.999999985,217622.00000000015,205980.0,1.0056282227854303,1.006509531487384,1.0452265645826528,0.9606948948207614,0.010764276995435695,0.01165008681337465,-0.01779752866932993,-0.09723218691396585
2025-05-11,2025-05-18,2025-05-25,13377238.606064364,12752045.74421557,211700.65802801715,209962.40041750402,11710385.999999985,15577179.999999974,205980.0,237955.00000000006,1.0158946366674666,0.9684162224791268,1.0170532835682613,1.0087023382904912,0.07996748175276358,0.02949458667301519,-0.02720929856348553,-0.035196807227651505
2025-05-18,2025-05-25,2025-06-01,14640404.701592315,13660254.224549193,226253.5753781498,211871.2333511618,15577179.999999974,14119766.99999999,237955.00000000006,228177.0000000002,1.1118220324070696,1.0373874168576565,1.086968476625862,1.0178727623271653,0.25020684216492217,0.16650759629521983,0.09842497027939512,0.02860099694709084
2025-05-25,2025-06-01,2025-06-08,12776416.465803595,14415752.521447517,208845.6476155137,216787.86534339626,14119766.99999999,11116197.000000007,228177.0000000002,203781.00000000006,0.9702669845147062,1.0947614901198675,1.003337229297547,1.0414932685569431,-0.17979913785398927,-0.07455954662862485,-0.1223313331700796,-0.08895435967558463
2025-06-01,2025-06-08,2025-06-15,12554671.541099487,13523200.483193932,218425.68320039986,202616.75381679964,11116197.000000007,10944966.999999996,203781.00000000006,202512.0,0.9534272251032972,1.0269792777133864,1.0461676554777242,0.9704494965756868,-0.11084428368403765,-0.04225045050715548,-0.04273575688873177,-0.11201938049496818
2025-06-08,2025-06-15,2025-06-22,11912226.317889972,13502322.502399134,206117.5228757748,211838.0719172097,10944966.999999996,13615757.000000013,202512.0,219952.00000000012,0.9093994995336455,1.030790130958379,0.9904282258896149,1.01791639457694,0.07160986062859198,0.21465304207897118,0.011465852438523605,0.039537895668436684
2025-06-15,2025-06-22,2025-06-29,12576131.122911176,14115959.163859937,207483.00028429562,223488.2438988698,13615757.000000013,14299228.999999993,219952.00000000012,230487.99999999994,0.9600831149479646,1.077636191294714,0.9969895669553558,1.0738973660446536,0.14903326094187186,0.2897214915184245,0.02454669493311812,0.10358025153506856
2025-06-22,2025-06-29,2025-07-06,14125120.382677453,12283468.718443258,222999.87172976357,208006.85250111014,14299228.999999993,13128221.999999996,230487.99999999994,223571.00000000012,1.0726902959284252,0.9328315325916423,1.0680761051589234,0.996265814605399,0.037409846744286934,-0.09784900549831654,0.013856985750361872,-0.054307974007464566
2025-06-29,2025-07-06,2025-07-13,12345218.785500659,11519247.1244228,215639.48848480202,206761.11472389914,13128221.999999996,,223571.00000000012,,0.9375209579495059,0.8747949944499894,1.028897804138704,0.9865357148428028,-0.13665143865444362,-0.19441480904859976,-0.06442205891498898,-0.10294195479201029
2025-07-06,2025-07-13,2025-07-20,12546319.445365392,12172554.529810809,214282.4878934096,206938.23087293297,,,,,0.9518101263286306,0.9234549395313876,1.015414849077544,0.9806128094552324,-0.0443245516898334,-0.07279488952801005,-0.04154614018182323,-0.07439591506531273
