week_start,week_end,value_thousand_sar,source,data_status
2020-05-10,2020-05-16,6002585.0,Saudi Central Bank (SAMA) weekly POS via KAPSARC Data Portal,REAL_OFFICIAL_AGGREGATE
2020-05-17,2020-05-23,6491277.0,Saudi Central Bank (SAMA) weekly POS via KAPSARC Data Portal,REAL_OFFICIAL_AGGREGATE
2020-05-24,2020-05-30,3253178.0,Saudi Central Bank (SAMA) weekly POS via KAPSARC Data Portal,REAL_OFFICIAL_AGGREGATE
2020-05-31,2020-06-06,7854373.0,Saudi Central Bank (SAMA) weekly POS via KAPSARC Data Portal,REAL_OFFICIAL_AGGREGATE
2020-06-07,2020-06-13,7295830.0,Saudi Central Bank (SAMA) weekly POS via KAPSARC Data Portal,REAL_OFFICIAL_AGGREGATE
2020-06-14,2020-06-20,7261242.0,Saudi Central Bank (SAMA) weekly POS via KAPSARC Data Portal,REAL_OFFICIAL_AGGREGATE
2020-06-20,2020-06-26,9191345.0,Saudi Central Bank (SAMA) weekly POS via KAPSARC Data Portal,REAL_OFFICIAL_AGGREGATE
2020-06-28,2020-07-04,10467067.0,Saudi Central Bank (SAMA) weekly POS via KAPSARC Data Portal,REAL_OFFICIAL_AGGREGATE
2020-07-05,2020-07-11,6704612.0,Saudi Central Bank (SAMA) weekly POS via KAPSARC Data Portal,REAL_OFFICIAL_AGGREGATE
2020-07-12,2020-07-18,6529708.0,Saudi Central Bank (SAMA) weekly POS via KAPSARC Data Portal,REAL_OFFICIAL_AGGREGATE
2020-07-19,2020-07-25,6802955.0,Saudi Central Bank (SAMA) weekly POS via KAPSARC Data Portal,REAL_OFFICIAL_AGGREGATE
2020-07-26,2020-08-01,8196841.0,Saudi Central Bank (SAMA) weekly POS via KAPSARC Data Portal,REAL_OFFICIAL_AGGREGATE
2020-08-02,2020-08-08,6038164.0,Saudi Central Bank (SAMA) weekly POS via KAPSARC Data Portal,REAL_OFFICIAL_AGGREGATE
2020-08-09,2020-08-15,6738170.0,Saudi Central Bank (SAMA) weekly POS via KAPSARC Data Portal,REAL_OFFICIAL_AGGREGATE
2020-08-16,2020-08-22,6598093.0,Saudi Central Bank (SAMA) weekly POS via KAPSARC Data Portal,REAL_OFFICIAL_AGGREGATE
2020-08-23,2020-08-29,8548839.0,Saudi Central Bank (SAMA) weekly POS via KAPSARC Data Portal,REAL_OFFICIAL_AGGREGATE
2020-08-30,2020-09-05,8452834.0,Saudi Central Bank (SAMA) weekly POS via KAPSARC Data Portal,REAL_OFFICIAL_AGGREGATE
2020-09-06,2020-09-12,7331647.0,Saudi Central Bank (SAMA) weekly POS via KAPSARC Data Portal,REAL_OFFICIAL_AGGREGATE
2020-09-13,2020-09-19,6878859.0,Saudi Central Bank (SAMA) weekly POS via KAPSARC Data Portal,REAL_OFFICIAL_AGGREGATE
2020-09-20,2020-09-26,7677157.0,Saudi Central Bank (SAMA) weekly POS via KAPSARC Data Portal,REAL_OFFICIAL_AGGREGATE
2020-09-27,2020-10-03,9029472.0,Saudi Central Bank (SAMA) weekly POS via KAPSARC Data Portal,REAL_OFFICIAL_AGGREGATE
2020-10-04,2020-10-10,7394428.0,Saudi Central Bank (SAMA) weekly POS via KAPSARC Data Portal,REAL_OFFICIAL_AGGREGATE
2020-10-11,2020-10-17,6923797.0,Saudi Central Bank (SAMA) weekly POS via KAPSARC Data Portal,REAL_OFFICIAL_AGGREGATE
2020-10-18,2020-10-24,6712407.0,Saudi Central Bank (SAMA) weekly POS via KAPSARC Data Portal,REAL_OFFICIAL_AGGREGATE
2020-10-25,2020-10-31,9149055.0,Saudi Central Bank (SAMA) weekly POS via KAPSARC Data Portal,REAL_OFFICIAL_AGGREGATE
2020-11-01,2020-11-07,8077497.0,Saudi Central Bank (SAMA) weekly POS via KAPSARC Data Portal,REAL_OFFICIAL_AGGREGATE
2020-11-08,2020-11-14,7520741.0,Saudi Central Bank (SAMA) weekly POS via KAPSARC Data Portal,REAL_OFFICIAL_AGGREGATE
2020-11-15,2020-11-21,7229498.0,Saudi Central Bank (SAMA) weekly POS via KAPSARC Data Portal,REAL_OFFICIAL_AGGREGATE
2020-11-22,2020-11-28,8647581.0,Saudi Central Bank (SAMA) weekly POS via KAPSARC Data Portal,REAL_OFFICIAL_AGGREGATE
2020-11-29,2020-12-05,9004770.0,Saudi Central Bank (SAMA) weekly POS via KAPSARC Data Portal,REAL_OFFICIAL_AGGREGATE
2020-12-06,2020-12-12,7976889.0,Saudi Central Bank (SAMA) weekly POS via KAPSARC Data Portal,REAL_OFFICIAL_AGGREGATE
2020-12-13,2020-12-19,7484796.0,Saudi Central Bank (SAMA) weekly POS via KAPSARC Data Portal,REAL_OFFICIAL_AGGREGATE
2020-12-20,2020-12-26,7602041.0,Saudi Central Bank (SAMA) weekly POS via KAPSARC Data Portal,REAL_OFFICIAL_AGGREGATE
2020-12-27,2021-01-02,10738139.0,Saudi Central Bank (SAMA) weekly POS via KAPSARC Data Portal,REAL_OFFICIAL_AGGREGATE
2021-01-03,2021-01-09,8516478.0,Saudi Central Bank (SAMA) weekly POS via KAPSARC Data Portal,REAL_OFFICIAL_AGGREGATE
2021-01-10,2021-01-16,8184169.0,Saudi Central Bank (SAMA) weekly POS via KAPSARC Data Portal,REAL_OFFICIAL_AGGREGATE
2021-01-17,2021-01-23,7509711.0,Saudi Central Bank (SAMA) weekly POS via KAPSARC Data Portal,REAL_OFFICIAL_AGGREGATE
2021-01-24,2021-01-30,9302243.0,Saudi Central Bank (SAMA) weekly POS via KAPSARC Data Portal,REAL_OFFICIAL_AGGREGATE
2021-01-31,2021-02-06,8555927.0,Saudi Central Bank (SAMA) weekly POS via KAPSARC Data Portal,REAL_OFFICIAL_AGGREGATE
2021-02-07,2021-02-13,7631010.0,Saudi Central Bank (SAMA) weekly POS via KAPSARC Data Portal,REAL_OFFICIAL_AGGREGATE
2021-02-14,2021-02-20,7188188.0,Saudi Central Bank (SAMA) weekly POS via KAPSARC Data Portal,REAL_OFFICIAL_AGGREGATE
2021-02-21,2021-02-27,7341772.0,Saudi Central Bank (SAMA) weekly POS via KAPSARC Data Portal,REAL_OFFICIAL_AGGREGATE
2021-02-28,2021-03-06,9879423.0,Saudi Central Bank (SAMA) weekly POS via KAPSARC Data Portal,REAL_OFFICIAL_AGGREGATE
2021-03-07,2021-03-13,8548601.0,Saudi Central Bank (SAMA) weekly POS via KAPSARC Data Portal,REAL_OFFICIAL_AGGREGATE
2021-03-14,2021-03-20,8458197.0,Saudi Central Bank (SAMA) weekly POS via KAPSARC Data Portal,REAL_OFFICIAL_AGGREGATE
2021-03-21,2021-03-27,8820932.0,Saudi Central Bank (SAMA) weekly POS via KAPSARC Data Portal,REAL_OFFICIAL_AGGREGATE
2021-03-28,2021-04-03,11374969.0,Saudi Central Bank (SAMA) weekly POS via KAPSARC Data Portal,REAL_OFFICIAL_AGGREGATE
2021-04-04,2021-04-10,10043116.0,Saudi Central Bank (SAMA) weekly POS via KAPSARC Data Portal,REAL_OFFICIAL_AGGREGATE
2021-04-11,2021-04-17,8196797.0,Saudi Central Bank (SAMA) weekly POS via KAPSARC Data Portal,REAL_OFFICIAL_AGGREGATE
2021-04-18,2021-04-24,7315068.0,Saudi Central Bank (SAMA) weekly POS via KAPSARC Data Portal,REAL_OFFICIAL_AGGREGATE
2021-04-25,2021-05-01,10731129.0,Saudi Central Bank (SAMA) weekly POS via KAPSARC Data Portal,REAL_OFFICIAL_AGGREGATE
2021-05-02,2021-05-08,10877479.0,Saudi Central Bank (SAMA) weekly POS via KAPSARC Data Portal,REAL_OFFICIAL_AGGREGATE
2021-05-09,2021-05-15,8621659.0,Saudi Central Bank (SAMA) weekly POS via KAPSARC Data Portal,REAL_OFFICIAL_AGGREGATE
2021-05-16,2021-05-22,7054100.0,Saudi Central Bank (SAMA) weekly POS via KAPSARC Data Portal,REAL_OFFICIAL_AGGREGATE
2021-05-23,2021-05-29,9168264.0,Saudi Central Bank (SAMA) weekly POS via KAPSARC Data Portal,REAL_OFFICIAL_AGGREGATE
2021-05-30,2021-06-05,9499108.0,Saudi Central Bank (SAMA) weekly POS via KAPSARC Data Portal,REAL_OFFICIAL_AGGREGATE
2021-06-06,2021-06-12,8876817.0,Saudi Central Bank (SAMA) weekly POS via KAPSARC Data Portal,REAL_OFFICIAL_AGGREGATE
2021-06-13,2021-06-19,8289609.0,Saudi Central Bank (SAMA) weekly POS via KAPSARC Data Portal,REAL_OFFICIAL_AGGREGATE
2021-06-20,2021-06-26,8357901.0,Saudi Central Bank (SAMA) weekly POS via KAPSARC Data Portal,REAL_OFFICIAL_AGGREGATE
2021-06-27,2021-07-03,10749770.0,Saudi Central Bank (SAMA) weekly POS via KAPSARC Data Portal,REAL_OFFICIAL_AGGREGATE
2021-07-04,2021-07-10,9352060.0,Saudi Central Bank (SAMA) weekly POS via KAPSARC Data Portal,REAL_OFFICIAL_AGGREGATE
2021-07-11,2021-07-17,9527998.0,Saudi Central Bank (SAMA) weekly POS via KAPSARC Data Portal,REAL_OFFICIAL_AGGREGATE
2021-07-18,2021-07-24,6123767.0,Saudi Central Bank (SAMA) weekly POS via KAPSARC Data Portal,REAL_OFFICIAL_AGGREGATE
2021-07-25,2021-07-31,9713267.0,Saudi Central Bank (SAMA) weekly POS via KAPSARC Data Portal,REAL_OFFICIAL_AGGREGATE
2021-08-01,2021-08-07,9020717.0,Saudi Central Bank (SAMA) weekly POS via KAPSARC Data Portal,REAL_OFFICIAL_AGGREGATE
2021-08-08,2021-08-14,8714454.0,Saudi Central Bank (SAMA) weekly POS via KAPSARC Data Portal,REAL_OFFICIAL_AGGREGATE
2021-08-15,2021-08-21,8002233.0,Saudi Central Bank (SAMA) weekly POS via KAPSARC Data Portal,REAL_OFFICIAL_AGGREGATE
2021-08-22,2021-08-28,10539869.0,Saudi Central Bank (SAMA) weekly POS via KAPSARC Data Portal,REAL_OFFICIAL_AGGREGATE
2021-08-29,2021-09-04,10196698.0,Saudi Central Bank (SAMA) weekly POS via KAPSARC Data Portal,REAL_OFFICIAL_AGGREGATE
2021-09-05,2021-09-11,9021053.0,Saudi Central Bank (SAMA) weekly POS via KAPSARC Data Portal,REAL_OFFICIAL_AGGREGATE
2021-09-12,2021-09-18,8373128.0,Saudi Central Bank (SAMA) weekly POS via KAPSARC Data Portal,REAL_OFFICIAL_AGGREGATE
2021-09-19,2021-09-25,8852013.0,Saudi Central Bank (SAMA) weekly POS via KAPSARC Data Portal,REAL_OFFICIAL_AGGREGATE
2021-09-26,2021-10-02,11027353.0,Saudi Central Bank (SAMA) weekly POS via KAPSARC Data Portal,REAL_OFFICIAL_AGGREGATE
2021-10-03,2021-10-09,9157727.0,Saudi Central Bank (SAMA) weekly POS via KAPSARC Data Portal,REAL_OFFICIAL_AGGREGATE
2021-10-10,2021-10-16,8679016.0,Saudi Central Bank (SAMA) weekly POS via KAPSARC Data Portal,REAL_OFFICIAL_AGGREGATE
2021-10-17,2021-10-23,8021859.0,Saudi Central Bank (SAMA) weekly POS via KAPSARC Data Portal,REAL_OFFICIAL_AGGREGATE
2021-10-24,2021-10-30,10344975.0,Saudi Central Bank (SAMA) weekly POS via KAPSARC Data Portal,REAL_OFFICIAL_AGGREGATE
2021-10-31,2021-11-06,10003145.0,Saudi Central Bank (SAMA) weekly POS via KAPSARC Data Portal,REAL_OFFICIAL_AGGREGATE
2021-11-07,2021-11-13,9173759.0,Saudi Central Bank (SAMA) weekly POS via KAPSARC Data Portal,REAL_OFFICIAL_AGGREGATE
2021-11-14,2021-11-20,8459378.0,Saudi Central Bank (SAMA) weekly POS via KAPSARC Data Portal,REAL_OFFICIAL_AGGREGATE
2021-11-21,2021-11-27,9418425.0,Saudi Central Bank (SAMA) weekly POS via KAPSARC Data Portal,REAL_OFFICIAL_AGGREGATE
2021-11-28,2021-12-04,12059075.0,Saudi Central Bank (SAMA) weekly POS via KAPSARC Data Portal,REAL_OFFICIAL_AGGREGATE
2021-12-05,2021-12-11,10010872.0,Saudi Central Bank (SAMA) weekly POS via KAPSARC Data Portal,REAL_OFFICIAL_AGGREGATE
2021-12-12,2021-12-18,9048190.0,Saudi Central Bank (SAMA) weekly POS via KAPSARC Data Portal,REAL_OFFICIAL_AGGREGATE
2021-12-19,2021-12-25,8646156.0,Saudi Central Bank (SAMA) weekly POS via KAPSARC Data Portal,REAL_OFFICIAL_AGGREGATE
2021-12-26,2022-01-01,11839906.0,Saudi Central Bank (SAMA) weekly POS via KAPSARC Data Portal,REAL_OFFICIAL_AGGREGATE
2022-01-02,2022-01-08,10226806.0,Saudi Central Bank (SAMA) weekly POS via KAPSARC Data Portal,REAL_OFFICIAL_AGGREGATE
2022-01-09,2022-01-15,9505021.0,Saudi Central Bank (SAMA) weekly POS via KAPSARC Data Portal,REAL_OFFICIAL_AGGREGATE
2022-01-16,2022-01-22,8773967.0,Saudi Central Bank (SAMA) weekly POS via KAPSARC Data Portal,REAL_OFFICIAL_AGGREGATE
2022-01-23,2022-01-29,10448882.0,Saudi Central Bank (SAMA) weekly POS via KAPSARC Data Portal,REAL_OFFICIAL_AGGREGATE
2022-01-30,2022-02-05,10548396.0,Saudi Central Bank (SAMA) weekly POS via KAPSARC Data Portal,REAL_OFFICIAL_AGGREGATE
2022-02-06,2022-02-12,9326155.0,Saudi Central Bank (SAMA) weekly POS via KAPSARC Data Portal,REAL_OFFICIAL_AGGREGATE
2022-02-13,2022-02-19,8819070.0,Saudi Central Bank (SAMA) weekly POS via KAPSARC Data Portal,REAL_OFFICIAL_AGGREGATE
2022-02-20,2022-02-26,9407791.0,Saudi Central Bank (SAMA) weekly POS via KAPSARC Data Portal,REAL_OFFICIAL_AGGREGATE
2022-02-27,2022-03-05,12018026.0,Saudi Central Bank (SAMA) weekly POS via KAPSARC Data Portal,REAL_OFFICIAL_AGGREGATE
2022-03-06,2022-03-12,10807910.0,Saudi Central Bank (SAMA) weekly POS via KAPSARC Data Portal,REAL_OFFICIAL_AGGREGATE
2022-03-13,2022-03-19,10735263.0,Saudi Central Bank (SAMA) weekly POS via KAPSARC Data Portal,REAL_OFFICIAL_AGGREGATE
2022-03-20,2022-03-26,10667760.0,Saudi Central Bank (SAMA) weekly POS via KAPSARC Data Portal,REAL_OFFICIAL_AGGREGATE
2022-03-27,2022-04-02,14051493.0,Saudi Central Bank (SAMA) weekly POS via KAPSARC Data Portal,REAL_OFFICIAL_AGGREGATE
2022-04-03,2022-04-09,9639991.0,Saudi Central Bank (SAMA) weekly POS via KAPSARC Data Portal,REAL_OFFICIAL_AGGREGATE
2022-04-10,2022-04-16,9990842.0,Saudi Central Bank (SAMA) weekly POS via KAPSARC Data Portal,REAL_OFFICIAL_AGGREGATE
2022-04-17,2022-04-23,10424423.0,Saudi Central Bank (SAMA) weekly POS via KAPSARC Data Portal,REAL_OFFICIAL_AGGREGATE
2022-04-24,2022-04-30,15971636.0,Saudi Central Bank (SAMA) weekly POS via KAPSARC Data Portal,REAL_OFFICIAL_AGGREGATE
2022-05-01,2022-05-07,8402910.0,Saudi Central Bank (SAMA) weekly POS via KAPSARC Data Portal,REAL_OFFICIAL_AGGREGATE
2022-05-08,2022-05-14,9318581.0,Saudi Central Bank (SAMA) weekly POS via KAPSARC Data Portal,REAL_OFFICIAL_AGGREGATE
2022-05-15,2022-05-21,8810663.0,Saudi Central Bank (SAMA) weekly POS via KAPSARC Data Portal,REAL_OFFICIAL_AGGREGATE
2022-05-22,2022-05-28,10970997.0,Saudi Central Bank (SAMA) weekly POS via KAPSARC Data Portal,REAL_OFFICIAL_AGGREGATE
2022-05-29,2022-06-04,11167982.0,Saudi Central Bank (SAMA) weekly POS via KAPSARC Data Portal,REAL_OFFICIAL_AGGREGATE
2022-06-05,2022-06-11,10344656.0,Saudi Central Bank (SAMA) weekly POS via KAPSARC Data Portal,REAL_OFFICIAL_AGGREGATE
2022-06-12,2022-06-18,9928864.0,Saudi Central Bank (SAMA) weekly POS via KAPSARC Data Portal,REAL_OFFICIAL_AGGREGATE
2022-06-19,2022-06-25,9421756.0,Saudi Central Bank (SAMA) weekly POS via KAPSARC Data Portal,REAL_OFFICIAL_AGGREGATE
2022-06-26,2022-07-02,13433950.0,Saudi Central Bank (SAMA) weekly POS via KAPSARC Data Portal,REAL_OFFICIAL_AGGREGATE
2022-07-03,2022-07-09,12090467.0,Saudi Central Bank (SAMA) weekly POS via KAPSARC Data Portal,REAL_OFFICIAL_AGGREGATE
2022-07-10,2022-07-16,8067197.0,Saudi Central Bank (SAMA) weekly POS via KAPSARC Data Portal,REAL_OFFICIAL_AGGREGATE
2022-07-17,2022-07-23,8947386.0,Saudi Central Bank (SAMA) weekly POS via KAPSARC Data Portal,REAL_OFFICIAL_AGGREGATE
2022-07-24,2022-07-30,11422332.0,Saudi Central Bank (SAMA) weekly POS via KAPSARC Data Portal,REAL_OFFICIAL_AGGREGATE
2022-07-31,2022-08-06,10803070.0,Saudi Central Bank (SAMA) weekly POS via KAPSARC Data Portal,REAL_OFFICIAL_AGGREGATE
2022-08-07,2022-08-13,10302193.0,Saudi Central Bank (SAMA) weekly POS via KAPSARC Data Portal,REAL_OFFICIAL_AGGREGATE
2022-08-14,2022-08-20,10191094.0,Saudi Central Bank (SAMA) weekly POS via KAPSARC Data Portal,REAL_OFFICIAL_AGGREGATE
2022-08-21,2022-08-27,11586188.0,Saudi Central Bank (SAMA) weekly POS via KAPSARC Data Portal,REAL_OFFICIAL_AGGREGATE
2022-08-28,2022-09-03,13501996.0,Saudi Central Bank (SAMA) weekly POS via KAPSARC Data Portal,REAL_OFFICIAL_AGGREGATE
2022-09-04,2022-09-10,10588140.0,Saudi Central Bank (SAMA) weekly POS via KAPSARC Data Portal,REAL_OFFICIAL_AGGREGATE
2022-09-11,2022-09-17,10243845.0,Saudi Central Bank (SAMA) weekly POS via KAPSARC Data Portal,REAL_OFFICIAL_AGGREGATE
2022-09-18,2022-09-24,10425464.0,Saudi Central Bank (SAMA) weekly POS via KAPSARC Data Portal,REAL_OFFICIAL_AGGREGATE
2022-09-25,2022-10-01,12844871.0,Saudi Central Bank (SAMA) weekly POS via KAPSARC Data Portal,REAL_OFFICIAL_AGGREGATE
2022-10-02,2022-10-08,10819841.0,Saudi Central Bank (SAMA) weekly POS via KAPSARC Data Portal,REAL_OFFICIAL_AGGREGATE
2022-10-09,2022-10-15,10265184.0,Saudi Central Bank (SAMA) weekly POS via KAPSARC Data Portal,REAL_OFFICIAL_AGGREGATE
2022-10-16,2022-10-22,9513232.0,Saudi Central Bank (SAMA) weekly POS via KAPSARC Data Portal,REAL_OFFICIAL_AGGREGATE
2022-10-23,2022-10-29,11687179.0,Saudi Central Bank (SAMA) weekly POS via KAPSARC Data Portal,REAL_OFFICIAL_AGGREGATE
2022-10-30,2022-11-05,11749999.0,Saudi Central Bank (SAMA) weekly POS via KAPSARC Data Portal,REAL_OFFICIAL_AGGREGATE
2022-11-06,2022-11-12,10601102.0,Saudi Central Bank (SAMA) weekly POS via KAPSARC Data Portal,REAL_OFFICIAL_AGGREGATE
2022-11-13,2022-11-19,9799178.0,Saudi Central Bank (SAMA) weekly POS via KAPSARC Data Portal,REAL_OFFICIAL_AGGREGATE
2022-11-20,2022-11-26,10022104.0,Saudi Central Bank (SAMA) weekly POS via KAPSARC Data Portal,REAL_OFFICIAL_AGGREGATE
2022-11-27,2022-12-03,13681541.0,Saudi Central Bank (SAMA) weekly POS via KAPSARC Data Portal,REAL_OFFICIAL_AGGREGATE
2022-12-04,2022-12-10,11050401.0,Saudi Central Bank (SAMA) weekly POS via KAPSARC Data Portal,REAL_OFFICIAL_AGGREGATE
2022-12-11,2022-12-17,10739278.0,Saudi Central Bank (SAMA) weekly POS via KAPSARC Data Portal,REAL_OFFICIAL_AGGREGATE
2022-12-18,2022-12-24,9742234.0,Saudi Central Bank (SAMA) weekly POS via KAPSARC Data Portal,REAL_OFFICIAL_AGGREGATE
2022-12-25,2022-12-31,13456632.0,Saudi Central Bank (SAMA) weekly POS via KAPSARC Data Portal,REAL_OFFICIAL_AGGREGATE
2023-01-01,2023-01-07,11173806.0,Saudi Central Bank (SAMA) weekly POS via KAPSARC Data Portal,REAL_OFFICIAL_AGGREGATE
2023-01-08,2023-01-14,10673810.0,Saudi Central Bank (SAMA) weekly POS via KAPSARC Data Portal,REAL_OFFICIAL_AGGREGATE
2023-01-15,2023-01-21,9712989.0,Saudi Central Bank (SAMA) weekly POS via KAPSARC Data Portal,REAL_OFFICIAL_AGGREGATE
2023-01-22,2023-01-28,10105444.0,Saudi Central Bank (SAMA) weekly POS via KAPSARC Data Portal,REAL_OFFICIAL_AGGREGATE
2023-01-29,2023-02-04,12020455.0,Saudi Central Bank (SAMA) weekly POS via KAPSARC Data Portal,REAL_OFFICIAL_AGGREGATE
2023-02-05,2023-02-11,10912252.0,Saudi Central Bank (SAMA) weekly POS via KAPSARC Data Portal,REAL_OFFICIAL_AGGREGATE
2023-02-12,2023-02-18,10347280.0,Saudi Central Bank (SAMA) weekly POS via KAPSARC Data Portal,REAL_OFFICIAL_AGGREGATE
2023-02-19,2023-02-25,10399437.0,Saudi Central Bank (SAMA) weekly POS via KAPSARC Data Portal,REAL_OFFICIAL_AGGREGATE
2023-02-26,2023-03-04,14574055.0,Saudi Central Bank (SAMA) weekly POS via KAPSARC Data Portal,REAL_OFFICIAL_AGGREGATE
2023-03-05,2023-03-11,13209340.0,Saudi Central Bank (SAMA) weekly POS via KAPSARC Data Portal,REAL_OFFICIAL_AGGREGATE
2023-03-12,2023-03-18,11999164.0,Saudi Central Bank (SAMA) weekly POS via KAPSARC Data Portal,REAL_OFFICIAL_AGGREGATE
2023-03-19,2023-03-25,11040364.0,Saudi Central Bank (SAMA) weekly POS via KAPSARC Data Portal,REAL_OFFICIAL_AGGREGATE
2023-03-26,2023-04-01,12704203.0,Saudi Central Bank (SAMA) weekly POS via KAPSARC Data Portal,REAL_OFFICIAL_AGGREGATE
2023-04-02,2023-04-08,12580793.0,Saudi Central Bank (SAMA) weekly POS via KAPSARC Data Portal,REAL_OFFICIAL_AGGREGATE
2023-04-09,2023-04-15,13039319.0,Saudi Central Bank (SAMA) weekly POS via KAPSARC Data Portal,REAL_OFFICIAL_AGGREGATE
2023-04-16,2023-04-22,12003978.0,Saudi Central Bank (SAMA) weekly POS via KAPSARC Data Portal,REAL_OFFICIAL_AGGREGATE
2023-04-23,2023-04-29,10377590.0,Saudi Central Bank (SAMA) weekly POS via KAPSARC Data Portal,REAL_OFFICIAL_AGGREGATE
2023-04-30,2023-05-06,11592922.0,Saudi Central Bank (SAMA) weekly POS via KAPSARC Data Portal,REAL_OFFICIAL_AGGREGATE
2023-05-07,2023-05-13,10890228.0,Saudi Central Bank (SAMA) weekly POS via KAPSARC Data Portal,REAL_OFFICIAL_AGGREGATE
2023-05-14,2023-05-20,10092015.0,Saudi Central Bank (SAMA) weekly POS via KAPSARC Data Portal,REAL_OFFICIAL_AGGREGATE
2023-05-21,2023-05-27,10704997.0,Saudi Central Bank (SAMA) weekly POS via KAPSARC Data Portal,REAL_OFFICIAL_AGGREGATE
2023-05-28,2023-06-03,13815212.0,Saudi Central Bank (SAMA) weekly POS via KAPSARC Data Portal,REAL_OFFICIAL_AGGREGATE
2023-06-04,2023-06-10,11686845.0,Saudi Central Bank (SAMA) weekly POS via KAPSARC Data Portal,REAL_OFFICIAL_AGGREGATE
2023-06-11,2023-06-17,11651800.0,Saudi Central Bank (SAMA) weekly POS via KAPSARC Data Portal,REAL_OFFICIAL_AGGREGATE
2023-06-18,2023-06-24,12295713.0,Saudi Central Bank (SAMA) weekly POS via KAPSARC Data Portal,REAL_OFFICIAL_AGGREGATE
2023-06-25,2023-07-01,12123144.0,Saudi Central Bank (SAMA) weekly POS via KAPSARC Data Portal,REAL_OFFICIAL_AGGREGATE
2023-07-02,2023-07-08,11189611.0,Saudi Central Bank (SAMA) weekly POS via KAPSARC Data Portal,REAL_OFFICIAL_AGGREGATE
2023-07-09,2023-07-15,10919162.0,Saudi Central Bank (SAMA) weekly POS via KAPSARC Data Portal,REAL_OFFICIAL_AGGREGATE
2023-07-16,2023-07-22,10120926.0,Saudi Central Bank (SAMA) weekly POS via KAPSARC Data Portal,REAL_OFFICIAL_AGGREGATE
2023-07-23,2023-07-29,11917284.0,Saudi Central Bank (SAMA) weekly POS via KAPSARC Data Portal,REAL_OFFICIAL_AGGREGATE
2023-07-30,2023-08-05,12664717.0,Saudi Central Bank (SAMA) weekly POS via KAPSARC Data Portal,REAL_OFFICIAL_AGGREGATE
2023-08-06,2023-08-12,11969071.0,Saudi Central Bank (SAMA) weekly POS via KAPSARC Data Portal,REAL_OFFICIAL_AGGREGATE
2023-08-13,2023-08-19,12020647.0,Saudi Central Bank (SAMA) weekly POS via KAPSARC Data Portal,REAL_OFFICIAL_AGGREGATE
2023-08-20,2023-08-26,11367723.0,Saudi Central Bank (SAMA) weekly POS via KAPSARC Data Portal,REAL_OFFICIAL_AGGREGATE
2023-08-27,2023-09-02,13836319.0,Saudi Central Bank (SAMA) weekly POS via KAPSARC Data Portal,REAL_OFFICIAL_AGGREGATE
2023-09-03,2023-09-09,11326868.0,Saudi Central Bank (SAMA) weekly POS via KAPSARC Data Portal,REAL_OFFICIAL_AGGREGATE
2023-09-10,2023-09-16,11186112.0,Saudi Central Bank (SAMA) weekly POS via KAPSARC Data Portal,REAL_OFFICIAL_AGGREGATE
2023-09-17,2023-09-23,10869164.0,Saudi Central Bank (SAMA) weekly POS via KAPSARC Data Portal,REAL_OFFICIAL_AGGREGATE
2023-09-24,2023-09-30,13624576.0,Saudi Central Bank (SAMA) weekly POS via KAPSARC Data Portal,REAL_OFFICIAL_AGGREGATE
2023-10-01,2023-10-07,12145547.0,Saudi Central Bank (SAMA) weekly POS via KAPSARC Data Portal,REAL_OFFICIAL_AGGREGATE
2023-10-08,2023-10-14,11146716.0,Saudi Central Bank (SAMA) weekly POS via KAPSARC Data Portal,REAL_OFFICIAL_AGGREGATE
2023-10-15,2023-10-21,10056561.0,Saudi Central Bank (SAMA) weekly POS via KAPSARC Data Portal,REAL_OFFICIAL_AGGREGATE
2023-10-22,2023-10-28,12301917.0,Saudi Central Bank (SAMA) weekly POS via KAPSARC Data Portal,REAL_OFFICIAL_AGGREGATE
2023-10-29,2023-11-04,12779798.0,Saudi Central Bank (SAMA) weekly POS via KAPSARC Data Portal,REAL_OFFICIAL_AGGREGATE
2023-11-05,2023-11-11,11500110.0,Saudi Central Bank (SAMA) weekly POS via KAPSARC Data Portal,REAL_OFFICIAL_AGGREGATE
2023-11-12,2023-11-18,11271436.0,Saudi Central Bank (SAMA) weekly POS via KAPSARC Data Portal,REAL_OFFICIAL_AGGREGATE
2023-11-19,2023-11-25,11247844.0,Saudi Central Bank (SAMA) weekly POS via KAPSARC Data Portal,REAL_OFFICIAL_AGGREGATE
2023-11-26,2023-12-02,14874136.0,Saudi Central Bank (SAMA) weekly POS via KAPSARC Data Portal,REAL_OFFICIAL_AGGREGATE
2023-12-03,2023-12-09,12067066.0,Saudi Central Bank (SAMA) weekly POS via KAPSARC Data Portal,REAL_OFFICIAL_AGGREGATE
2023-12-10,2023-12-16,11637501.0,Saudi Central Bank (SAMA) weekly POS via KAPSARC Data Portal,REAL_OFFICIAL_AGGREGATE
2023-12-17,2023-12-23,10701068.0,Saudi Central Bank (SAMA) weekly POS via KAPSARC Data Portal,REAL_OFFICIAL_AGGREGATE
2023-12-24,2023-12-30,13989326.0,Saudi Central Bank (SAMA) weekly POS via KAPSARC Data Portal,REAL_OFFICIAL_AGGREGATE
2023-12-31,2024-01-06,13393810.0,Saudi Central Bank (SAMA) weekly POS via KAPSARC Data Portal,REAL_OFFICIAL_AGGREGATE
2024-01-07,2024-01-13,12347101.0,Saudi Central Bank (SAMA) weekly POS via KAPSARC Data Portal,REAL_OFFICIAL_AGGREGATE
2024-01-14,2024-01-20,10607691.0,Saudi Central Bank (SAMA) weekly POS via KAPSARC Data Portal,REAL_OFFICIAL_AGGREGATE
2024-01-21,2024-01-27,11039904.0,Saudi Central Bank (SAMA) weekly POS via KAPSARC Data Portal,REAL_OFFICIAL_AGGREGATE
2024-01-28,2024-02-03,14327398.0,Saudi Central Bank (SAMA) weekly POS via KAPSARC Data Portal,REAL_OFFICIAL_AGGREGATE
2024-02-04,2024-02-10,11873061.0,Saudi Central Bank (SAMA) weekly POS via KAPSARC Data Portal,REAL_OFFICIAL_AGGREGATE
2024-02-11,2024-02-17,11965427.0,Saudi Central Bank (SAMA) weekly POS via KAPSARC Data Portal,REAL_OFFICIAL_AGGREGATE
2024-02-18,2024-02-24,12137902.0,Saudi Central Bank (SAMA) weekly POS via KAPSARC Data Portal,REAL_OFFICIAL_AGGREGATE
2024-02-25,2024-03-02,16209237.0,Saudi Central Bank (SAMA) weekly POS via KAPSARC Data Portal,REAL_OFFICIAL_AGGREGATE
2024-03-03,2024-03-09,14768758.0,Saudi Central Bank (SAMA) weekly POS via KAPSARC Data Portal,REAL_OFFICIAL_AGGREGATE
2024-03-10,2024-03-16,11688154.0,Saudi Central Bank (SAMA) weekly POS via KAPSARC Data Portal,REAL_OFFICIAL_AGGREGATE
2024-03-17,2024-03-23,11460980.0,Saudi Central Bank (SAMA) weekly POS via KAPSARC Data Portal,REAL_OFFICIAL_AGGREGATE
2024-03-24,2024-03-30,14028543.0,Saudi Central Bank (SAMA) weekly POS via KAPSARC Data Portal,REAL_OFFICIAL_AGGREGATE
2024-03-31,2024-04-06,16537865.0,Saudi Central Bank (SAMA) weekly POS via KAPSARC Data Portal,REAL_OFFICIAL_AGGREGATE
2024-04-07,2024-04-13,11351346.0,Saudi Central Bank (SAMA) weekly POS via KAPSARC Data Portal,REAL_OFFICIAL_AGGREGATE
2024-04-14,2024-04-20,10138768.0,Saudi Central Bank (SAMA) weekly POS via KAPSARC Data Portal,REAL_OFFICIAL_AGGREGATE
2024-04-21,2024-04-27,10851631.0,Saudi Central Bank (SAMA) weekly POS via KAPSARC Data Portal,REAL_OFFICIAL_AGGREGATE
2024-04-28,2024-05-04,14473512.0,Saudi Central Bank (SAMA) weekly POS via KAPSARC Data Portal,REAL_OFFICIAL_AGGREGATE
2024-05-05,2024-05-11,12522301.0,Saudi Central Bank (SAMA) weekly POS via KAPSARC Data Portal,REAL_OFFICIAL_AGGREGATE
2024-05-12,2024-05-18,11654021.0,Saudi Central Bank (SAMA) weekly POS via KAPSARC Data Portal,REAL_OFFICIAL_AGGREGATE
2024-05-19,2024-05-25,11206542.0,Saudi Central Bank (SAMA) weekly POS via KAPSARC Data Portal,REAL_OFFICIAL_AGGREGATE
2024-05-26,2024-06-01,15222754.0,Saudi Central Bank (SAMA) weekly POS via KAPSARC Data Portal,REAL_OFFICIAL_AGGREGATE
2024-06-02,2024-06-08,13641820.0,Saudi Central Bank (SAMA) weekly POS via KAPSARC Data Portal,REAL_OFFICIAL_AGGREGATE
2024-06-09,2024-06-15,14234899.0,Saudi Central Bank (SAMA) weekly POS via KAPSARC Data Portal,REAL_OFFICIAL_AGGREGATE
2024-06-16,2024-06-22,8343012.0,Saudi Central Bank (SAMA) weekly POS via KAPSARC Data Portal,REAL_OFFICIAL_AGGREGATE
2024-06-23,2024-06-29,12349544.0,Saudi Central Bank (SAMA) weekly POS via KAPSARC Data Portal,REAL_OFFICIAL_AGGREGATE
2024-06-30,2024-07-06,13321929.0,Saudi Central Bank (SAMA) weekly POS via KAPSARC Data Portal,REAL_OFFICIAL_AGGREGATE
2024-07-07,2024-07-13,11994930.0,Saudi Central Bank (SAMA) weekly POS via KAPSARC Data Portal,REAL_OFFICIAL_AGGREGATE
2024-07-14,2024-07-20,10934576.0,Saudi Central Bank (SAMA) weekly POS via KAPSARC Data Portal,REAL_OFFICIAL_AGGREGATE
2024-07-21,2024-07-27,11243476.0,Saudi Central Bank (SAMA) weekly POS via KAPSARC Data Portal,REAL_OFFICIAL_AGGREGATE
2024-07-28,2024-08-03,14711144.0,Saudi Central Bank (SAMA) weekly POS via KAPSARC Data Portal,REAL_OFFICIAL_AGGREGATE
2024-08-04,2024-08-10,13093782.0,Saudi Central Bank (SAMA) weekly POS via KAPSARC Data Portal,REAL_OFFICIAL_AGGREGATE
2024-08-11,2024-08-17,13568097.0,Saudi Central Bank (SAMA) weekly POS via KAPSARC Data Portal,REAL_OFFICIAL_AGGREGATE
2024-08-18,2024-08-24,11661097.0,Saudi Central Bank (SAMA) weekly POS via KAPSARC Data Portal,REAL_OFFICIAL_AGGREGATE
2024-08-25,2024-08-31,14045215.0,Saudi Central Bank (SAMA) weekly POS via KAPSARC Data Portal,REAL_OFFICIAL_AGGREGATE
2024-09-01,2024-09-07,13350722.0,Saudi Central Bank (SAMA) weekly POS via KAPSARC Data Portal,REAL_OFFICIAL_AGGREGATE
2024-09-08,2024-09-14,12202959.0,Saudi Central Bank (SAMA) weekly POS via KAPSARC Data Portal,REAL_OFFICIAL_AGGREGATE
2024-09-15,2024-09-21,11972276.0,Saudi Central Bank (SAMA) weekly POS via KAPSARC Data Portal,REAL_OFFICIAL_AGGREGATE
2024-09-22,2024-09-28,13392037.0,Saudi Central Bank (SAMA) weekly POS via KAPSARC Data Portal,REAL_OFFICIAL_AGGREGATE
2024-09-29,2024-10-05,13737373.0,Saudi Central Bank (SAMA) weekly POS via KAPSARC Data Portal,REAL_OFFICIAL_AGGREGATE
2024-10-06,2024-10-12,12276115.0,Saudi Central Bank (SAMA) weekly POS via KAPSARC Data Portal,REAL_OFFICIAL_AGGREGATE
2024-10-13,2024-10-19,11358111.0,Saudi Central Bank (SAMA) weekly POS via KAPSARC Data Portal,REAL_OFFICIAL_AGGREGATE
2024-10-20,2024-10-26,11097564.0,Saudi Central Bank (SAMA) weekly POS via KAPSARC Data Portal,REAL_OFFICIAL_AGGREGATE
2024-10-27,2024-11-02,15164681.0,Saudi Central Bank (SAMA) weekly POS via KAPSARC Data Portal,REAL_OFFICIAL_AGGREGATE
2024-11-03,2024-11-09,13435403.0,Saudi Central Bank (SAMA) weekly POS via KAPSARC Data Portal,REAL_OFFICIAL_AGGREGATE
2024-11-10,2024-11-16,13234850.0,Saudi Central Bank (SAMA) weekly POS via KAPSARC Data Portal,REAL_OFFICIAL_AGGREGATE
2024-11-17,2024-11-23,11500389.0,Saudi Central Bank (SAMA) weekly POS via KAPSARC Data Portal,REAL_OFFICIAL_AGGREGATE
2024-11-24,2024-11-30,14330646.0,Saudi Central Bank (SAMA) weekly POS via KAPSARC Data Portal,REAL_OFFICIAL_AGGREGATE
2024-12-01,2024-12-07,14226040.0,Saudi Central Bank (SAMA) weekly POS via KAPSARC Data Portal,REAL_OFFICIAL_AGGREGATE
2024-12-08,2024-12-14,12849924.0,Saudi Central Bank (SAMA) weekly POS via KAPSARC Data Portal,REAL_OFFICIAL_AGGREGATE
2024-12-15,2024-12-21,11803821.0,Saudi Central Bank (SAMA) weekly POS via KAPSARC Data Portal,REAL_OFFICIAL_AGGREGATE
2024-12-22,2024-12-28,13832731.0,Saudi Central Bank (SAMA) weekly POS via KAPSARC Data Portal,REAL_OFFICIAL_AGGREGATE
2024-12-29,2025-01-04,15101053.0,Saudi Central Bank (SAMA) weekly POS via KAPSARC Data Portal,REAL_OFFICIAL_AGGREGATE
2025-01-05,2025-01-11,13404697.0,Saudi Central Bank (SAMA) weekly POS via KAPSARC Data Portal,REAL_OFFICIAL_AGGREGATE
2025-01-12,2025-01-18,11776267.0,Saudi Central Bank (SAMA) weekly POS via KAPSARC Data Portal,REAL_OFFICIAL_AGGREGATE
2025-01-19,2025-01-25,11172911.0,Saudi Central Bank (SAMA) weekly POS via KAPSARC Data Portal,REAL_OFFICIAL_AGGREGATE
2025-01-26,2025-02-01,15496109.0,Saudi Central Bank (SAMA) weekly POS via KAPSARC Data Portal,REAL_OFFICIAL_AGGREGATE
2025-02-02,2025-02-08,13732155.0,Saudi Central Bank (SAMA) weekly POS via KAPSARC Data Portal,REAL_OFFICIAL_AGGREGATE
2025-02-09,2025-02-15,13320771.0,Saudi Central Bank (SAMA) weekly POS via KAPSARC Data Portal,REAL_OFFICIAL_AGGREGATE
2025-02-16,2025-02-22,13045971.0,Saudi Central Bank (SAMA) weekly POS via KAPSARC Data Portal,REAL_OFFICIAL_AGGREGATE
2025-02-23,2025-03-01,17575070.0,Saudi Central Bank (SAMA) weekly POS via KAPSARC Data Portal,REAL_OFFICIAL_AGGREGATE
2025-03-02,2025-03-08,13096977.0,Saudi Central Bank (SAMA) weekly POS via KAPSARC Data Portal,REAL_OFFICIAL_AGGREGATE
2025-03-09,2025-03-15,13623620.0,Saudi Central Bank (SAMA) weekly POS via KAPSARC Data Portal,REAL_OFFICIAL_AGGREGATE
2025-03-16,2025-03-22,14477278.0,Saudi Central Bank (SAMA) weekly POS via KAPSARC Data Portal,REAL_OFFICIAL_AGGREGATE
2025-03-23,2025-03-29,20098053.0,Saudi Central Bank (SAMA) weekly POS via KAPSARC Data Portal,REAL_OFFICIAL_AGGREGATE
2025-03-30,2025-04-05,10540296.0,Saudi Central Bank (SAMA) weekly POS via KAPSARC Data Portal,REAL_OFFICIAL_AGGREGATE
2025-04-06,2025-04-12,12304763.0,Saudi Central Bank (SAMA) weekly POS via KAPSARC Data Portal,REAL_OFFICIAL_AGGREGATE
2025-04-13,2025-04-19,11454006.0,Saudi Central Bank (SAMA) weekly POS via KAPSARC Data Portal,REAL_OFFICIAL_AGGREGATE
2025-04-20,2025-04-26,11367972.0,Saudi Central Bank (SAMA) weekly POS via KAPSARC Data Portal,REAL_OFFICIAL_AGGREGATE
2025-04-27,2025-05-03,15479776.0,Saudi Central Bank (SAMA) weekly POS via KAPSARC Data Portal,REAL_OFFICIAL_AGGREGATE
2025-05-04,2025-05-10,13101028.0,Saudi Central Bank (SAMA) weekly POS via KAPSARC Data Portal,REAL_OFFICIAL_AGGREGATE
2025-05-11,2025-05-17,12386705.0,Saudi Central Bank (SAMA) weekly POS via KAPSARC Data Portal,REAL_OFFICIAL_AGGREGATE
2025-05-18,2025-05-24,11710386.0,Saudi Central Bank (SAMA) weekly POS via KAPSARC Data Portal,REAL_OFFICIAL_AGGREGATE
2025-05-25,2025-05-31,15577180.0,Saudi Central Bank (SAMA) weekly POS via KAPSARC Data Portal,REAL_OFFICIAL_AGGREGATE
2025-06-01,2025-06-07,14119767.0,Saudi Central Bank (SAMA) weekly POS via KAPSARC Data Portal,REAL_OFFICIAL_AGGREGATE
2025-06-08,2025-06-14,11116197.0,Saudi Central Bank (SAMA) weekly POS via KAPSARC Data Portal,REAL_OFFICIAL_AGGREGATE
2025-06-15,2025-06-21,10944967.0,Saudi Central Bank (SAMA) weekly POS via KAPSARC Data Portal,REAL_OFFICIAL_AGGREGATE
2025-06-22,2025-06-28,13615757.0,Saudi Central Bank (SAMA) weekly POS via KAPSARC Data Portal,REAL_OFFICIAL_AGGREGATE
2025-06-29,2025-07-05,14299229.0,Saudi Central Bank (SAMA) weekly POS via KAPSARC Data Portal,REAL_OFFICIAL_AGGREGATE
2025-07-06,2025-07-12,13128222.0,Saudi Central Bank (SAMA) weekly POS via KAPSARC Data Portal,REAL_OFFICIAL_AGGREGATE
2025-09-21,2025-09-27,12771870.0,Saudi Central Bank (SAMA) official weekly POS PDF,REAL_OFFICIAL_AGGREGATE
2025-09-28,2025-10-04,16147183.0,Saudi Central Bank (SAMA) official weekly POS PDF,REAL_OFFICIAL_AGGREGATE
2025-10-05,2025-10-11,13418972.0,Saudi Central Bank (SAMA) official weekly POS PDF,REAL_OFFICIAL_AGGREGATE
2025-10-12,2025-10-18,12207275.0,Saudi Central Bank (SAMA) official weekly POS PDF,REAL_OFFICIAL_AGGREGATE
2025-10-19,2025-10-25,11689294.0,Saudi Central Bank (SAMA) official weekly POS PDF,REAL_OFFICIAL_AGGREGATE
2025-10-26,2025-11-01,16027264.0,Saudi Central Bank (SAMA) official weekly POS PDF,REAL_OFFICIAL_AGGREGATE
2025-11-02,2025-11-08,13714743.0,Saudi Central Bank (SAMA) official weekly POS PDF,REAL_OFFICIAL_AGGREGATE
2025-11-09,2025-11-15,13077994.0,Saudi Central Bank (SAMA) official weekly POS PDF,REAL_OFFICIAL_AGGREGATE
2025-11-16,2025-11-22,12503777.0,Saudi Central Bank (SAMA) official weekly POS PDF,REAL_OFFICIAL_AGGREGATE
2025-11-23,2025-11-29,15098393.0,Saudi Central Bank (SAMA) official weekly POS PDF,REAL_OFFICIAL_AGGREGATE
2025-11-30,2025-12-06,14447659.0,Saudi Central Bank (SAMA) official weekly POS PDF,REAL_OFFICIAL_AGGREGATE
2025-12-07,2025-12-13,13311312.0,Saudi Central Bank (SAMA) official weekly POS PDF,REAL_OFFICIAL_AGGREGATE
2025-12-14,2025-12-20,12488356.0,Saudi Central Bank (SAMA) official weekly POS PDF,REAL_OFFICIAL_AGGREGATE
2025-12-21,2025-12-27,13028075.0,Saudi Central Bank (SAMA) official weekly POS PDF,REAL_OFFICIAL_AGGREGATE
2025-12-28,2026-01-03,17016822.0,Saudi Central Bank (SAMA) official weekly POS PDF,REAL_OFFICIAL_AGGREGATE
2026-01-04,2026-01-10,14200139.0,Saudi Central Bank (SAMA) official weekly POS PDF,REAL_OFFICIAL_AGGREGATE
2026-01-11,2026-01-17,14005842.0,Saudi Central Bank (SAMA) official weekly POS PDF,REAL_OFFICIAL_AGGREGATE
2026-01-18,2026-01-24,12521193.0,Saudi Central Bank (SAMA) official weekly POS PDF,REAL_OFFICIAL_AGGREGATE
2026-01-25,2026-01-31,16001231.0,Saudi Central Bank (SAMA) official weekly POS PDF,REAL_OFFICIAL_AGGREGATE
2026-02-01,2026-02-07,16105436.0,Saudi Central Bank (SAMA) official weekly POS PDF,REAL_OFFICIAL_AGGREGATE
2026-02-08,2026-02-14,15336629.0,Saudi Central Bank (SAMA) official weekly POS PDF,REAL_OFFICIAL_AGGREGATE
2026-02-15,2026-02-21,13904810.0,Saudi Central Bank (SAMA) official weekly POS PDF,REAL_OFFICIAL_AGGREGATE
2026-02-22,2026-02-28,14533498.0,Saudi Central Bank (SAMA) official weekly POS PDF,REAL_OFFICIAL_AGGREGATE
2026-03-01,2026-03-07,16135144.0,Saudi Central Bank (SAMA) official weekly POS PDF,REAL_OFFICIAL_AGGREGATE
2026-03-08,2026-03-14,16149247.0,Saudi Central Bank (SAMA) official weekly POS PDF,REAL_OFFICIAL_AGGREGATE
2026-03-15,2026-03-21,14793365.0,Saudi Central Bank (SAMA) official weekly POS PDF,REAL_OFFICIAL_AGGREGATE
2026-04-05,2026-04-11,13374028.0,Saudi Central Bank (SAMA) official weekly POS PDF,REAL_OFFICIAL_AGGREGATE
2026-04-12,2026-04-18,12311023.0,Saudi Central Bank (SAMA) official weekly POS PDF,REAL_OFFICIAL_AGGREGATE
2026-04-19,2026-04-25,12076169.0,Saudi Central Bank (SAMA) official weekly POS PDF,REAL_OFFICIAL_AGGREGATE
2026-04-26,2026-05-02,16631460.0,Saudi Central Bank (SAMA) official weekly POS PDF,REAL_OFFICIAL_AGGREGATE
2026-05-03,2026-05-09,14170631.0,Saudi Central Bank (SAMA) official weekly POS PDF,REAL_OFFICIAL_AGGREGATE
2026-05-10,2026-05-16,13678351.0,Saudi Central Bank (SAMA) official weekly POS PDF,REAL_OFFICIAL_AGGREGATE
2026-05-17,2026-05-23,14263625.0,Saudi Central Bank (SAMA) official weekly POS PDF,REAL_OFFICIAL_AGGREGATE
2026-05-24,2026-05-30,14381381.0,Saudi Central Bank (SAMA) official weekly POS PDF,REAL_OFFICIAL_AGGREGATE
2026-05-31,2026-06-06,13767813.0,Saudi Central Bank (SAMA) official weekly POS PDF,REAL_OFFICIAL_AGGREGATE
2026-06-07,2026-06-13,13227080.0,Saudi Central Bank (SAMA) official weekly POS PDF,REAL_OFFICIAL_AGGREGATE
2026-06-14,2026-06-20,12372188.0,Saudi Central Bank (SAMA) official weekly POS PDF,REAL_OFFICIAL_AGGREGATE
2026-06-21,2026-06-27,12604690.0,Saudi Central Bank (SAMA) official weekly POS PDF,REAL_OFFICIAL_AGGREGATE
2026-06-28,2026-07-04,16929495.0,Saudi Central Bank (SAMA) official weekly POS PDF,REAL_OFFICIAL_AGGREGATE
2026-07-05,2026-07-11,14235619.0,Saudi Central Bank (SAMA) official weekly POS PDF,REAL_OFFICIAL_AGGREGATE
2026-07-12,2026-07-18,13024365.0,Saudi Central Bank (SAMA) official weekly POS PDF,REAL_OFFICIAL_AGGREGATE
2026-07-19,2026-07-25,12263687.0,Saudi Central Bank (SAMA) official weekly POS PDF,REAL_OFFICIAL_AGGREGATE
2026-07-26,2026-08-01,16310584.0,Saudi Central Bank (SAMA) official weekly POS PDF,REAL_OFFICIAL_AGGREGATE
2026-08-02,2026-08-08,14596013.0,Saudi Central Bank (SAMA) official weekly POS PDF,REAL_OFFICIAL_AGGREGATE
