date,base_inc,base_prev,future3_excl,future3_incl,future7_excl,future7_incl,future14_excl,future14_incl
2023-02-26,133409.52690036572,137677.47833048648,665269.0935509022,631497.9346428427,1328692.988458396,1286247.1803793681,2465102.9457357717,2452050.131560244
2023-02-27,139539.5362937826,133409.52690036572,622106.0329074012,665269.0935509022,1177278.2510684864,1328692.988458396,2355375.587200043,2465102.9457357717
2023-02-28,140604.61612091024,139539.5362937826,589011.3232619434,622106.0329074012,1170001.403774365,1177278.2510684864,2312831.373035079,2355375.587200043
2023-03-01,143378.95647068007,140604.61612091024,497050.47535752144,589011.3232619434,1301007.7369096798,1170001.403774365,2303600.1551991766,2312831.373035079
2023-03-02,148523.1390710406,143378.95647068007,413443.2552354977,497050.47535752144,1148684.834488493,1301007.7369096798,2159284.0856303885,2303600.1551991766
2023-03-03,150479.31659130933,148523.1390710406,373840.30495014146,413443.2552354977,1072120.6840617284,1148684.834488493,2175638.779491338,2159284.0856303885
2023-03-04,145726.42166510393,150479.31659130933,515252.15803783963,373840.30495014146,1165802.951180876,1072120.6840617284,2224800.660597344,2175638.779491338
2023-03-05,148730.95100390105,145726.42166510393,637583.8420021862,515252.15803783963,1136409.9572773755,1165802.951180876,2216073.4589759917,2224800.660597344
2023-03-06,148594.96861380254,148730.95100390105,593512.6163274077,637583.8420021862,1178097.3361315564,1136409.9572773755,2219815.050130525,2216073.4589759917
2023-03-07,149487.92678036887,148594.96861380254,491130.60354930704,593512.6163274077,1142829.969260714,1178097.3361315564,2138862.097265827,2219815.050130525
2023-03-08,156785.7738348997,149487.92678036887,361845.6896287176,491130.60354930704,1002592.4182894971,1142829.969260714,1904470.4462772175,2138862.097265827
2023-03-09,156007.9704816292,156785.7738348997,401168.37802438054,361845.6896287176,1010599.2511418955,1002592.4182894971,1968185.7524793535,1904470.4462772175
2023-03-10,152495.95164455342,156007.9704816292,479816.9570199694,401168.37802438054,1103518.0954296095,1010599.2511418955,2000562.279218422,1968185.7524793535
2023-03-11,152966.83956400346,152495.95164455342,492279.1761176777,479816.9570199694,1058997.709416468,1103518.0954296095,2033375.6066703128,2000562.279218422
2023-03-12,153286.71864489192,152966.83956400346,503766.30301430775,492279.1761176777,1079663.5016986162,1058997.709416468,2118236.762078593,2033375.6066703128
2023-03-13,155444.86414551197,153286.71864489192,426014.53133774677,503766.30301430775,1041717.7139989688,1079663.5016986162,2067836.7150087836,2118236.762078593
2023-03-14,157297.003466402,155444.86414551197,451818.7297182024,426014.53133774677,996032.128005113,1041717.7139989688,2010138.9034823,2067836.7150087836
2023-03-15,158358.5383259403,157297.003466402,418250.9807556884,451818.7297182024,901878.0279877202,996032.128005113,1999816.6356849961,2010138.9034823
2023-03-16,157168.63429815092,158358.5383259403,470232.6285811012,418250.9807556884,957586.5013374583,901878.0279877202,2073668.488467681,1999816.6356849961
2023-03-17,159357.9283651198,157168.63429815092,418016.5755893287,470232.6285811012,897044.1837888128,957586.5013374583,2028582.9224115165,2073668.488467681
2023-03-18,158173.5754315478,159357.9283651198,429313.5947063229,418016.5755893287,974377.8972538448,897044.1837888128,2095599.4987722354,2028582.9224115165
2023-03-19,157446.3096429455,158173.5754315478,325980.8293034118,429313.5947063229,1038573.2603799767,974377.8972538448,2094685.8668138757,2095599.4987722354
2023-03-20,157447.38467783382,157446.3096429455,341883.3186762361,325980.8293034118,1026119.0010098147,1038573.2603799767,2057073.3925734384,2094685.8668138757
2023-03-21,157157.24568265074,157447.38467783382,352830.785501902,341883.3186762361,1014106.7754771871,1026119.0010098147,2217553.254140881,2057073.3925734384
2023-03-22,153283.90759993557,157157.24568265074,490750.85002181295,352830.785501902,1097938.6076972762,1014106.7754771871,2341922.043831598,2217553.254140881
2023-03-23,156456.51446960098,153283.90759993557,551219.3876236198,490750.85002181295,1116081.987130223,1097938.6076972762,2319889.5843437226,2341922.043831598
2023-03-24,156751.34759457735,156456.51446960098,547091.3928103306,551219.3876236198,1131538.738622704,1116081.987130223,2330402.589083799,2319889.5843437226
2023-03-25,160193.776365377,156751.34759457735,469042.4729296652,547091.3928103306,1121221.6015183907,1131538.738622704,2231551.5353073394,2330402.589083799
2023-03-26,163690.70385051303,160193.776365377,385346.1766207112,469042.4729296652,1056112.6064338991,1121221.6015183907,2213581.870141215,2231551.5353073394
2023-03-27,157971.8679360295,163690.70385051303,431846.3047966445,385346.1766207112,1030954.3915636239,1056112.6064338991,2359909.757304929,2213581.870141215
2023-03-28,154391.7955899064,157971.8679360295,470262.7486474188,431846.3047966445,1203446.4786636939,1030954.3915636239,2340930.410320022,2359909.757304929
2023-03-29,153693.4568172919,154391.7955899064,514033.8438429276,470262.7486474188,1243983.4361343216,1203446.4786636939,2317142.397398616,2340930.410320022
2023-03-30,151176.87764635962,153693.4568172919,491250.00692729594,514033.8438429276,1203807.5972134995,1243983.4361343216,2289989.3042817223,2317142.397398616
2023-03-31,150150.77506795907,151176.87764635962,446507.04575125064,491250.00692729594,1198863.8504610953,1203807.5972134995,2284071.0480057625,2289989.3042817223
2023-04-01,154300.0056917707,150150.77506795907,551267.3500749683,446507.04575125064,1110329.9337889487,1198863.8504610953,2261127.518799924,2284071.0480057625
2023-04-02,153955.690206781,154300.0056917707,573217.0063211337,551267.3500749683,1157469.263707316,1110329.9337889487,2210244.1769863483,2261127.518799924
2023-04-03,152746.01581085587,153955.690206781,604699.51044652,573217.0063211337,1328955.365741305,1157469.263707316,2201516.973851946,2210244.1769863483
2023-04-04,155586.2625502396,152746.01581085587,465680.12044482026,604699.51044652,1137483.9316563285,1328955.365741305,2049094.4573235547,2201516.973851946
2023-04-05,151656.87464674338,155586.2625502396,380380.34149755444,465680.12044482026,1073158.9612642948,1137483.9316563285,2109982.3028718,2049094.4573235547
2023-04-06,153145.5477436813,151656.87464674338,444911.6734211125,380380.34149755444,1086181.7070682226,1073158.9612642948,2103889.8225474004,2109982.3028718
2023-04-07,154677.31672507935,153145.5477436813,576598.5610314605,444911.6734211125,1085207.1975446672,1086181.7070682226,2107654.0924729984,2103889.8225474004
2023-04-08,152318.82649920185,154677.31672507935,578421.3479423481,576598.5610314605,1150797.585010975,1085207.1975446672,2210220.158607409,2107654.0924729984
2023-04-09,154707.80829356457,152318.82649920185,488906.7038781124,578421.3479423481,1052774.9132790323,1150797.585010975,2079512.3957405617,2210220.158607409
2023-04-10,158133.80258263258,154707.80829356457,361925.85177343735,488906.7038781124,872561.608110641,1052774.9132790323,1873306.7408257336,2079512.3957405617
2023-04-11,155395.33263579724,158133.80258263258,413403.3863331588,361925.85177343735,911610.5256672261,872561.608110641,1934699.4967510465,1873306.7408257336
2023-04-12,154177.10832441476,155395.33263579724,458018.96524423466,413403.3863331588,1036823.3416075053,911610.5256672261,2020635.1048652367,1934699.4967510465
2023-04-13,155844.92116962158,154177.10832441476,411504.87963192246,458018.96524423466,1017708.1154791778,1036823.3416075053,2011385.1433283077,2020635.1048652367
2023-04-14,154023.3560863314,155844.92116962158,363952.97159743455,411504.87963192246,1022446.8949283314,1017708.1154791778,2009508.1652930526,2011385.1433283077
2023-04-15,155597.39348471997,154023.3560863314,339234.28859859915,363952.97159743455,1059422.5735964337,1022446.8949283314,1975306.7167970135,2009508.1652930526
2023-04-16,153747.50156429372,155597.39348471997,472955.1322065854,339234.28859859915,1026737.482461529,1059422.5735964337,1933835.3701768583,1975306.7167970135
2023-04-17,152092.5130866209,153747.50156429372,507072.35914197407,472955.1322065854,1000745.1327150925,1026737.482461529,1942701.6900341704,1933835.3701768583
2023-04-18,152380.2754094441,152092.5130866209,524239.755594264,507072.35914197407,1023088.9710838204,1000745.1327150925,1942435.8598383775,1942701.6900341704
2023-04-19,158996.58381083564,152380.2754094441,480618.19723316294,524239.755594264,983811.7632577315,1023088.9710838204,1970083.6375226786,1942435.8598383775
2023-04-20,157992.12167468295,158996.58381083564,420534.24661427375,480618.19723316294,993677.0278491298,983811.7632577315,2016604.3178153764,1970083.6375226786
2023-04-21,158502.0243413142,157992.12167468295,342251.2093841959,420534.24661427375,987061.2703647211,993677.0278491298,1982568.3981338837,2016604.3178153764
2023-04-22,158634.70335409814,158502.0243413142,302900.686085986,342251.2093841959,915884.1432005798,987061.2703647211,1939028.575883038,1982568.3981338837
2023-04-23,153324.79521006346,158634.70335409814,430029.41300278786,302900.686085986,907097.8877153291,915884.1432005798,2027409.6143152935,1939028.575883038
2023-04-24,151186.30350466652,153324.79521006346,500004.25427601126,430029.41300278786,941956.5573190779,907097.8877153291,2132015.249037847,2027409.6143152935
2023-04-25,152701.06810968104,151186.30350466652,488212.0548751645,500004.25427601126,919346.8887545569,941956.5573190779,2132405.6340069594,2132015.249037847
2023-04-26,154920.6250808519,152701.06810968104,412690.5771760114,488212.0548751645,986271.8742649471,919346.8887545569,2001568.8769778095,2132405.6340069594
2023-04-27,153620.51598607245,154920.6250808519,333955.10648047307,412690.5771760114,1022927.2899662469,986271.8742649471,1963004.2557397443,2001568.8769778095
2023-04-28,153342.11476067195,153620.51598607245,297146.4963385528,333955.10648047307,995507.1277691628,1022927.2899662469,1956359.298203667,1963004.2557397443
2023-04-29,151301.2226998906,153342.11476067195,306363.43163996306,297146.4963385528,1023144.4326824584,995507.1277691628,1984271.9334836046,1956359.298203667
2023-04-30,148002.8409701145,151301.2226998906,509203.39955240587,306363.43163996306,1120311.7265999645,1023144.4326824584,2001251.5149957528,1984271.9334836046
2023-05-01,148007.80942450417,148002.8409701145,580974.9869231802,509203.39955240587,1190058.691718769,1120311.7265999645,2014836.009227181,2001251.5149957528
2023-05-02,142554.65418435473,148007.80942450417,564372.2938897704,580974.9869231802,1213058.7452524027,1190058.691718769,2006066.4418768946,2014836.009227181
2023-05-03,145716.64072837424,142554.65418435473,449563.1355935227,564372.2938897704,1015297.0027128626,1213058.7452524027,1856763.8222849816,2006066.4418768946
2023-05-04,147160.5050129563,145716.64072837424,431339.5431141907,449563.1355935227,940076.9657734975,1015297.0027128626,1849706.655808534,1856763.8222849816
2023-05-05,146079.3746645315,147160.5050129563,491698.060288159,431339.5431141907,960852.1704345043,940076.9657734975,1835548.0930991392,1849706.655808534
2023-05-06,148187.45480323024,146079.3746645315,496277.7442099074,491698.060288159,961127.500801146,960852.1704345043,1851807.9489054172,1835548.0930991392
2023-05-07,146675.7860734234,148187.45480323024,404188.67566530395,496277.7442099074,880939.7883957884,961127.500801146,1899698.631421888,1851807.9489054172
2023-05-08,143047.2139236993,146675.7860734234,330993.26097790885,404188.67566530395,824777.317508412,880939.7883957884,1838442.3420987225,1899698.631421888
2023-05-09,145253.75466992878,143047.2139236993,312165.71907187207,330993.26097790885,793007.6966244916,824777.317508412,1754492.9679757033,1838442.3420987225
2023-05-10,143650.14220868025,145253.75466992878,395393.63368180627,312165.71907187207,841466.8195721189,793007.6966244916,1788913.90469734,1754492.9679757033
2023-05-11,141942.4785381447,143650.14220868025,372202.36573648144,395393.63368180627,909629.6900350364,841466.8195721189,1793890.6876954539,1788913.90469734
2023-05-12,141638.1236963114,141942.4785381447,355623.20736206666,372202.36573648144,874695.9226646349,909629.6900350364,1848498.9363379562,1793890.6876954539
2023-05-13,141413.52322430778,141638.1236963114,328157.94003325293,355623.20736206666,890680.448104271,874695.9226646349,1835460.2096201698,1848498.9363379562
2023-05-14,140538.81732759325,141413.52322430778,364715.7068416345,328157.94003325293,1018758.8430260996,890680.448104271,1889617.8580333262,1835460.2096201698
2023-05-15,141340.63211647683,140538.81732759325,415845.6335045332,364715.7068416345,1013665.0245903106,1018758.8430260996,2007196.4714304386,1889617.8580333262
2023-05-16,141017.939346974,141340.63211647683,393853.9451120151,415845.6335045332,961485.2713512116,1013665.0245903106,2155770.8848958523,2007196.4714304386
2023-05-17,136673.1235645593,141017.939346974,444607.26221395837,393853.9451120151,947447.0851252209,961485.2713512116,2238303.246903151,2155770.8848958523
2023-05-18,138082.53477228252,136673.1235645593,481331.5187275448,444607.26221395837,884260.9976604173,947447.0851252209,2149762.7466610335,2238303.246903151
2023-05-19,136361.30325832224,138082.53477228252,494592.30928774254,481331.5187275448,973803.0136733213,884260.9976604173,2220399.7665764224,2149762.7466610335
2023-05-20,135387.01874244484,136361.30325832224,398962.7632801935,494592.30928774254,944779.761515899,973803.0136733213,2164054.5262497505,2220399.7665764224
2023-05-21,140253.86591918507,135387.01874244484,293403.9489407559,398962.7632801935,870859.0150072267,944779.761515899,2105224.5111771543,2164054.5262497505
2023-05-22,141802.05682630607,140253.86591918507,286441.60657464,293403.9489407559,993531.4468401276,870859.0150072267,2187739.804598464,2105224.5111771543
2023-05-23,138817.80721366656,141802.05682630607,406171.68743412476,286441.60657464,1194285.6135446406,993531.4468401276,2322648.4624290904,2187739.804598464
2023-05-24,135374.38505982677,138817.80721366656,441939.93860463623,406171.68743412476,1290856.1617779299,1194285.6135446406,2374634.6924829213,2322648.4624290904
2023-05-25,134174.81940839993,135374.38505982677,467929.536074354,441939.93860463623,1265501.7490006161,1290856.1617779299,2386023.4141066424,2374634.6924829213
2023-05-26,135887.79409077225,134174.81940839993,514320.74245454883,467929.536074354,1246596.752903101,1265501.7490006161,2251906.6035922123,2386023.4141066424
2023-05-27,136419.0051108491,135887.79409077225,648468.615308935,514320.74245454883,1219274.7647338514,1246596.752903101,2250708.4617235167,2251906.6035922123
2023-05-28,138959.62046532426,136419.0051108491,713401.0957114589,648468.615308935,1234365.4961699275,1219274.7647338514,2198048.0596582233,2250708.4617235167
2023-05-29,143644.01716634355,138959.62046532426,558411.9087351286,713401.0957114589,1194208.3577583365,1234365.4961699275,2119334.1458900706,2198048.0596582233
2023-05-30,148637.04738474096,143644.01716634355,458482.8267925853,558411.9087351286,1128362.8488844493,1194208.3577583365,1975489.5891967507,2119334.1458900706
2023-05-31,146252.39532814757,148637.04738474096,370358.541560558,458482.8267925853,1083778.530704991,1128362.8488844493,1873581.3830540574,1975489.5891967507
2023-06-01,142838.19294534173,146252.39532814757,436793.283243665,370358.541560558,1120521.665106026,1083778.530704991,1891798.200409952,1873581.3830540574
2023-06-02,144855.28070269863,142838.19294534173,461932.34730978415,436793.283243665,1005309.8506891113,1120521.665106026,1975567.0908225768,1891798.200409952
2023-06-03,143423.65982697028,144855.28070269863,557556.699459533,461932.34730978415,1031433.6969896654,1005309.8506891113,2059774.4639446633,1975567.0908225768
2023-06-04,143032.9693785372,143423.65982697028,562814.1302465227,557556.699459533,963682.5634882955,1031433.6969896654,2104373.3762321263,2059774.4639446633
2023-06-05,143792.21952489953,143032.9693785372,484725.2160828181,562814.1302465227,925125.788131734,963682.5634882955,2090728.7286705447,2104373.3762321263
2023-06-06,145612.19394302834,143792.21952489953,335429.82859724725,484725.2160828181,847126.7403123013,925125.788131734,1985943.1335569608,2090728.7286705447
2023-06-07,148698.16418500931,145612.19394302834,318013.70784523233,335429.82859724725,789802.8523490665,847126.7403123013,1895163.638309994,1985943.1335569608
2023-06-08,149282.64649293202,148698.16418500931,279954.18162593467,318013.70784523233,771276.5353039262,789802.8523490665,1974803.554953706,1895163.638309994
2023-06-09,146443.05499750603,149282.64649293202,381748.2847524069,279954.18162593467,970257.2401334657,771276.5353039262,2060148.8980566058,1974803.554953706
2023-06-10,145934.59540513167,146443.05499750603,373249.7427821689,381748.2847524069,1028340.7669549981,970257.2401334657,2113510.6923466576,2060148.8980566058
2023-06-11,145988.0684889839,145934.59540513167,388934.41910729365,373249.7427821689,1140690.8127438312,1028340.7669549981,2146475.3590327716,2113510.6923466576
2023-06-12,147376.09347573246,145988.0684889839,330875.96325501025,388934.41910729365,1165602.9405388108,1140690.8127438312,2190183.058982449,2146475.3590327716
2023-06-13,147545.01693187866,147376.09347573246,458560.32841841166,330875.96325501025,1138816.3932446595,1165602.9405388108,2108234.7658896544,2190183.058982449
2023-06-14,146853.02249847175,147545.01693187866,556551.622451164,458560.32841841166,1105360.7859609274,1138816.3932446595,2127204.3917590384,2108234.7658896544
2023-06-15,144341.46239539236,146853.02249847175,649368.4590658398,556551.622451164,1203527.0196497794,1105360.7859609274,2146623.789598962,2127204.3917590384
2023-06-16,149855.95919282144,144341.46239539236,577093.985157752,649368.4590658398,1089891.6579231396,1203527.0196497794,2026056.1013485426,2146623.789598962
2023-06-17,150851.03536408622,149855.95919282144,483725.3690718302,577093.985157752,1085169.9253916596,1089891.6579231396,2155109.6084334115,2026056.1013485426
2023-06-18,150342.78169318862,150851.03536408622,353604.39232438983,483725.3690718302,1005784.5462889401,1085169.9253916596,2084200.1744672542,2155109.6084334115
2023-06-19,152802.44761675035,150342.78169318862,368800.042365979,353604.39232438983,1024580.1184436384,1005784.5462889401,1989933.3219552445,2084200.1744672542
2023-06-20,153878.27128521612,152802.44761675035,409635.5930968921,368800.042365979,969418.3726449952,1024580.1184436384,2072061.818668439,1989933.3219552445
2023-06-21,152492.7975283184,153878.27128521612,536360.7618818962,409635.5930968921,1021843.6057981113,969418.3726449952,2156075.4295491744,2072061.818668439
2023-06-22,155743.82032358387,152492.7975283184,451625.98570500035,536360.7618818962,943096.7699491826,1021843.6057981113,2086621.8178527162,2156075.4295491744
2023-06-23,154001.9822017435,155743.82032358387,511782.44567825063,451625.98570500035,936164.4434254031,943096.7699491826,2100209.0402748254,2086621.8178527162
2023-06-24,155864.9697882205,154001.9822017435,367973.81632516574,511782.44567825063,1069939.6830417516,936164.4434254031,2057489.517201974,2100209.0402748254
2023-06-25,155161.5506675355,155864.9697882205,369663.451833561,367973.81632516574,1078415.6281783138,1069939.6830417516,2039173.0102109143,2057489.517201974
2023-06-26,153911.32874544713,155161.5506675355,287316.693871523,369663.451833561,965353.2035116059,1078415.6281783138,1962934.809517312,2039173.0102109143
2023-06-27,145847.29839594304,153911.32874544713,376381.66387730004,287316.693871523,1102643.4460234437,965353.2035116059,2071436.8368768778,1962934.809517312
2023-06-28,142885.20624332488,145847.29839594304,584456.8391255365,376381.66387730004,1134231.823751063,1102643.4460234437,2088593.97878426,2071436.8368768778
2023-06-29,144229.35678603264,142885.20624332488,586944.8439341318,584456.8391255365,1143525.0479035336,1134231.823751063,2166372.827507537,2088593.97878426
2023-06-30,142915.11400611143,144229.35678603264,540971.2057644534,586944.8439341318,1164044.5968494222,1143525.0479035336,2118613.1905735475,2166372.827507537
2023-07-01,150531.57401350266,142915.11400611143,400677.57930685795,540971.2057644534,987549.8341602226,1164044.5968494222,1951230.932839042,2118613.1905735475
2023-07-02,149591.9125249779,150531.57401350266,425479.64740630996,400677.57930685795,960757.3820326007,987549.8341602226,1980301.0450091083,1951230.932839042
2023-07-03,145737.9303794925,149591.9125249779,465488.5382634506,425479.64740630996,997581.6060057065,960757.3820326007,2032345.9846280392,1980301.0450091083
2023-07-04,144928.74829376428,145737.9303794925,437782.8147032784,465488.5382634506,968793.3908534342,997581.6060057065,1963261.7545756875,2032345.9846280392
2023-07-05,144687.10956639887,144928.74829376428,437774.8495346961,437782.8147032784,954362.1550331974,968793.3908534342,1954077.758242891,1963261.7545756875
2023-07-06,145050.9061716579,144687.10956639887,404177.17806319887,437774.8495346961,1022847.7796040038,954362.1550331974,1900114.739508768,1954077.758242891
2023-07-07,148584.2120832654,145050.9061716579,374508.21492073755,404177.17806319887,954568.5937241253,1022847.7796040038,1822849.3868518816,1900114.739508768
2023-07-08,148964.29319816543,148584.2120832654,381921.13600006973,374508.21492073755,963681.0986788196,954568.5937241253,1856913.1147737387,1822849.3868518816
2023-07-09,149487.44175870306,148964.29319816543,419084.42040690675,381921.13600006973,1019543.6629765077,963681.0986788196,1945653.7210730577,1856913.1147737387
2023-07-10,148325.63816070577,149487.44175870306,490754.711861748,419084.42040690675,1034764.3786223328,1019543.6629765077,1930600.1818659718,1945653.7210730577
2023-07-11,149273.98581309046,148325.63816070577,423558.01757396944,490754.711861748,994468.3637222532,1034764.3786223328,1928173.9100442324,1930600.1818659718
2023-07-12,150564.22751940353,149273.98581309046,447093.7931803183,423558.01757396944,999715.6032096935,994468.3637222532,1993615.5000125426,1928173.9100442324
2023-07-13,154035.59346808927,150564.22751940353,400873.06143570284,447093.7931803183,877266.9599047644,999715.6032096935,1914543.1626339604,1993615.5000125426
2023-07-14,148023.9032829318,154035.59346808927,454703.99981894507,400873.06143570284,868280.7931277564,877266.9599047644,1935273.866434206,1914543.1626339604
2023-07-15,146655.01933115904,148023.9032829318,412708.4010435034,454703.99981894507,893232.0160949193,868280.7931277564,1945003.327701755,1935273.866434206
2023-07-16,145160.75783844152,146655.01933115904,399256.3606400924,412708.4010435034,926110.0580965499,893232.0160949193,2004250.3279127767,1945003.327701755
2023-07-17,143652.83237797444,145160.75783844152,333257.29314417957,399256.3606400924,895835.8032436392,926110.0580965499,2044586.2815522186,2004250.3279127767
2023-07-18,144118.6990444331,143652.83237797444,297370.4469794726,333257.29314417957,933705.5463219789,895835.8032436392,2072931.2814162297,2044586.2815522186
2023-07-19,146791.18527828803,144118.6990444331,340610.20606554416,297370.4469794726,993899.8968028489,933705.5463219789,2062484.5261317326,2072931.2814162297
2023-07-20,142383.44847719587,146791.18527828803,449716.1596274884,340610.20606554416,1037276.2027291957,993899.8968028489,2110974.2881707167,2062484.5261317326
2023-07-21,140109.22954023952,142383.44847719587,482259.0099348278,449716.1596274884,1066993.0733064492,1037276.2027291957,2177893.15756315,2110974.2881707167
2023-07-22,139800.0939991326,140109.22954023952,453181.93127056316,482259.0099348278,1051771.3116068356,1066993.0733064492,2169508.0383827845,2177893.15756315
2023-07-23,142315.240402999,139800.0939991326,467046.19934639125,453181.93127056316,1078140.2698162263,1051771.3116068356,2176890.707352463,2169508.0383827845
2023-07-24,139054.8211208316,142315.240402999,474697.69262973627,467046.19934639125,1148750.4783085794,1078140.2698162263,2147870.1635050066,2176890.707352463
2023-07-25,142843.24096146823,139054.8211208316,430657.9739639428,474697.69262973627,1139225.7350942509,1148750.4783085794,2075278.6356399842,2147870.1635050066
2023-07-26,145793.19567131437,142843.24096146823,398481.62086953095,430657.9739639428,1068584.6293288835,1139225.7350942509,2058284.9451224904,2075278.6356399842
2023-07-27,145746.99964791062,145793.19567131437,490580.2267145191,398481.62086953095,1073698.0854415211,1068584.6293288835,2061375.029350009,2058284.9451224904
2023-07-28,144781.68060741975,145746.99964791062,564016.4149369581,490580.2267145191,1110900.084256701,1073698.0854415211,2139892.782988666,2061375.029350009
2023-07-29,139151.22359074274,144781.68060741975,540636.3547579781,564016.4149369581,1117736.726775949,1110900.084256701,2174078.549659866,2139892.782988666
2023-07-30,142305.4061757816,139151.22359074274,457490.55885904835,540636.3547579781,1098750.4375362366,1117736.726775949,2052431.6384969654,2174078.549659866
2023-07-31,145604.72379215207,142305.4061757816,399645.29976267804,457490.55885904835,999119.6851964274,1098750.4375362366,2079949.8050447407,2052431.6384969654
2023-08-01,144149.75128542562,145604.72379215207,402332.323126393,399645.29976267804,936052.9005457335,999119.6851964274,2140298.51694965,2079949.8050447407
2023-08-02,143448.6530133794,144149.75128542562,447633.7183165961,402332.323126393,989700.3157936072,936052.9005457335,2140628.1417354005,2140298.51694965
2023-08-03,143253.17955998163,143448.6530133794,515632.57880923466,447633.7183165961,987676.9439084881,989700.3157936072,2197288.8981753425,2140628.1417354005
2023-08-04,142883.66230053685,143253.17955998163,452236.0158766846,515632.57880923466,1028992.6987319654,987676.9439084881,2174496.048621342,2197288.8981753425
2023-08-05,143800.75546987585,142883.66230053685,358952.5285277628,452236.0158766846,1056341.8228839173,1028992.6987319654,2117235.535037859,2174496.048621342
2023-08-06,147233.72958662576,143800.75546987585,348440.4371164188,358952.5285277628,953681.2009607292,1056341.8228839173,2106259.10599731,2117235.535037859
2023-08-07,145659.65519182067,147233.72958662576,388202.55847473873,348440.4371164188,1080830.1198483133,953681.2009607292,2126471.253827488,2106259.10599731
2023-08-08,142980.44806015058,145659.65519182067,495272.1213126249,388202.55847473873,1204245.6164039169,1080830.1198483133,2215297.9912144393,2126471.253827488
2023-08-09,144710.73018339404,142980.44806015058,514275.2254069062,495272.1213126249,1150927.8259417934,1204245.6164039169,2163295.040347254,2215297.9912144393
2023-08-10,141997.07828514176,144710.73018339404,481636.8358614756,514275.2254069062,1209611.954266854,1150927.8259417934,2138018.1295962995,2163295.040347254
2023-08-11,145541.66605081686,141997.07828514176,504073.4369930325,481636.8358614756,1145503.3498893767,1209611.954266854,2063210.989470319,2138018.1295962995
2023-08-12,147110.0670486293,145541.66605081686,506856.3220477622,504073.4369930325,1060893.7121539414,1145503.3498893767,2064162.99143714,2063210.989470319
2023-08-13,144881.49880034794,147110.0670486293,545687.0620974832,506856.3220477622,1152577.905036581,1060893.7121539414,2203310.218791149,2064162.99143714
2023-08-14,147304.86023560568,144881.49880034794,516984.39289327967,545687.0620974832,1045641.1339791747,1152577.905036581,2101472.937009017,2203310.218791149
2023-08-15,150472.49279878143,147304.86023560568,436529.8547980848,516984.39289327967,1011052.3748105222,1045641.1339791747,2030213.566350673,2101472.937009017
2023-08-16,150111.16670954047,150472.49279878143,424241.1116190541,436529.8547980848,1012367.2144054606,1011052.3748105222,2079977.0595136469,2030213.566350673
2023-08-17,153866.54236950213,150111.16670954047,424602.7866312022,424241.1116190541,928406.1753294455,1012367.2144054606,1978177.066089006,2079977.0595136469
2023-08-18,155442.47164944612,153866.54236950213,404211.22108283034,424602.7866312022,917707.639580942,928406.1753294455,2222708.9332684265,1978177.066089006
2023-08-19,153097.98476502296,155442.47164944612,457014.98470434314,404211.22108283034,1003269.2792831985,917707.639580942,2224406.86251446,2222708.9332684265
2023-08-20,152969.63619106333,153097.98476502296,405476.37146636297,457014.98470434314,1050732.313754568,1003269.2792831985,2174536.6413422013,2224406.86251446
2023-08-21,152655.05061901765,152969.63619106333,399749.43424355064,405476.37146636297,1055831.8030298422,1050732.313754568,2232715.8867687928,2174536.6413422013
2023-08-22,153234.87953051509,152655.05061901765,343185.11956850474,399749.43424355064,1019161.1915401506,1055831.8030298422,2195028.7300586603,2232715.8867687928
2023-08-23,150770.71376677664,153234.87953051509,415143.17649679194,343185.11956850474,1067609.8451081864,1019161.1915401506,2199872.8290892267,2195028.7300586603
2023-08-24,149978.32710522533,150770.71376677664,546928.9250563248,415143.17649679194,1049770.8907595603,1067609.8451081864,2237133.2962067313,2199872.8290892267
2023-08-25,150110.8490163923,149978.32710522533,542335.3845317306,546928.9250563248,1305001.2936874842,1049770.8907595603,2313758.768190475,2237133.2962067313
2023-08-26,151365.76932489307,150110.8490163923,472906.8969612952,542335.3845317306,1221137.5832312615,1305001.2936874842,2220801.1653660405,2313758.768190475
2023-08-27,151990.78061743267,151365.76932489307,422353.9028199813,472906.8969612952,1123804.327587633,1221137.5832312615,2132081.596778486,2220801.1653660405
2023-08-28,149336.5265019199,151990.78061743267,393688.5219732687,422353.9028199813,1176884.08373895,1123804.327587633,2180770.760380332,2132081.596778486
2023-08-29,148946.86011786867,149336.5265019199,629025.2217158385,393688.5219732687,1175867.5385185096,1176884.08373895,2109659.9282807894,2180770.760380332
2023-08-30,150735.90004460886,148946.86011786867,568670.9146198671,629025.2217158385,1132262.9839810398,1175867.5385185096,2046144.194804594,2109659.9282807894
2023-08-31,149123.78443801243,150735.90004460886,620962.3618843975,568670.9146198671,1187362.405447171,1132262.9839810398,2098740.2124289107,2046144.194804594
2023-09-01,157043.03506749173,149123.78443801243,414218.1745831965,620962.3618843975,1008757.4745029913,1187362.405447171,1873625.0187402884,2098740.2124289107
2023-09-02,155058.65705543992,157043.03506749173,427636.85224854335,414218.1745831965,999663.5821347794,1008757.4745029913,1986904.6086993022,1873625.0187402884
2023-09-03,152885.56240498254,155058.65705543992,430812.55921338813,427636.85224854335,1008277.2691908532,999663.5821347794,2004554.6233752326,1986904.6086993022
2023-09-04,155685.2550212957,152885.56240498254,404166.8436814897,430812.55921338813,1003886.676641382,1008277.2691908532,1954821.4689420715,2004554.6233752326
2023-09-05,157511.6686168964,155685.2550212957,461915.1577003201,404166.8436814897,933792.3897622796,1003886.676641382,1957764.4760620436,1954821.4689420715
2023-09-06,155827.42390844572,157511.6686168964,436071.5127736066,461915.1577003201,913881.210823554,933792.3897622796,1973975.1249831473,1957764.4760620436
2023-09-07,156255.408064394,155827.42390844572,441877.2256280795,436071.5127736066,911377.8069817395,913881.210823554,1989359.8182059191,1973975.1249831473
2023-09-08,156320.3484878855,156255.408064394,409347.3767215874,441877.2256280795,864867.544237297,911377.8069817395,1927092.258453548,1989359.8182059191
2023-09-09,153034.43417154215,156320.3484878855,361765.65987604344,409347.3767215874,987241.0265645229,864867.544237297,1946509.5038744367,1927092.258453548
2023-09-10,154835.42198462985,153034.43417154215,336416.50084608886,361765.65987604344,996277.3541843791,987241.0265645229,1954198.7569003021,1946509.5038744367
2023-09-11,152937.27490676244,154835.42198462985,311657.9740218471,336416.50084608886,950934.7923006893,996277.3541843791,1943447.2584694326,1954198.7569003021
2023-09-12,147852.6248082665,152937.27490676244,392990.3121753375,311657.9740218471,1023972.0862997636,950934.7923006893,2113649.1291415687,1943447.2584694326
2023-09-13,147361.4733685086,147852.6248082665,509431.3285145755,392990.3121753375,1060093.9141595932,1023972.0862997636,2164347.799224349,2113649.1291415687
2023-09-14,145604.18851849702,147361.4733685086,526776.7728307191,509431.3285145755,1077982.0112241798,1060093.9141595932,2146700.66102543,2164347.799224349
2023-09-15,146297.64114316838,145604.18851849702,495414.62478497956,526776.7728307191,1062224.7142162507,1077982.0112241798,2239985.176342016,2146700.66102543
2023-09-16,150403.9811147772,146297.64114316838,398496.7196112841,495414.62478497956,959268.4773099138,1062224.7142162507,2161718.4793076017,2239985.176342016
2023-09-17,149253.25945419405,150403.9811147772,400233.0608213028,398496.7196112841,957921.4027159228,959268.4773099138,2089618.7890242047,2161718.4793076017
2023-09-18,149554.90556110226,149253.25945419405,438705.1929453375,400233.0608213028,992512.4661687432,957921.4027159228,2100530.6673856885,2089618.7890242047
2023-09-19,148314.0430757394,149554.90556110226,431242.94009182474,438705.1929453375,1089677.042841805,992512.4661687432,2096898.696999133,2100530.6673856885
2023-09-20,149065.99835972762,148314.0430757394,408605.89166489633,431242.94009182474,1104253.8850647558,1089677.042841805,2204586.028708447,2096898.696999133
2023-09-21,150946.18265759465,149065.99835972762,406716.1643224624,408605.89166489633,1068718.64980125,1104253.8850647558,2191938.7518511685,2204586.028708447
2023-09-22,151458.96523728655,150946.18265759465,425702.376737472,406716.1643224624,1177760.4621257652,1068718.64980125,2157771.432549309,2191938.7518511685
2023-09-23,148832.52390144562,151458.96523728655,528905.2851431752,425702.376737472,1202450.0019976879,1177760.4621257652,2274366.8832579204,2157771.432549309
2023-09-24,145938.58405995672,148832.52390144562,546565.5431701358,528905.2851431752,1131697.3863082821,1202450.0019976879,2253892.6753621884,2274366.8832579204
2023-09-25,147293.50067320588,145938.58405995672,514911.37657784455,546565.5431701358,1108018.2012169454,1131697.3863082821,2275204.168372514,2253892.6753621884
2023-09-26,150832.46633651276,147293.50067320588,519326.359375785,514911.37657784455,1007221.6541573283,1108018.2012169454,2178181.4384857668,2275204.168372514
2023-09-27,150374.71407246223,150832.46633651276,506802.0085978284,519326.359375785,1100332.1436436912,1007221.6541573283,2119774.0474663354,2178181.4384857668
2023-09-28,151622.88833765502,150374.71407246223,469694.90082949435,506802.0085978284,1123220.1020499184,1100332.1436436912,2067469.1737162496,2119774.0474663354
2023-09-29,146914.649824368,151622.88833765502,355960.11582865205,469694.90082949435,980010.9704235435,1123220.1020499184,2055156.341431392,2067469.1737162496
2023-09-30,148165.11028596087,146914.649824368,333676.9373028156,355960.11582865205,1071916.8812602323,980010.9704235435,2055680.9761184987,2055156.341431392
2023-10-01,146220.4790142656,148165.11028596087,515200.3005055449,333676.9373028156,1122195.2890539065,1071916.8812602323,2114478.979215557,2055680.9761184987
2023-10-02,144834.00486884854,146220.4790142656,530113.2774108176,515200.3005055449,1167185.9671555688,1122195.2890539065,2111594.931967044,2114478.979215557
2023-10-03,144809.39903789916,144834.00486884854,492115.6756420002,530113.2774108176,1170959.7843284386,1167185.9671555688,2106000.4136992376,2111594.931967044
2023-10-04,149234.32691755693,144809.39903789916,478386.74621436954,492115.6756420002,1019441.9038226443,1170959.7843284386,1933822.816908942,2106000.4136992376
2023-10-05,149332.09178775313,149234.32691755693,468670.0878334825,478386.74621436954,944249.0716663311,1019441.9038226443,1909115.073488112,1933822.816908942
2023-10-06,145887.98896438774,149332.09178775313,543135.1125606775,468670.0878334825,1075145.371007848,944249.0716663311,1959427.2822833562,1909115.073488112
2023-10-07,150745.58525472702,145887.98896438774,432719.84037102165,543135.1125606775,983764.0948582663,1075145.371007848,1871315.5162412045,1959427.2822833562
2023-10-08,150288.97972366036,150745.58525472702,412446.91527428274,432719.84037102165,992283.690161651,983764.0948582663,1905223.0363407861,1871315.5162412045
2023-10-09,150666.12238721238,150288.97972366036,307176.3819215798,412446.91527428274,944408.9648114748,992283.690161651,1826460.1491196488,1905223.0363407861
2023-10-10,153279.66312954767,150666.12238721238,396301.2623214099,307176.3819215798,935040.629370799,944408.9648114748,1751004.9326271708,1826460.1491196488
2023-10-11,153004.35166752446,153279.66312954767,442708.9372499916,396301.2623214099,914380.9130862979,935040.629370799,1821019.1473332616,1751004.9326271708
2023-10-12,150506.06552648856,153004.35166752446,516704.7063288023,442708.9372499916,964866.0018217812,914380.9130862979,1885689.915380161,1821019.1473332616
2023-10-13,153397.91134905026,150506.06552648856,412398.7063643042,516704.7063288023,884281.9112755083,964866.0018217812,1918940.8993324838,1885689.915380161
2023-10-14,150621.40912236072,153397.91134905026,383996.3748835544,412398.7063643042,887551.4213829384,884281.9112755083,1973268.8867356502,1918940.8993324838
2023-10-15,150146.3488657058,150621.40912236072,334544.1381989296,383996.3748835544,912939.3461791351,887551.4213829384,1989097.7301834405,1973268.8867356502
2023-10-16,150433.05711974044,150146.3488657058,327633.4189318861,334544.1381989296,882051.1843081741,912939.3461791351,1973933.5711503534,1989097.7301834405
2023-10-17,150103.53966779893,150433.05711974044,345542.5442261191,327633.4189318861,815964.3032563719,882051.1843081741,2023063.3091451447,1973933.5711503534
2023-10-18,147800.31591490677,150103.53966779893,415879.44554663193,345542.5442261191,906638.2342469635,815964.3032563719,2212048.1435799133,2023063.3091451447
2023-10-19,146466.20804783146,147800.31591490677,464778.0506861564,415879.44554663193,920823.91355838,906638.2342469635,2249527.1047277017,2212048.1435799133
2023-10-20,147042.81124402376,146466.20804783146,410167.97939697,464778.0506861564,1034658.9880569752,920823.91355838,2274676.1667919094,2249527.1047277017
2023-10-21,148060.08569639732,147042.81124402376,312409.25675698795,410167.97939697,1085717.4653527117,1034658.9880569752,2213610.7759871157,2274676.1667919094
2023-10-22,148539.8468465348,148060.08569639732,328243.0262667579,312409.25675698795,1076158.3840043053,1085717.4653527117,2130648.8027105536,2213610.7759871157
2023-10-23,146488.01133900584,148539.8468465348,366406.14818209194,328243.0262667579,1091882.3868421793,1076158.3840043053,2207390.2412858265,2130648.8027105536
2023-10-24,140328.0846826049,146488.01133900584,564237.2290267225,366406.14818209194,1207099.0058887731,1091882.3868421793,2344156.679144617,2207390.2412858265
2023-10-25,140742.6140999856,140328.0846826049,594958.6766523801,564237.2290267225,1305409.9093329501,1207099.0058887731,2302079.8184228707,2344156.679144617
2023-10-26,141184.25318201465,140742.6140999856,620112.5211320817,594958.6766523801,1328703.191169322,1305409.9093329501,2390356.1513392227,2302079.8184228707
2023-10-27,141932.04431299554,141184.25318201465,467391.3781821741,620112.5211320817,1240017.1787349347,1328703.191169322,2318146.9772391054,2390356.1513392227
2023-10-28,143891.0665305053,141932.04431299554,433790.7972930492,467391.3781821741,1127893.310634404,1240017.1787349347,2142846.531378567,2318146.9772391054
2023-10-29,146556.31104996422,143891.0665305053,557494.5515954028,433790.7972930492,1054490.4187062487,1127893.310634404,2130229.7593578887,2142846.531378567
2023-10-30,145911.73225419276,146556.31104996422,603226.9525092345,557494.5515954028,1115507.8544436474,1054490.4187062487,2287372.6735943225,2130229.7593578887
2023-10-31,147466.5615301565,145911.73225419276,597155.4018728842,603226.9525092345,1137057.6732558443,1115507.8544436474,2140902.7701972015,2287372.6735943225
2023-11-01,148066.82001745913,147466.5615301565,417442.077953834,597155.4018728842,996669.9090899206,1137057.6732558443,1929696.11270741,2140902.7701972015
2023-11-02,148522.93493627908,148066.82001745913,345899.7486690085,417442.077953834,1061652.9601699002,996669.9090899206,1862318.9008984491,1929696.11270741
2023-11-03,151217.98032411668,148522.93493627908,342882.0538908866,345899.7486690085,1078129.7985041705,1061652.9601699002,1875525.5680942931,1862318.9008984491
2023-11-04,145890.22472244,151217.98032411668,442955.1599144896,342882.0538908866,1014953.2207441634,1078129.7985041705,2009724.5986363497,1875525.5680942931
2023-11-05,144138.2799661193,145890.22472244,499674.04197907454,442955.1599144896,1075739.3406516397,1014953.2207441634,2048144.1565353558,2009724.5986363497
2023-11-06,144066.08537162413,144138.2799661193,549372.0582354877,499674.04197907454,1171864.819150675,1075739.3406516397,1951500.0509550846,2048144.1565353558
2023-11-07,146255.77184899244,144066.08537162413,538227.5271212105,549372.0582354877,1003845.0969413571,1171864.819150675,1858143.256561822,1951500.0509550846
2023-11-08,147253.53449129043,146255.77184899244,435725.3896080769,538227.5271212105,933026.2036174894,1003845.0969413571,2021594.7109926227,1858143.256561822
2023-11-09,152715.9309542637,147253.53449129043,359986.1291507479,435725.3896080769,800665.9407285488,933026.2036174894,1906949.202195891,2021594.7109926227
2023-11-10,151324.5670204139,152715.9309542637,436617.0745373911,359986.1291507479,797395.7695901225,800665.9407285488,1809759.0989462412,1906949.202195891
2023-11-11,147004.12207550777,151324.5670204139,431847.0361116833,436617.0745373911,994771.3778921862,797395.7695901225,1987460.6212322856,1809759.0989462412
2023-11-12,147118.83891219032,147004.12207550777,356960.9049449242,431847.0361116833,972404.8158837159,994771.3778921862,1911275.641020398,1987460.6212322856
2023-11-13,152189.50874088128,147118.83891219032,178173.17981336138,356960.9049449242,779635.2318044094,972404.8158837159,1912201.7080837346,1911275.641020398
2023-11-14,148713.07426222664,152189.50874088128,331778.19976997585,178173.17981336138,854298.1596204648,779635.2318044094,2046279.8857926067,1912201.7080837346
2023-11-15,147919.43772454726,148713.07426222664,497470.5638827736,331778.19976997585,1088568.5073751335,854298.1596204648,2219674.6950104325,2046279.8857926067
2023-11-16,146851.64305807682,147919.43772454726,531725.0043059151,497470.5638827736,1106283.2614673423,1088568.5073751335,2328690.502687746,2219674.6950104325
2023-11-17,148221.4905316501,146851.64305807682,418856.536751678,531725.0043059151,1012363.3293561189,1106283.2614673423,2440750.9229174815,2328690.502687746
2023-11-18,150833.40623655234,148221.4905316501,291373.81783996196,418856.536751678,992689.2433400996,1012363.3293561189,2305420.359736961,2440750.9229174815
2023-11-19,149242.60568735393,150833.40623655234,473124.5964363417,291373.81783996196,938870.8251366821,992689.2433400996,2374134.932917136,2305420.359736961
2023-11-20,148531.7961514611,149242.60568735393,504821.20947629446,473124.5964363417,1132566.4762793256,938870.8251366821,2513907.800381038,2374134.932917136
2023-11-21,150082.14056094427,148531.7961514611,489843.36950563,504821.20947629446,1191981.7261721422,1132566.4762793256,2553654.4747134675,2513907.800381038
2023-11-22,154416.9474791248,150082.14056094427,401591.29984773975,489843.36950563,1131106.1876352993,1191981.7261721422,2425701.2401824216,2553654.4747134675
2023-11-23,153475.1911976826,154416.9474791248,364312.5679752548,401591.29984773975,1222407.241220404,1131106.1876352993,2463553.6079157637,2425701.2401824216
2023-11-24,147425.21700661952,153475.1911976826,539059.6836748844,364312.5679752548,1428387.593561363,1222407.241220404,2423071.6778518884,2463553.6079157637
2023-11-25,147510.9697361019,147425.21700661952,490666.3006720047,539059.6836748844,1312731.1163968612,1428387.593561363,2377721.5818474,2423071.6778518884
2023-11-26,144339.4785849388,147510.9697361019,665359.958934959,490666.3006720047,1435264.1077804537,1312731.1163968612,2514456.1819489286,2377721.5818474
2023-11-27,149984.7993456449,144339.4785849388,594661.9744173728,665359.958934959,1381341.3241017126,1435264.1077804537,2395158.690236576,2514456.1819489286
2023-11-28,149542.23771392173,149984.7993456449,726249.2368948504,594661.9744173728,1361672.7485413249,1381341.3241017126,2396430.3922660104,2395158.690236576
2023-11-29,148191.81456135152,149542.23771392173,583216.2286093016,726249.2368948504,1294595.0525471224,1361672.7485413249,2328204.2721525044,2396430.3922660104
2023-11-30,149678.90727093554,148191.81456135152,577169.4345353048,583216.2286093016,1241146.3666953598,1294595.0525471224,2160447.2756665265,2328204.2721525044
2023-12-01,154152.73182184907,149678.90727093554,492013.4142152342,577169.4345353048,994684.0842905253,1241146.3666953598,2043741.057796933,2160447.2756665265
2023-12-02,154112.31994190393,154152.73182184907,539607.9328164685,492013.4142152342,1064990.4654505386,994684.0842905253,2092069.2604675794,2043741.057796933
2023-12-03,157938.53890901757,154112.31994190393,524690.9037016276,539607.9328164685,1079192.0741684746,1064990.4654505386,2007436.4426078757,2092069.2604675794
2023-12-04,159478.85183343294,157938.53890901757,454467.01701102016,524690.9037016276,1013817.3661348632,1079192.0741684746,1883004.9863286526,2007436.4426078757
2023-12-05,157564.2046884032,159478.85183343294,359260.57264405047,454467.01701102016,1034757.6437246853,1013817.3661348632,1875870.4339976744,1883004.9863286526
2023-12-06,158831.99825625162,157564.2046884032,353611.6415127178,359260.57264405047,1033609.2196053823,1034757.6437246853,1739530.5272872138,1875870.4339976744
2023-12-07,156089.38607541626,158831.99825625162,415215.1420084196,353611.6415127178,919300.9089711672,1033609.2196053823,1771345.7515026527,1739530.5272872138
2023-12-08,151172.52774279032,156089.38607541626,511146.69605957216,415215.1420084196,1049056.9735064078,919300.9089711672,1982758.3966933107,1771345.7515026527
2023-12-09,155899.36439570304,151172.52774279032,509375.11109061533,511146.69605957216,1027078.795017041,1049056.9735064078,1971511.798875465,1982758.3966933107
2023-12-10,158061.85082033306,155899.36439570304,479108.0491385351,509375.11109061533,928244.368439401,1027078.795017041,1955408.399168576,1971511.798875465
2023-12-11,153834.2999400111,158061.85082033306,359950.5598473241,479108.0491385351,869187.6201937892,928244.368439401,1929070.5108280166,1955408.399168576
2023-12-12,158668.2242163792,153834.2999400111,373559.902425773,359950.5598473241,841112.790272989,869187.6201937892,1836137.0304761657,1929070.5108280166
2023-12-13,162424.2488272478,158668.2242163792,347081.21692437655,373559.902425773,705921.3076818314,841112.790272989,1928647.530202413,1836137.0304761657
2023-12-14,160326.34922693833,162424.2488272478,424158.60147665354,347081.21692437655,852044.8425314855,705921.3076818314,2143357.9255301105,1928647.530202413
2023-12-15,160160.42788265765,160326.34922693833,331277.3427469537,424158.60147665354,933701.4231869029,852044.8425314855,2155338.78570105,2143357.9255301105
2023-12-16,157053.20072159072,160160.42788265765,323409.1063465634,331277.3427469537,944433.0038584241,933701.4231869029,2179074.366396701,2155338.78570105
2023-12-17,156484.69198303614,157053.20072159072,256784.9883809653,323409.1063465634,1027164.0307291751,944433.0038584241,2220532.4469409436,2179074.366396701
2023-12-18,157032.59952534604,156484.69198303614,342807.7821850203,256784.9883809653,1059882.8906342278,1027164.0307291751,2210270.5975905745,2220532.4469409436
2023-12-19,158197.31816825503,157032.59952534604,466148.5353396869,342807.7821850203,995024.2402031771,1059882.8906342278,2235605.7806099476,2210270.5975905745
2023-12-20,148758.27740962984,158197.31816825503,585592.9131009694,466148.5353396869,1222726.222520582,995024.2402031771,2400349.980122347,2235605.7806099476
2023-12-21,151246.40569351488,148758.27740962984,599277.7896743432,585592.9131009694,1291313.0829986252,1222726.222520582,2380433.2848870223,2400349.980122347
2023-12-22,157351.07409089996,151246.40569351488,457458.8101942786,599277.7896743432,1221637.3625141475,1291313.0829986252,2413086.9566229535,2380433.2848870223
2023-12-23,155329.76359724515,157351.07409089996,374000.3426913161,457458.8101942786,1234641.3625382772,1221637.3625141475,2416724.890220654,2413086.9566229535
2023-12-24,159638.0207541966,155329.76359724515,452347.18017237226,374000.3426913161,1193368.4162117688,1234641.3625382772,2307513.726241172,2416724.890220654
2023-12-25,154436.75718087828,159638.0207541966,574237.9745494174,452347.18017237226,1150387.706956347,1193368.4162117688,2432967.8937978363,2307513.726241172
2023-12-26,151163.12224079203,154436.75718087828,692761.6576506575,574237.9745494174,1240581.5404067705,1150387.706956347,2556098.463296626,2432967.8937978363
2023-12-27,152030.42151267565,151163.12224079203,597508.0531186643,692761.6576506575,1177623.757601765,1240581.5404067705,2463567.969372873,2556098.463296626
2023-12-28,153707.3286141656,152030.42151267565,501333.12288748694,597508.0531186643,1089120.2018883973,1177623.757601765,2425616.095932691,2463567.969372873
2023-12-29,149967.13726778512,153707.3286141656,386209.15463647817,501333.12288748694,1191449.5941088062,1089120.2018883973,2407584.4114941065,2425616.095932691
2023-12-30,152540.84381658144,149967.13726778512,379940.52055980964,386209.15463647817,1182083.5276823773,1191449.5941088062,2271788.7502240296,2407584.4114941065
2023-12-31,150998.88891245783,152540.84381658144,436602.52156236867,379940.52055980964,1114145.310029403,1182083.5276823773,2271597.0048194034,2271788.7502240296
2024-01-01,146188.41371140096,150998.88891245783,512970.4694814678,436602.52156236867,1282580.1868414897,1114145.310029403,2305505.744638833,2271597.0048194034
2024-01-02,146838.43623598648,146188.41371140096,643629.7113526931,512970.4694814678,1315516.9228898555,1282580.1868414897,2260394.060109908,2305505.744638833
2024-01-03,147852.87526462716,146838.43623598648,601967.8231992763,643629.7113526931,1285944.2117711084,1315516.9228898555,2270673.4542028476,2260394.060109908
2024-01-04,148277.82272820268,147852.87526462716,526358.2310284927,601967.8231992763,1336495.8940442929,1285944.2117711084,2267603.7297913423,2270673.4542028476
2024-01-05,156994.47690415228,148277.82272820268,477339.7473691617,526358.2310284927,1216134.8173852998,1336495.8940442929,2094265.253042853,2267603.7297913423
2024-01-06,156722.73889629,156994.47690415228,513373.915767288,477339.7473691617,1089705.2225416524,1216134.8173852998,2025897.149845728,2094265.253042853
2024-01-07,152247.21876463384,156722.73889629,608401.423304074,513373.915767288,1157451.6947900006,1089705.2225416524,2082550.2603825019,2025897.149845728
2024-01-08,155787.08587949476,152247.21876463384,566886.1766842711,608401.423304074,1022925.557797343,1157451.6947900006,1942225.6891310373,2082550.2603825019
2024-01-09,156865.55334902828,155787.08587949476,544247.6058481376,566886.1766842711,944877.1372200528,1022925.557797343,1908671.3391328673,1942225.6891310373
2024-01-10,156864.83927054593,156865.55334902828,405728.8339698203,544247.6058481376,984729.2424317392,944877.1372200528,1870762.4236567647,1908671.3391328673
2024-01-11,163177.64362367147,156864.83927054593,347314.03177420027,405728.8339698203,931107.8357470495,984729.2424317392,1708856.5670320506,1870762.4236567647
2024-01-12,162961.54275696987,163177.64362367147,284130.48778120487,347314.03177420027,878130.4356575533,931107.8357470495,1633010.9955648638,1708856.5670320506
2024-01-13,158959.39702216894,162961.54275696987,368545.83044568845,284130.48778120487,936191.9273040758,878130.4356575533,1910529.226817417,1633010.9955648638
2024-01-14,160433.19470572667,158959.39702216894,435678.97094581265,368545.83044568845,925098.5655925015,936191.9273040758,2010860.5435656477,1910529.226817417
2024-01-15,161277.72650819315,160433.19470572667,475068.4546339774,435678.97094581265,919300.1313336946,925098.5655925015,2141516.721814282,2010860.5435656477
2024-01-16,160571.422882852,161277.72650819315,477500.904285638,475068.4546339774,963794.2019128145,919300.1313336946,2208490.1037865514,2141516.721814282
2024-01-17,166822.2655116141,160571.422882852,357191.51884215674,477500.904285638,886033.1812250256,963794.2019128145,2051793.1985425,2208490.1037865514
2024-01-18,166001.32195279872,166822.2655116141,341304.76161965216,357191.51884215674,777748.7312850009,886033.1812250256,2096076.1992381709,2051793.1985425
2024-01-19,160976.8646309217,166001.32195279872,325300.18345734605,341304.76161965216,754880.5599073106,777748.7312850009,2193318.5422527767,2096076.1992381709
2024-01-20,158665.07285951363,160976.8646309217,396148.10505442735,325300.18345734605,974337.2995133412,754880.5599073106,2238815.530154916,2193318.5422527767
2024-01-21,156787.99952227407,158665.07285951363,396613.5865783368,396148.10505442735,1085761.9779731464,974337.2995133412,2226443.0632888786,2238815.530154916
2024-01-22,156256.9136760312,156787.99952227407,333517.05458528385,396613.5865783368,1222216.5904805874,1085761.9779731464,2275984.148703797,2226443.0632888786
2024-01-23,159456.06437248187,156256.9136760312,268587.2622801341,333517.05458528385,1244695.9018737369,1222216.5904805874,2177763.765258852,2275984.148703797
2024-01-24,154797.5140367728,159456.06437248187,445495.6371304724,268587.2622801341,1165760.0173174746,1244695.9018737369,2192122.119476256,2177763.765258852
2024-01-25,147659.73796302645,154797.5140367728,649318.0083077976,445495.6371304724,1318327.4679531702,1165760.0173174746,2318972.3917448614,2192122.119476256
2024-01-26,144306.97882353465,147659.73796302645,792636.2140306229,649318.0083077976,1438437.9823454663,1318327.4679531702,2387216.5959136765,2318972.3917448614
2024-01-27,149368.49918005167,144306.97882353465,666506.707414823,792636.2140306229,1264478.2306415748,1438437.9823454663,2312346.5990347397,2387216.5959136765
2024-01-28,152944.91244232326,149368.49918005167,476611.62592266494,666506.707414823,1140681.085315732,1264478.2306415748,2220651.0017223787,2312346.5990347397
2024-01-29,158822.2309447541,152944.91244232326,429627.9320578664,476611.62592266494,1053767.5582232098,1140681.085315732,2053850.283126011,2220651.0017223787
2024-01-30,159603.005853445,158822.2309447541,462329.3427518634,429627.9320578664,933067.863385115,1053767.5582232098,2054040.0349622562,2053850.283126011
2024-01-31,154373.80902661956,159603.005853445,544213.8504545729,462329.3427518634,1026362.1021587814,933067.863385115,2132661.1182030444,2054040.0349622562
2024-02-01,155845.71175105404,154373.80902661956,471671.6256703597,544213.8504545729,1000644.9237916917,1026362.1021587814,2104831.3746590144,2132661.1182030444
2024-02-02,153127.99268912966,155845.71175105404,407965.7899083665,471671.6256703597,948778.6135682103,1000644.9237916917,2071130.0538063694,2104831.3746590144
2024-02-03,152311.16714288015,153127.99268912966,335096.3401583631,407965.7899083665,1047868.368393165,948778.6135682103,2103888.586567528,2071130.0538063694
2024-02-04,153892.61870254928,152311.16714288015,362292.6427657142,335096.3401583631,1079969.9164066466,1047868.368393165,2145111.4077679827,2103888.586567528
2024-02-05,150650.3513512441,153892.61870254928,376505.2976263481,362292.6427657142,1000082.7249028013,1079969.9164066466,2120453.0494462247,2145111.4077679827
2024-02-06,145944.11087113284,150650.3513512441,478040.0929349585,376505.2976263481,1120972.1715771414,1000082.7249028013,2100700.98168319,2120453.0494462247
2024-02-07,145103.01939760786,145944.11087113284,565720.1166889564,478040.0929349585,1106299.0160442635,1120972.1715771414,2117565.8821385466,2100700.98168319
2024-02-08,143851.0342420326,145103.01939760786,550996.6182853146,565720.1166889564,1104186.450867323,1106299.0160442635,2123079.530973341,2117565.8821385466
2024-02-09,143579.55683851932,143851.0342420326,459269.9012429577,550996.6182853146,1122351.4402381591,1104186.450867323,2136763.4296189733,2123079.530973341
2024-02-10,150816.99378043416,143579.55683851932,408200.1433423396,459269.9012429577,1056020.2181743628,1122351.4402381591,2127262.382638618,2136763.4296189733
2024-02-11,151125.41233171523,150816.99378043416,388621.74240333104,408200.1433423396,1065141.4913613363,1056020.2181743628,2095444.0111386946,2127262.382638618
2024-02-12,149834.53589072474,151125.41233171523,480609.02359086985,388621.74240333104,1120370.3245434228,1065141.4913613363,2196161.1926059267,2095444.0111386946
2024-02-13,152233.21924102886,149834.53589072474,479419.36159597634,480609.02359086985,979728.8101060485,1120370.3245434228,2285172.781421094,2196161.1926059267
2024-02-14,149444.7970266266,152233.21924102886,515441.3188190559,479419.36159597634,1011266.8660942828,979728.8101060485,2366516.596911063,2285172.781421094
2024-02-15,150032.4133534709,149444.7970266266,511951.65877932793,515441.3188190559,1018893.0801060178,1011266.8660942828,2591430.733374865,2366516.596911063
2024-02-16,152301.73557354094,150032.4133534709,457288.7855482213,511951.65877932793,1014411.9893808139,1018893.0801060178,2607293.503702378,2591430.733374865
2024-02-17,155096.57559723014,152301.73557354094,331908.73527402506,457288.7855482213,1071242.1644642549,1014411.9893808139,2501803.898130756,2607293.503702378
2024-02-18,156126.9453948879,155096.57559723014,334747.11713627784,331908.73527402506,1030302.5197773583,1071242.1644642549,2550246.219306277,2501803.898130756
2024-02-19,157015.61421964364,156126.9453948879,379131.7791534647,334747.11713627784,1075790.8680625036,1030302.5197773583,2707567.2307072706,2550246.219306277
2024-02-20,152802.31239078724,157015.61421964364,514102.5408707418,379131.7791534647,1305443.9713150458,1075790.8680625036,2851834.875022254,2707567.2307072706
2024-02-21,153917.4286291001,152802.31239078724,575416.617189028,514102.5408707418,1355249.7308167804,1305443.9713150458,2870656.094647135,2851834.875022254
2024-02-22,158644.71152565008,153917.4286291001,523361.09845066833,575416.617189028,1572537.6532688476,1355249.7308167804,2841062.892971179,2870656.094647135
2024-02-23,161570.71519759463,158644.71152565008,518667.66422991105,523361.09845066833,1592881.5143215638,1572537.6532688476,2792236.8236086783,2841062.892971179
2024-02-24,158557.46363119132,161570.71519759463,566110.5421248161,518667.66422991105,1430561.7336665008,1592881.5143215638,2733992.6137616592,2792236.8236086783
2024-02-25,154146.25045932404,158557.46363119132,659694.3281756999,566110.5421248161,1519943.699528919,1430561.7336665008,2844409.88746331,2733992.6137616592
2024-02-26,151786.12413328348,154146.25045932404,875878.5643598087,659694.3281756999,1631776.362644767,1519943.699528919,2817393.612010505,2844409.88746331
2024-02-27,154971.8862994054,151786.12413328348,801540.08387726,875878.5643598087,1546390.903707208,1631776.362644767,2743766.8000187646,2817393.612010505
2024-02-28,160684.9183969324,154971.8862994054,650728.6200387484,801540.08387726,1515406.3638303548,1546390.903707208,2695290.290220916,2743766.8000187646
2024-02-29,167723.64671549574,160684.9183969324,470767.1447107396,650728.6200387484,1268525.2397023314,1515406.3638303548,2349273.2519099894,2695290.290220916
2024-03-01,167086.5556253124,167723.64671549574,557562.5125531139,470767.1447107396,1199355.3092871143,1268525.2397023314,2279127.0794925545,2349273.2519099894
2024-03-02,164489.01731065297,167086.5556253124,681939.7121655233,557562.5125531139,1303430.880095158,1199355.3092871143,2334980.1041333433,2279127.0794925545
2024-03-03,167691.3438240807,164489.01731065297,655156.9924771356,681939.7121655233,1324466.1879343907,1303430.880095158,2278944.1973062125,2334980.1041333433
2024-03-04,172429.2957197677,167691.3438240807,512627.44141737313,655156.9924771356,1185617.2493657381,1324466.1879343907,2073594.630709295,2278944.1973062125
2024-03-05,176876.280596623,172429.2957197677,454504.4894571663,512627.44141737313,1197375.8963115567,1185617.2493657381,2005325.1358294745,2073594.630709295
2024-03-06,178150.7848852029,176876.280596623,438753.1363035518,454504.4894571663,1179883.9263905617,1197375.8963115567,1902935.1100996751,2005325.1358294745
2024-03-07,177290.80085516142,178150.7848852029,526708.0929427989,438753.1363035518,1080748.0122076585,1179883.9263905617,1933231.9609589232,1902935.1100996751
2024-03-08,176035.723329559,177290.80085516142,543824.4526317377,526708.0929427989,1079771.7702054405,1080748.0122076585,2002039.888632448,1933231.9609589232
2024-03-09,173616.24987143843,176035.723329559,575884.728381922,543824.4526317377,1031549.2240381853,1079771.7702054405,2043048.9891608178,2002039.888632448
2024-03-10,176423.35352150016,173616.24987143843,510574.7309333066,575884.728381922,954478.0093718218,1031549.2240381853,2126721.2635700516,2043048.9891608178
2024-03-11,179055.52873630114,176423.35352150016,407758.20425929356,510574.7309333066,887977.3813435567,954478.0093718218,2046015.3734395055,2126721.2635700516
2024-03-12,179604.98505142354,179055.52873630114,336900.36335104995,407758.20425929356,807949.2395179179,887977.3813435567,1950978.5732847909,2046015.3734395055
2024-03-13,180778.81739757067,179604.98505142354,290418.4339511754,336900.36335104995,723051.1837091136,807949.2395179179,1994689.6761620678,1950978.5732847909
2024-03-14,176453.7137601734,180778.81739757067,400438.09010696213,290418.4339511754,852483.9487512648,723051.1837091136,2205105.7065908075,1994689.6761620678
2024-03-15,174515.02082839046,176453.7137601734,352030.063769854,400438.09010696213,922268.1184270078,852483.9487512648,2256323.8910434623,2205105.7065908075
2024-03-16,172742.2857951464,174515.02082839046,352284.74386165454,352030.063769854,1011499.765122633,922268.1184270078,2249602.261550753,2256323.8910434623
2024-03-17,172471.0863075889,172742.2857951464,279147.90527059854,352284.74386165454,1172243.2541982303,1011499.765122633,2319190.6465222673,2249602.261550753
2024-03-18,170755.78076487733,172471.0863075889,372264.7716670016,279147.90527059854,1158037.9920959487,1172243.2541982303,2556318.79854293,2319190.6465222673
2024-03-19,173470.00038756174,170755.78076487733,451219.2422601399,372264.7716670016,1143029.333766873,1158037.9920959487,2667343.711202966,2556318.79854293
2024-03-20,170485.40016952893,173470.00038756174,578867.0153646948,451219.2422601399,1271638.4924529544,1143029.333766873,2795437.7272447636,2667343.711202966
2024-03-21,170510.53049750364,170485.40016952893,720197.3955539276,578867.0153646948,1352621.7578395426,1271638.4924529544,2859441.048113416,2795437.7272447636
2024-03-22,171224.16829432594,170510.53049750364,587799.9374387951,720197.3955539276,1334055.7726164549,1352621.7578395426,2846602.2933889953,2859441.048113416
2024-03-23,170608.62867580276,171224.16829432594,483814.3125058947,587799.9374387951,1238102.4964281204,1334055.7726164549,2697667.6089341897,2846602.2933889953
2024-03-24,177540.39825119148,170608.62867580276,378543.14352532255,483814.3125058947,1146947.3923240372,1238102.4964281204,2473864.161278856,2697667.6089341897
2024-03-25,173693.1780517861,177540.39825119148,566848.5374105953,378543.14352532255,1398280.8064469814,1146947.3923240372,2605602.2708653687,2473864.161278856
2024-03-26,167669.47761798414,173693.1780517861,642245.6811097218,566848.5374105953,1524314.377436093,1398280.8064469814,2621895.7228265936,2605602.2708653687
2024-03-27,167499.28451367802,167669.47761798414,545331.0193398604,642245.6811097218,1523799.2347918095,1524314.377436093,2668466.483121438,2621895.7228265936
2024-03-28,162656.39137502847,167499.28451367802,514523.0300384223,545331.0193398604,1506819.2902738736,1523799.2347918095,2486185.1990537667,2668466.483121438
2024-03-29,161980.3918048578,162656.39137502847,652024.9712693216,514523.0300384223,1512546.5207725402,1506819.2902738736,2340620.5957071185,2486185.1990537667
2024-03-30,163735.08448871775,161980.3918048578,770026.1935138674,652024.9712693216,1459565.112506069,1512546.5207725402,2461389.023971383,2340620.5957071185
2024-03-31,164219.10156530284,163735.08448871775,755394.985993095,770026.1935138674,1326916.7689548186,1459565.112506069,2437351.787694075,2461389.023971383
2024-04-01,165354.05104472232,164219.10156530284,675387.0212374876,755394.985993095,1207321.4644183875,1326916.7689548186,2255505.561125123,2437351.787694075
2024-04-02,166881.0302511586,165354.05104472232,630477.824446169,675387.0212374876,1097581.3453905005,1207321.4644183875,2184173.32415495,2255505.561125123
2024-04-03,167799.02990515856,166881.0302511586,481096.8970541202,630477.824446169,1144667.2483296294,1097581.3453905005,2105671.753338391,2184173.32415495
2024-04-04,171166.89318115497,167799.02990515856,334620.5087193673,481096.8970541202,979365.9087798935,1144667.2483296294,1898214.0446867675,2105671.753338391
2024-04-05,173165.79221505154,171166.89318115497,346799.9149151688,334620.5087193673,828074.0749345788,979365.9087798935,1827749.103248975,1898214.0446867675
2024-04-06,169311.30707482173,173165.79221505154,408042.42639829894,346799.9149151688,1001823.9114653144,828074.0749345788,1896630.590356026,1827749.103248975
2024-04-07,164306.62231603242,169311.30707482173,573145.4653679057,408042.42639829894,1110435.0187392568,1001823.9114653144,1915732.830827742,1896630.590356026
2024-04-08,166129.20158231695,164306.62231603242,447431.4655989935,573145.4653679057,1048184.0967067353,1110435.0187392568,1880672.9245391865,1915732.830827742
2024-04-09,163316.93914683515,166129.20158231695,360970.55399024714,447431.4655989935,1086591.9787644497,1048184.0967067353,1827047.9909881009,1880672.9245391865
2024-04-10,166541.2914029824,163316.93914683515,338253.5601898052,360970.55399024714,961004.5050087613,1086591.9787644497,1657266.4634346394,1827047.9909881009
2024-04-11,167546.1037730205,166541.2914029824,465689.61867873056,338253.5601898052,918848.1359068737,961004.5050087613,1720924.850533383,1657266.4634346394
2024-04-12,164176.58881252076,167546.1037730205,566909.9366873254,465689.61867873056,999675.028314396,918848.1359068737,1937078.5901770163,1720924.850533383
2024-04-13,168249.68876864776,164176.58881252076,492810.4936974342,566909.9366873254,894806.6788907114,999675.028314396,1852527.7644957367,1937078.5901770163
2024-04-14,169876.51550772652,168249.68876864776,423714.9516374105,492810.4936974342,805297.8120884851,894806.6788907114,1847934.3408156151,1852527.7644957367
2024-04-15,171850.86998814478,169876.51550772652,318095.50479913206,423714.9516374105,832488.8278324513,805297.8120884851,1835194.622402661,1847934.3408156151
2024-04-16,173268.465548497,171850.86998814478,274053.6035401934,318095.50479913206,740456.0122236512,832488.8278324513,1843126.4230085376,1835194.622402661
2024-04-17,175039.62430654123,173268.465548497,272055.7340717553,274053.6035401934,696261.9584258782,740456.0122236512,1872693.431522107,1843126.4230085376
2024-04-18,169916.25331429226,175039.62430654123,352139.2948603417,272055.7340717553,802076.7146265093,696261.9584258782,1973990.6574391825,1872693.431522107
2024-04-19,166941.12130849896,169916.25331429226,399723.7362053805,352139.2948603417,937403.5618626203,802076.7146265093,2014471.151524975,1973990.6574391825
2024-04-20,164082.0785460791,166941.12130849896,338459.827030374,399723.7362053805,957721.0856050252,937403.5618626203,2235094.7472377657,2014471.151524975
2024-04-21,156771.32114666418,164082.0785460791,314679.09797480365,338459.827030374,1042636.5287271303,957721.0856050252,2221756.2667024056,2235094.7472377657
2024-04-22,160224.11412159126,156771.32114666418,287683.39159319014,314679.09797480365,1002705.7945702098,1042636.5287271303,2240775.374222175,2221756.2667024056
2024-04-23,158890.84692195337,160224.11412159126,471001.1531791625,287683.39159319014,1102670.4107848867,1002705.7945702098,2287381.156630424,2240775.374222175
2024-04-24,154490.46237700278,158890.84692195337,533514.8612509023,471001.1531791625,1176431.4730962291,1102670.4107848867,2339817.818906629,2287381.156630424
2024-04-25,150253.9303423982,154490.46237700278,592699.1089609626,533514.8612509023,1171913.9428126735,1176431.4730962291,2349510.489419631,2339817.818906629
2024-04-26,152774.97092443338,150253.9303423982,465025.96891297004,592699.1089609626,1077067.5896623547,1171913.9428126735,2419071.9773920267,2349510.489419631
2024-04-27,154068.45673096858,152774.97092443338,483409.15221023536,465025.96891297004,1277373.6616327404,1077067.5896623547,2382541.3279487896,2419071.9773920267
2024-04-28,153045.93316106035,154068.45673096858,448474.04234390263,483409.15221023536,1179119.7379752756,1277373.6616327404,2229217.0338731264,2382541.3279487896
2024-04-29,146096.43512599228,153045.93316106035,456891.5398356538,448474.04234390263,1238069.5796519653,1179119.7379752756,2234075.6684660153,2229217.0338731264
2024-04-30,143832.13382726742,146096.43512599228,445398.3320566306,456891.5398356538,1184710.745845537,1238069.5796519653,2214449.465242679,2234075.6684660153
2024-05-01,142084.47088787492,143832.13382726742,634457.0497874136,445398.3320566306,1163386.3458103999,1184710.745845537,2208375.873498538,2214449.465242679
2024-05-02,138293.02507592677,142084.47088787492,599904.904123565,634457.0497874136,1177596.5466069577,1163386.3458103999,2432694.8836282296,2208375.873498538
2024-05-03,137222.1519562125,138293.02507592677,626027.9589025808,599904.904123565,1342004.3877296716,1177596.5466069577,2451904.891613975,2432694.8836282296
2024-05-04,147561.61919977827,137222.1519562125,390746.2364230319,626027.9589025808,1105167.6663160487,1342004.3877296716,2133704.449752913,2451904.891613975
2024-05-05,147767.46776893386,147561.61919977827,432740.65017902665,390746.2364230319,1050097.2958978508,1105167.6663160487,2123972.2699758164,2133704.449752913
2024-05-06,147194.58209862007,147767.46776893386,396418.5067906461,432740.65017902665,996006.0888140503,1050097.2958978508,2037751.1950907889,2123972.2699758164
2024-05-07,146943.898129233,147194.58209862007,602691.9739407653,396418.5067906461,1029738.7193971421,996006.0888140503,2171900.142255065,2037751.1950907889
2024-05-08,142753.01008361674,146943.898129233,576238.3702930626,602691.9739407653,1044989.5276881382,1029738.7193971421,2302736.8497271123,2171900.142255065
2024-05-09,145372.69071260764,142753.01008361674,472405.6534144579,576238.3702930626,1255098.3370212722,1044989.5276881382,2241686.4905675747,2302736.8497271123
2024-05-10,155576.80598460865,145372.69071260764,280029.6599869594,472405.6534144579,1109900.5038843038,1255098.3370212722,1993567.754470856,2241686.4905675747
2024-05-11,151252.4675873045,155576.80598460865,315317.2895041251,280029.6599869594,1028536.783436864,1109900.5038843038,2017580.8792154903,1993567.754470856
2024-05-12,145612.5490960265,151252.4675873045,427632.8819693142,315317.2895041251,1073874.9740779658,1028536.783436864,2174265.49733776,2017580.8792154903
2024-05-13,145331.08181673844,145612.5490960265,655510.7549978679,427632.8819693142,1041745.1062767386,1073874.9740779658,2403137.9476391543,2174265.49733776
2024-05-14,144913.4245804006,145331.08181673844,682853.758427927,655510.7549978679,1142161.4228579227,1041745.1062767386,2428333.1192053608,2403137.9476391543
2024-05-15,145752.47517930876,144913.4245804006,559785.6260417884,682853.758427927,1257747.322038974,1142161.4228579227,2472088.203038033,2428333.1192053608
2024-05-16,157381.6264666933,145752.47517930876,291182.2904711517,559785.6260417884,986588.1535463026,1257747.322038974,2198910.4876277777,2472088.203038033
2024-05-17,159513.43011210536,157381.6264666933,211874.2623793942,291182.2904711517,883667.2505865516,986588.1535463026,2249458.9757568394,2198910.4876277777
2024-05-18,156028.5427496671,159513.43011210536,428941.9289251839,211874.2623793942,989044.0957786259,883667.2505865516,2332542.8276078077,2249458.9757568394
2024-05-19,155204.5905956508,156028.5427496671,611505.2299303223,428941.9289251839,1100390.5232597939,989044.0957786259,2452452.0694703376,2332542.8276078077
2024-05-20,152804.52033260587,155204.5905956508,600353.8022674319,611505.2299303223,1361392.8413624153,1100390.5232597939,2577248.3922934444,2452452.0694703376
2024-05-21,159260.04638876743,152804.52033260587,424359.586156556,600353.8022674319,1286171.6963474376,1361392.8413624153,2423695.828739998,2577248.3922934444
2024-05-22,165805.52387977648,159260.04638876743,291082.3997814405,424359.586156556,1214340.8809990587,1286171.6963474376,2357155.2831651317,2423695.828739998
2024-05-23,163971.32071382875,165805.52387977648,404984.6601846428,291082.3997814405,1212322.3340814752,1214340.8809990587,2429575.1779219033,2357155.2831651317
2024-05-24,157594.27613796009,163971.32071382875,689599.8531552581,404984.6601846428,1365791.725170288,1212322.3340814752,2536657.870184609,2429575.1779219033
2024-05-25,157147.22168443855,157594.27613796009,726069.5294939955,689599.8531552581,1343498.731829182,1365791.725170288,2547470.6195600075,2536657.870184609
2024-05-26,157267.23325753165,157147.22168443855,725455.5876695872,726069.5294939955,1352061.5462105435,1343498.731829182,2487084.688207704,2547470.6195600075
2024-05-27,165614.77200375608,157267.23325753165,451283.2949864917,725455.5876695872,1215855.5509310293,1352061.5462105435,2294214.9762974633,2487084.688207704
2024-05-28,165813.66373028714,165614.77200375608,503979.61497940635,451283.2949864917,1137524.1323925606,1215855.5509310293,2255679.8311375575,2294214.9762974633
2024-05-29,167159.43130487754,165813.66373028714,420240.2506115636,503979.61497940635,1142814.4021660727,1137524.1323925606,2316175.758142944,2255679.8311375575
2024-05-30,165414.47754485742,167159.43130487754,544723.8723137111,420240.2506115636,1217252.8438404284,1142814.4021660727,2343096.2448058934,2316175.758142944
2024-05-31,167905.85240610054,165414.47754485742,539663.6789159994,544723.8723137111,1170866.1450143214,1217252.8438404284,2445713.8663874315,2343096.2448058934
2024-06-01,159508.83133431146,167905.85240610054,520094.9300573742,539663.6789159994,1203971.8877308252,1170866.1450143214,2460286.530548839,2445713.8663874315
2024-06-02,163443.7264087912,159508.83133431146,516208.4436251166,520094.9300573742,1135023.1419971606,1203971.8877308252,2287550.6999474955,2460286.530548839
2024-06-03,164821.4138351512,163443.7264087912,452680.5878958908,516208.4436251166,1078359.425366434,1135023.1419971606,2167538.7395514846,2287550.6999474955
2024-06-04,164128.42753553795,164821.4138351512,537321.627601167,452680.5878958908,1118155.6987449971,1078359.425366434,2315751.6428693193,2167538.7395514846
2024-06-05,166424.71903186585,164128.42753553795,481397.73617631604,537321.627601167,1173361.3559768717,1118155.6987449971,2202219.4196705073,2315751.6428693193
2024-06-06,166830.77387462422,166424.71903186585,462494.1704704432,481397.73617631604,1125843.4009654652,1173361.3559768717,2167898.8123805067,2202219.4196705073
2024-06-07,161793.77230912374,166830.77387462422,447156.95926811214,462494.1704704432,1274847.72137311,1125843.4009654652,2072548.4387113338,2167898.8123805067
2024-06-08,163037.55352769635,161793.77230912374,434278.7410715462,447156.95926811214,1256314.6428180141,1274847.72137311,1992635.1562832943,2072548.4387113338
2024-06-09,166476.79234090942,163037.55352769635,554546.6576048275,434278.7410715462,1152527.5579503356,1256314.6428180141,1972518.7453840664,1992635.1562832943
2024-06-10,167762.60442630778,166476.79234090942,500164.56349492184,554546.6576048275,1089179.314185051,1152527.5579503356,1954839.647390689,1972518.7453840664
2024-06-11,167286.17679796135,167762.60442630778,694013.6502292799,500164.56349492184,1197595.9441243224,1089179.314185051,1995659.3386272178,1954839.647390689
2024-06-12,171009.4271850349,167286.17679796135,564351.0230174585,694013.6502292799,1028858.0636936359,1197595.9441243224,1918429.0938349513,1995659.3386272178
2024-06-13,162214.52615834543,171009.4271850349,489178.32745531347,564351.0230174585,1042055.411415041,1028858.0636936359,1986496.016962069,1918429.0938349513
2024-06-14,167684.7443622954,162214.52615834543,261488.55208005302,489178.32745531347,797700.7173382237,1042055.411415041,1706200.9835697308,1986496.016962069
2024-06-15,171172.4770770231,167684.7443622954,375560.0423778546,261488.55208005302,736320.5134652802,797700.7173382237,1826241.3453113893,1706200.9835697308
2024-06-16,169285.81319349402,171172.4770770231,430877.16334812803,375560.0423778546,819991.1874337308,736320.5134652802,1962126.0785149536,1826241.3453113893
2024-06-17,169456.68328017605,169285.81319349402,453040.6607249119,430877.16334812803,865660.3332056382,819991.1874337308,2135587.649708819,1962126.0785149536
2024-06-18,169265.9811289042,169456.68328017605,294118.4234431811,453040.6607249119,798063.3945028957,865660.3332056382,2090371.3541530282,2135587.649708819
2024-06-19,162834.81081555854,169265.9811289042,271813.4727891027,294118.4234431811,889571.0301413154,798063.3945028957,2187298.464865773,2090371.3541530282
2024-06-20,164195.4996536575,162834.81081555854,267114.10347400326,271813.4727891027,944440.6055470282,889571.0301413154,2106899.258432578,2187298.464865773
2024-06-21,164614.51103199794,164195.4996536575,329448.1679474674,267114.10347400326,908500.2662315072,944440.6055470282,2185746.241735517,2106899.258432578
2024-06-22,162146.6348515465,164614.51103199794,437302.92341547,329448.1679474674,1089920.8318461091,908500.2662315072,2265660.4330390603,2185746.241735517
2024-06-23,159271.55119970607,162146.6348515465,500457.00605571276,437302.92341547,1142134.8910812228,1089920.8318461091,2270361.4288823158,2265660.4330390603
2024-06-24,151751.95084600543,159271.55119970607,531820.933066302,500457.00605571276,1269927.3165031807,1142134.8910812228,2279008.619814465,2270361.4288823158
2024-06-25,151833.54177731342,151751.95084600543,404555.2951717926,531820.933066302,1292307.9596501323,1269927.3165031807,2252859.1180778863,2279008.619814465
2024-06-26,151235.88757063914,151833.54177731342,472163.2744938964,404555.2951717926,1297727.4347244576,1292307.9596501323,2164163.413978258,2252859.1180778863
2024-06-27,154628.29506314153,151235.88757063914,464808.38900819793,472163.2744938964,1162458.6528855497,1297727.4347244576,2186900.2229853566,2164163.413978258
2024-06-28,148282.6732127558,154628.29506314153,690875.218219141,464808.38900819793,1277245.9755040098,1162458.6528855497,2332579.529737442,2186900.2229853566
2024-06-29,153090.28128072244,148282.6732127558,639690.0512194933,690875.218219141,1175739.6011929512,1277245.9755040098,2234363.634884871,2332579.529737442
2024-06-30,151774.17065937322,153090.28128072244,656049.5496989475,639690.0512194933,1128226.537801093,1175739.6011929512,2265354.9787998963,2234363.634884871
2024-07-01,153683.08533072512,151774.17065937322,424352.269448671,656049.5496989475,1009081.3033112838,1128226.537801093,2190809.3574290387,2265354.9787998963
2024-07-02,157361.535607941,153683.08533072512,389493.3110256701,424352.269448671,960551.158427754,1009081.3033112838,2033503.0030675896,2190809.3574290387
2024-07-03,156768.49587629575,157361.535607941,350175.4409623899,389493.3110256701,866435.9792538006,960551.158427754,1975262.0934626125,2033503.0030675896
2024-07-04,152671.35967189586,156768.49587629575,430576.2739237411,350175.4409623899,1024441.570099807,866435.9792538006,2064176.5298531146,1975262.0934626125
2024-07-05,152081.95287310184,152671.35967189586,422710.54602641496,430576.2739237411,1055333.554233432,1024441.570099807,2018512.5197456917,2064176.5298531146
2024-07-06,152081.98533294123,152081.95287310184,424501.60845429613,422710.54602641496,1058624.0336919199,1055333.554233432,2023665.509701439,2018512.5197456917
2024-07-07,151531.43479522792,152081.98533294123,394258.9911516552,424501.60845429613,1137128.4409988034,1058624.0336919199,2024605.1013121237,2023665.509701439
2024-07-08,151208.86668589833,151531.43479522792,439712.53623719414,394258.9911516552,1181728.0541177548,1137128.4409988034,1975030.0608345005,2024605.1013121237
2024-07-09,151732.80202518232,151208.86668589833,484275.706831348,439712.53623719414,1072951.8446398359,1181728.0541177548,1988853.1691109184,1975030.0608345005
2024-07-10,145806.8752790432,151732.80202518232,542363.4954005093,484275.706831348,1108826.1142088121,1072951.8446398359,1986896.3199878284,1988853.1691109184
2024-07-11,149049.86571240806,145806.8752790432,543263.1448227374,542363.4954005093,1039734.959753308,1108826.1142088121,1923216.3223074095,1986896.3199878284
2024-07-12,144242.16118954186,149049.86571240806,549105.0459107378,543263.1448227374,963178.9655122599,1039734.959753308,1920401.5991773978,1923216.3223074095
2024-07-13,145021.60643558073,144242.16118954186,438829.41940221185,549105.0459107378,965041.4760095192,963178.9655122599,1957345.21732675,1920401.5991773978
2024-07-14,150981.46633267318,145021.60643558073,365956.664361664,438829.41940221185,887476.6603133203,965041.4760095192,1896541.9954584301,1957345.21732675
2024-07-15,154514.17882635206,150981.46633267318,297719.44187274715,365956.664361664,793302.0067167454,887476.6603133203,1967529.2010161637,1896541.9954584301
2024-07-16,147281.22704359348,154514.17882635206,374502.827703772,297719.44187274715,915901.3244710822,793302.0067167454,2104830.6469564172,1967529.2010161637
2024-07-17,148662.87708315664,147281.22704359348,398578.8572012164,374502.827703772,878070.2057790161,915901.3244710822,2180508.762663723,2104830.6469564172
2024-07-18,148966.99243877473,148662.87708315664,391004.8453827499,398578.8572012164,883481.3625541013,878070.2057790161,2276613.0184701257,2180508.762663723
2024-07-19,150152.09862432888,148966.99243877473,379228.08711522364,391004.8453827499,957222.6336651377,883481.3625541013,2335179.7850943306,2276613.0184701257
2024-07-20,153190.2122407321,150152.09862432888,389689.26786377496,379228.08711522364,992303.7413172311,957222.6336651377,2290649.8426702763,2335179.7850943306
2024-07-21,153391.66179265853,153190.2122407321,356550.20982735977,389689.26786377496,1009065.3351451098,992303.7413172311,2475211.6376902536,2290649.8426702763
2024-07-22,151929.95288032017,153391.66179265853,387898.7977101029,356550.20982735977,1174227.1942994182,1009065.3351451098,2530955.6798136807,2475211.6376902536
2024-07-23,151489.72454245732,151929.95288032017,415824.13689782756,387898.7977101029,1188929.3224853352,1174227.1942994182,2538878.763731513,2530955.6798136807
2024-07-24,148252.13335593164,151489.72454245732,512812.39273943147,415824.13689782756,1302438.5568847072,1188929.3224853352,2611222.202541217,2538878.763731513
2024-07-25,146789.87661759878,148252.13335593164,516588.8179737583,512812.39273943147,1393131.6559160245,1302438.5568847072,2610398.0751325036,2611222.202541217
2024-07-26,151892.18317553,146789.87661759878,596232.6477495042,516588.8179737583,1377957.151429193,1393131.6559160245,2511612.5048661544,2610398.0751325036
2024-07-27,149703.88757898647,151892.18317553,586314.8490318791,596232.6477495042,1298346.1013530456,1377957.151429193,2453950.3705836833,2511612.5048661544
2024-07-28,148639.17765208308,149703.88757898647,649923.4315669573,586314.8490318791,1466146.302545144,1298346.1013530456,2507268.9440374128,2453950.3705836833
2024-07-29,148512.09137304293,148639.17765208308,606803.2593267093,649923.4315669573,1356728.4855142625,1466146.302545144,2481934.1679471494,2507268.9440374128
2024-07-30,147797.63035800026,148512.09137304293,604851.9658416854,606803.2593267093,1349949.441246178,1356728.4855142625,2454348.2717460804,2481934.1679471494
2024-07-31,148420.38771879772,147797.63035800026,508719.9372077697,604851.9658416854,1308783.6456565103,1349949.441246178,2401782.9255826934,2454348.2717460804
2024-08-01,155028.19815440147,148420.38771879772,589603.4646028776,508719.9372077697,1217266.4192164787,1308783.6456565103,2241517.515513271,2401782.9255826934
2024-08-02,155489.01088714367,155028.19815440147,575003.9818345737,589603.4646028776,1133655.3534369613,1217266.4192164787,2241290.2909738296,2241517.515513271
2024-08-03,154082.6911561327,155489.01088714367,637918.1889250114,575003.9818345737,1155604.2692306377,1133655.3534369613,2353069.662998108,2241290.2909738296
2024-08-04,160707.74067865632,154082.6911561327,492560.7746783234,637918.1889250114,1041122.6414922688,1155604.2692306377,2190900.8623119346,2353069.662998108
2024-08-05,160928.06216600648,160707.74067865632,467341.19302892586,492560.7746783234,1125205.6824328874,1041122.6414922688,2162133.4237659783,2190900.8623119346
2024-08-06,161704.71188722967,160928.06216600648,388557.8780324687,467341.19302892586,1104398.8304999024,1125205.6824328874,2138148.2746805036,2162133.4237659783
2024-08-07,164218.51866175162,161704.71188722967,355540.5607818974,388557.8780324687,1092999.2799261834,1104398.8304999024,2039895.7154380686,2138148.2746805036
2024-08-08,161914.79990856833,164218.51866175162,413459.68687866745,355540.5607818974,1024251.0962967926,1092999.2799261834,2117237.856633076,2039895.7154380686
2024-08-09,158286.21800155545,161914.79990856833,566554.3108304997,413459.68687866745,1107634.9375368683,1024251.0962967926,2165947.309836649,2117237.856633076
2024-08-10,157546.27099680124,158286.21800155545,586712.750194276,566554.3108304997,1197465.39376747,1107634.9375368683,2226626.676360428,2165947.309836649
2024-08-11,157278.96212485153,157546.27099680124,544437.4131122379,586712.750194276,1149778.2208196658,1197465.39376747,2287377.199046526,2226626.676360428
2024-08-12,158909.40603440403,157278.96212485153,366386.6068928309,544437.4131122379,1036927.741333091,1149778.2208196658,2143364.5391612286,2287377.199046526
2024-08-13,162827.8185250892,158909.40603440403,391793.98506943474,366386.6068928309,1033749.4441806013,1036927.741333091,,2143364.5391612286
2024-08-14,163653.27458022916,162827.8185250892,460006.67462318414,391793.98506943474,946896.4355118852,1033749.4441806013,,
2024-08-15,161361.80478512138,163653.27458022916,538986.8114015406,460006.67462318414,1092986.7603362834,946896.4355118852,,
2024-08-16,163445.35985957718,161361.80478512138,495847.1146267225,538986.8114015406,1058312.3722997808,1092986.7603362834,,
2024-08-17,165847.1252024423,163445.35985957718,422996.8006074071,495847.1146267225,1029161.2825929578,1058312.3722997808,,
2024-08-18,166646.87500007817,165847.1252024423,341555.6278044574,422996.8006074071,1137598.9782268605,1029161.2825929578,,
2024-08-19,167610.325127845,166646.87500007817,422445.62589602324,341555.6278044574,1106436.7978281379,1137598.9782268605,,
