date,net_sales,gross_total,vat,discount,quantity,line_items,transactions,customers,products,families,classes,return_line_share,baseline28_daily,future7_sales,future_ratio,target,mean7,recent7_28,simple_risk
2023-07-01,1303.48,1499.01,195.53,0.0,1.0,1.0,1.0,1.0,1.0,1.0,1.0,0.0,,242280.10000000003,,,,,
2023-07-02,53558.47,61592.240000000005,8033.77,-4773.06,43.0,10.0,4.0,2.0,10.0,2.0,5.0,0.0,,231875.79,,,,,
2023-07-03,12614.94,14507.17,1892.23,-4436.36,11.0,11.0,9.0,4.0,9.0,4.0,7.0,0.0,,239886.16,,,,,
2023-07-04,40791.51,46910.26,6118.75,-3700.92,33.0,32.0,21.0,4.0,27.0,6.0,12.0,0.0,,265742.65,,,,,
2023-07-05,53910.1,61996.6,8086.5,-8842.02,45.0,31.0,19.0,4.0,27.0,5.0,10.0,0.0,,230090.84000000003,,,,,
2023-07-06,58545.9,67327.82,8781.92,-2023.75,49.0,25.0,14.0,4.0,25.0,5.0,9.0,0.04,,207860.61,,,,,
2023-07-07,6433.04,7398.0,964.96,0.0,2.0,2.0,1.0,1.0,2.0,1.0,2.0,0.0,,214553.44,,,32451.062857142857,,
2023-07-08,16426.14,18890.07,2463.93,-1304.36,13.0,9.0,6.0,2.0,9.0,4.0,5.0,0.0,,230383.19999999998,,,34611.44285714286,,
2023-07-09,43154.16,49627.29,6473.13,-5308.64,46.0,26.0,17.0,4.0,23.0,6.0,11.0,0.0,,252274.27000000002,,,33125.112857142856,,
2023-07-10,20625.31,23719.13,3093.82,-6692.13,21.0,16.0,10.0,4.0,15.0,5.0,8.0,0.0,,286404.14,,,34269.45142857143,,
2023-07-11,66648.0,76645.19,9997.19,-13362.5,68.0,35.0,17.0,4.0,30.0,4.0,10.0,0.02857142857142857,,277636.42000000004,,,37963.235714285714,,
2023-07-12,18258.29,20997.05,2738.7599999999998,-2408.71,17.0,17.0,12.0,3.0,14.0,5.0,9.0,0.0,,305373.88,,,32870.12,,
2023-07-13,36315.67,41763.05,5447.38,-669.5699999999999,40.0,21.0,7.0,3.0,18.0,4.0,6.0,0.0,,345579.94999999995,,,29694.372857142855,,
2023-07-14,13125.87,15094.77,1968.8999999999999,-3043.5,8.0,8.0,3.0,1.0,5.0,2.0,3.0,0.0,,335452.34,,,30650.49142857143,,
2023-07-15,32255.9,37094.26,4838.36,-3513.0299999999997,18.0,18.0,15.0,3.0,18.0,4.0,10.0,0.0,,335194.72,,,32911.885714285716,,
2023-07-16,65045.23,74802.03,9756.8,-10276.380000000001,63.0,58.0,26.0,4.0,36.0,5.0,11.0,0.1206896551724138,,288785.13,,,36039.18142857143,,
2023-07-17,54755.18,62968.51,8213.33,-14009.61,33.0,28.0,15.0,5.0,24.0,3.0,11.0,0.07142857142857142,,412634.96,,,40914.87714285714,,
2023-07-18,57880.28,66562.39,8682.11,-9059.97,31.0,24.0,11.0,4.0,23.0,4.0,7.0,0.0,,410541.95,,,39662.345714285715,,
2023-07-19,45995.75,52895.159999999996,6899.41,-3243.48,35.0,25.0,10.0,3.0,24.0,5.0,11.0,0.0,,412937.58,,,43624.840000000004,,
2023-07-20,76521.74,88000.08,11478.34,-6408.69,40.0,37.0,18.0,6.0,26.0,5.0,10.0,0.08108108108108109,,396842.7,,,49368.56428571429,,
2023-07-21,2998.26,3448.01,449.75,-1173.93,4.0,4.0,2.0,2.0,4.0,2.0,3.0,0.0,,402908.14,,,47921.76285714286,,
2023-07-22,31998.28,36798.02,4799.74,-3122.56,25.0,17.0,15.0,2.0,15.0,3.0,8.0,0.0,,387846.39,,,47884.96,,
2023-07-23,18635.64,21430.989999999998,2795.35,-3598.2799999999997,11.0,9.0,9.0,4.0,9.0,5.0,8.0,0.0,,404326.37,,,41255.01857142857,,
2023-07-24,178605.01,205395.81999999998,26790.81,-92501.31000000001,846.0,33.0,14.0,5.0,26.0,4.0,8.0,0.06060606060606061,,245028.94,,,58947.85142857143,,
2023-07-25,55787.270000000004,64155.38,8368.11,-4270.71,35.0,31.0,19.0,7.0,27.0,5.0,15.0,0.0,,238121.81999999998,,,58648.85,,
2023-07-26,48391.38,55650.07,7258.69,-8671.869999999999,47.0,32.0,17.0,4.0,27.0,5.0,10.0,0.0625,,277088.13,,,58991.08285714286,,
2023-07-27,60426.86,69490.92,9064.06,-3865.9700000000003,30.0,28.0,18.0,6.0,24.0,6.0,12.0,0.03571428571428571,,289041.95,,,56691.81428571428,,
2023-07-28,9063.7,10423.26,1359.56,-973.0400000000001,7.0,7.0,5.0,3.0,7.0,4.0,5.0,0.0,42145.40571428572,295299.53,1.0009548236133787,0.0,57558.305714285714,1.3657077144894016,-1.3657077144894016
2023-07-29,16936.53,19477.02,2540.4900000000002,-1313.07,17.0,14.0,11.0,3.0,13.0,4.0,10.0,0.0,42703.728928571436,323438.97,1.0820031014186857,0.0,55406.62714285714,1.29746578420665,-1.29746578420665
2023-07-30,35115.62,40382.99,5267.37,-3216.5699999999997,20.0,21.0,17.0,6.0,16.0,5.0,9.0,0.047619047619047616,42045.055714285714,393376.01999999996,1.336579850615355,0.0,57760.909999999996,1.3737860259363261,-1.3737860259363261
2023-07-31,19307.58,22203.75,2896.17,-4071.5699999999997,19.0,18.0,12.0,5.0,17.0,6.0,10.0,0.0,42284.07857142858,450003.58999999997,1.5203412091447452,0.0,35004.13428571429,0.8278324955475472,-0.8278324955475472
2023-08-01,48880.15,56212.229999999996,7332.08,-4582.03,29.0,34.0,20.0,5.0,23.0,5.0,12.0,0.08823529411764706,42572.95857142857,408108.31999999995,1.3694417895249467,0.0,34017.40285714286,0.799037792970595,-0.799037792970595
2023-08-02,87357.69,100461.5,13103.81,-16671.34,103.0,59.0,24.0,5.0,36.0,4.0,10.0,0.0,43767.51535714285,404348.58999999997,1.3197935458378078,0.0,39584.01857142857,0.9044154836851725,-0.9044154836851725
2023-08-03,72380.68,83237.85,10857.17,-8849.26,70.0,45.0,24.0,6.0,28.0,4.0,9.0,0.044444444444444446,44261.61464285715,421136.6,1.359244842602693,0.0,41291.707142857136,0.9329010583105943,-0.9329010583105943
2023-08-04,15321.28,17619.510000000002,2298.23,-2060.89,12.0,12.0,9.0,4.0,11.0,3.0,7.0,0.0,44579.05178571429,412315.33,1.3212975072492608,0.0,42185.64714285714,0.9463110015358348,-0.9463110015358348
2023-08-05,45075.97,51837.44,6761.47,-3847.75,30.0,30.0,15.0,5.0,17.0,4.0,9.0,0.0,45602.26,391276.93000000005,1.2257441689450104,0.0,46205.56714285714,1.013229764113821,-1.013229764113821
2023-08-06,105052.67,120810.58,15757.91,-8051.82,62.0,42.0,16.0,8.0,30.0,5.0,13.0,0.11904761904761904,47812.92107142857,331066.5,0.989172241015334,0.0,56196.57428571429,1.175342836756642,-1.175342836756642
2023-08-07,75935.15,87325.54,11390.39,-5390.13,36.0,37.0,18.0,6.0,24.0,5.0,10.0,0.05405405405405406,49788.2725,292124.62,0.8381911336937544,1.0,64286.22714285714,1.2911921606209,-1.2911921606209
2023-08-08,6984.880000000003,8032.650000000001,1047.77,-7379.72,24.0,24.0,12.0,4.0,23.0,5.0,13.0,0.16666666666666666,47657.44678571429,324979.75,0.974153709496352,0.0,58301.18857142857,1.2233384812571375,-1.2233384812571375
2023-08-09,83597.95999999999,96137.67,12539.71,-23979.51,42.0,26.0,17.0,7.0,21.0,5.0,8.0,0.11538461538461539,49991.006428571425,254718.33999999997,0.7278976136979153,1.0,57764.08428571429,1.1554895252658948,-1.1554895252658948
2023-08-10,89168.69,102544.01999999999,13375.33,-5627.91,56.0,28.0,12.0,5.0,27.0,5.0,11.0,0.0,51878.614285714284,216310.64,0.5956504510666796,1.0,60162.37142857143,1.159675759595958,-1.159675759595958
2023-08-11,6500.01,7475.01,975.0,-669.5600000000001,5.0,5.0,5.0,2.0,5.0,3.0,4.0,0.0,51641.97642857143,212961.09,0.5891140301189369,1.0,58902.19,1.1405874459795422,-1.1405874459795422
2023-08-12,24037.57,27643.23,3605.66,-1686.96,17.0,12.0,9.0,2.0,10.0,5.0,8.0,0.0,51348.46464285714,218605.74,0.6081854958231085,1.0,55896.70428571427,1.0885759618031698,-1.0885759618031698
2023-08-13,44842.24,51568.6,6726.36,-3269.06,37.0,22.0,13.0,4.0,16.0,3.0,8.0,0.0,50626.92928571429,192898.05,0.5443123783035795,1.0,47295.21428571428,0.9341908536226364,-0.9341908536226364
2023-08-14,36993.27,42542.32,5549.05,-9035.76,29.0,29.0,14.0,5.0,26.0,5.0,8.0,0.06896551724137931,49992.57535714286,166400.45,0.47550046556556175,1.0,41732.08857142857,0.8347657281765932,-0.8347657281765932
2023-08-15,39840.01,45816.01,5976.0,-3104.3500000000004,20.0,16.0,11.0,5.0,16.0,5.0,9.0,0.0,49348.280000000006,143495.82,0.41540258053862983,1.0,46425.67857142857,0.9407760224151392,-0.9407760224151392
2023-08-16,13336.55,15337.05,2000.5,-2550.42,12.0,13.0,9.0,3.0,13.0,4.0,9.0,0.07692307692307693,48181.880000000005,166893.24000000002,0.49483107401727433,1.0,36388.334285714285,0.7552286105422678,-0.7552286105422678
2023-08-17,50760.990000000005,58375.2,7614.21,-9804.48,43.0,32.0,18.0,8.0,25.0,5.0,10.0,0.0,47261.85321428572,122673.1,0.37080070669195464,1.0,30901.52,0.6538364007837821,-0.6538364007837821
2023-08-18,3150.46,3623.0299999999997,472.57,-673.89,2.0,2.0,2.0,1.0,2.0,2.0,2.0,0.0,47267.288928571434,131906.98,0.39866585778148644,1.0,30423.012857142858,0.6436377788266423,-0.6436377788266423
2023-08-19,29682.22,34134.6,4452.38,-5902.92,24.0,24.0,15.0,4.0,22.0,4.0,11.0,0.0,47184.5725,130646.76000000001,0.39554926257184714,1.0,31229.391428571427,0.6618559790611948,-0.6618559790611948
2023-08-20,19134.55,22004.73,2870.1800000000003,-945.89,16.0,16.0,12.0,3.0,13.0,5.0,11.0,0.125,47202.39071428571,203784.76,0.6167507223869881,1.0,27556.864285714288,0.5838023004494612,-0.5838023004494612
2023-08-21,10495.67,12070.04,1574.37,-804.34,7.0,7.0,4.0,3.0,7.0,3.0,6.0,0.0,41198.485714285714,316248.17000000004,1.0966012273682737,0.0,23771.492857142857,0.5769991892905911,-0.5769991892905911
2023-08-22,16935.38,19475.7,2540.32,-2394.2,15.0,15.0,10.0,2.0,11.0,4.0,9.0,0.0,39810.91821428571,312386.2,1.1209638461437503,0.0,20499.402857142857,0.514919117082481,-0.514919117082481
2023-08-23,36733.97,42244.08,5510.11,-1589.79,27.0,34.0,19.0,5.0,28.0,5.0,15.0,0.17647058823529413,39394.58214285714,331490.97,1.202090497759708,0.0,23841.891428571427,0.6052073694325081,-0.6052073694325081
2023-08-24,6540.85,7522.02,981.1700000000001,-1934.81,7.0,9.0,5.0,2.0,9.0,3.0,5.0,0.1111111111111111,37470.08178571429,351500.51,1.3401187341569434,0.0,17524.72857142857,0.46769923459601276,-0.46769923459601276
2023-08-25,12384.34,14242.02,1857.6799999999998,-521.76,10.0,9.0,7.0,2.0,8.0,3.0,7.0,0.0,37588.67607142857,339116.17000000004,1.2888234491366053,0.0,18843.854285714282,0.5013173182770764,-0.5013173182770764
2023-08-26,28422.0,32685.34,4263.34,-10691.14,26.0,24.0,16.0,3.0,21.0,4.0,8.0,0.0,37998.87142857142,330143.71,1.2411786289893574,0.0,18663.822857142855,0.4911678203976735,-0.4911678203976735
2023-08-27,92272.55,106113.46,13840.91,-26402.37,64.0,40.0,18.0,4.0,29.0,5.0,12.0,0.0,40040.19035714286,270414.61,0.9647970758095349,0.0,29112.108571428573,0.7270721820191146,-0.7270721820191146
2023-08-28,122959.08,141402.95,18443.87,-17320.27,134.0,58.0,29.0,5.0,36.0,5.0,12.0,0.05172413793103448,43742.02964285714,179785.64,0.5871621199757675,1.0,45178.31,1.0328352472180586,-1.0328352472180586
2023-08-29,13073.41,15034.43,1961.02,-3323.96,10.0,27.0,18.0,5.0,23.0,5.0,12.0,0.2962962962962963,42463.217500000006,208186.77000000005,0.7003936322737944,1.0,44626.6,1.050947210959697,-1.050947210959697
2023-08-30,55838.74,64214.6,8375.86,-10182.2,42.0,30.0,20.0,4.0,26.0,5.0,9.0,0.0,41337.54071428572,182461.1,0.6305617358500333,1.0,47355.85285714286,1.1455895062663293,-1.1455895062663293
2023-08-31,26550.39,30532.95,3982.56,-4671.34,21.0,20.0,13.0,5.0,20.0,5.0,11.0,0.0,39700.744642857135,179567.78000000003,0.6461475781063303,1.0,50214.35857142857,1.2648215801277929,-1.2648215801277929
2023-09-01,0.0,0.0,0.0,0.0,0.0,0.0,0.0,0.0,0.0,0.0,0.0,0.0,39153.55607142857,191473.56000000003,0.6986176597697655,1.0,48445.16714285715,1.237312060607668,-1.237312060607668
2023-09-02,19449.54,22367.010000000002,2917.47,-824.81,17.0,17.0,12.0,3.0,17.0,4.0,10.0,0.0,38238.326428571425,181888.35,0.6795289550273019,1.0,47163.387142857144,1.2334061541881962,-1.2334061541881962
2023-09-03,32543.45,37424.96,4881.51,-6265.32,22.0,14.0,10.0,4.0,12.0,4.0,8.0,0.0,35648.71142857143,209913.07,0.8411967845922542,1.0,38630.65857142857,1.0836481046119157,-1.0836481046119157
2023-09-04,32330.11,37179.61,4849.5,-3563.79,25.0,23.0,19.0,6.0,22.0,4.0,12.0,0.0,34091.38857142857,214939.12,0.9006845968474988,0.0,25683.662857142856,0.7533768477435356,-0.7533768477435356
2023-09-05,41474.54,47695.729999999996,6221.19,-3976.4100000000003,23.0,22.0,18.0,5.0,19.0,5.0,11.0,0.0,35323.16214285714,185358.88999999998,0.7496452701906825,1.0,29740.967142857146,0.8419678573106232,-0.8419678573106232
2023-09-06,30113.07,34629.99,4516.92,-1221.72,24.0,18.0,11.0,5.0,12.0,3.0,6.0,0.0,33412.9875,160807.55000000002,0.6875322699850512,1.0,26065.87142857143,0.7801119677960981,-0.7801119677960981
2023-09-07,23657.07,27205.6,3548.5299999999997,-3486.14,15.0,15.0,12.0,7.0,14.0,5.0,10.0,0.0,31073.28678571429,141713.98,0.6515195648701607,1.0,25652.54,0.8255496168430294,-0.8255496168430294
2023-09-08,11905.78,13691.66,1785.88,-2045.1399999999999,10.0,10.0,6.0,2.0,10.0,3.0,6.0,0.0,31266.350000000002,129808.2,0.5930986050955283,1.0,27353.365714285716,0.8748499813469022,-0.8748499813469022
2023-09-09,9864.33,11343.95,1479.62,-391.33,9.0,8.0,4.0,2.0,7.0,1.0,2.0,0.0,30760.162857142856,127703.0,0.5930815710895828,1.0,25984.049999999996,0.8447305731336923,-0.8447305731336923
2023-09-10,60568.17,69653.43,9085.26,-12072.529999999999,58.0,39.0,21.0,4.0,34.0,5.0,11.0,0.02564102564102564,31321.803214285716,85229.64,0.38872802992356453,1.0,29987.58142857143,0.9574027786144268,-0.9574027786144268
2023-09-11,37356.16,42959.55,5603.39,-9138.060000000001,27.0,27.0,21.0,4.0,23.0,5.0,11.0,0.1111111111111111,31334.76357142857,67956.88,0.3098196573960336,1.0,30705.588571428572,0.9799208633387076,-0.9799208633387076
2023-09-12,11894.310000000001,13678.45,1784.14,-1263.94,8.0,6.0,5.0,2.0,5.0,3.0,3.0,0.0,30336.702857142856,66973.19,0.31538030406543854,1.0,26479.84142857143,0.8728648447152089,-0.8728648447152089
2023-09-13,5561.73,6396.0,834.2700000000001,-3260.88,1.0,20.0,9.0,3.0,17.0,4.0,6.0,0.45,30059.030714285713,143068.89,0.6799425121658829,1.0,22972.507142857146,0.7642464376583953,-0.7642464376583953
2023-09-14,4563.5,5248.02,684.52,-1884.3300000000002,6.0,6.0,4.0,2.0,6.0,3.0,4.0,0.0,28409.120357142856,252423.09000000003,1.2693262225384185,0.0,20244.854285714286,0.7126181321775475,-0.7126181321775475
2023-09-15,0.0,0.0,0.0,0.0,0.0,0.0,0.0,0.0,0.0,0.0,0.0,0.0,28296.603928571425,279849.12,1.4128354701222288,0.0,18544.028571428575,0.6553446702734685,-0.6553446702734685
2023-09-16,7759.13,8923.03,1163.8999999999999,-365.22,9.0,9.0,6.0,3.0,9.0,3.0,8.0,0.0,27513.636428571426,284430.39,1.4768281525646596,0.0,18243.285714285714,0.663063414450772,-0.663063414450772
2023-09-17,18094.81,20809.03,2714.22,-1547.78,13.0,15.0,12.0,2.0,12.0,4.0,9.0,0.06666666666666667,27476.50285714286,307899.47000000003,1.6008455952389866,0.0,12175.66285714286,0.44313000531571084,-0.44313000531571084
2023-09-18,20083.4,23095.95,3012.55,-4104.3,17.0,15.0,12.0,4.0,14.0,4.0,9.0,0.0,27818.921785714287,365385.44,1.8763459059295726,0.0,9708.125714285716,0.34897562849725833,-0.34897562849725833
2023-09-19,10910.619999999999,12547.2,1636.58,-3983.3,13.0,13.0,10.0,3.0,11.0,4.0,8.0,0.0,27603.75178571429,423418.43,2.1913089065726763,0.0,9567.598571428573,0.3466050066563804,-0.3466050066563804
2023-09-20,81657.43000000001,93906.06,12248.63,-24807.739999999998,76.0,69.0,43.0,3.0,39.0,4.0,16.0,0.028985507246376812,29208.16107142857,380559.18999999994,1.8613153508184739,0.0,20438.41285714286,0.6997500735209147,-0.6997500735209147
2023-09-21,113917.7,131005.35,17087.65,-27304.33,104.0,73.0,44.0,5.0,46.0,4.0,14.0,0.0547945205479452,33043.048571428575,315937.97,1.3659150007518328,0.0,36060.44142857143,1.0913170239307735,-1.0913170239307735
2023-09-22,27426.03,31539.92,4113.889999999999,-6671.24,19.0,19.0,17.0,2.0,14.0,3.0,7.0,0.0,33580.25178571428,292987.6,1.2464281594927633,0.0,39978.44571428571,1.1905344239048665,-1.1905344239048665
2023-09-23,12340.4,14191.470000000001,1851.0700000000002,-3205.18,15.0,13.0,10.0,1.0,13.0,3.0,9.0,0.0,33005.90892857143,432399.68999999994,1.8715250175171554,0.0,40632.91285714286,1.2310799543523294,-1.2310799543523294
2023-09-24,41563.89,47798.44,6234.55,-12394.61,40.0,39.0,33.0,2.0,22.0,4.0,13.0,0.0,31194.88535714286,404607.98999999993,1.8529044350322124,0.0,43985.638571428564,1.4100272550402861,-1.4100272550402861
2023-09-25,77569.37,89204.71,11635.34,-27692.97,76.0,69.0,38.0,7.0,44.0,4.0,13.0,0.028985507246376812,29573.824285714283,396970.42,1.9175761461257463,0.0,52197.91999999999,1.7650040622312868,-1.7650040622312868
2023-09-26,68943.61,79285.2,10341.59,-11106.29,78.0,55.0,30.0,4.0,39.0,4.0,12.0,0.01818181818181818,31569.18857142857,349036.28,1.5794617464261718,0.0,60488.34714285714,1.91605644237564,-1.91605644237564
2023-09-27,38798.19,44617.89,5819.7,-15067.06,45.0,44.0,20.0,4.0,28.0,4.0,11.0,0.0,30960.597500000003,342084.1,1.5784306857403878,0.0,54365.59857142857,1.7559608974416132,-1.7559608974416132
2023-09-28,49296.479999999996,56690.87,7394.39,-30579.86,48.0,54.0,34.0,6.0,40.0,4.0,13.0,0.18518518518518517,31772.95785714286,307433.56,1.3822786092962565,0.0,45133.99571428571,1.4205160223740128,-1.4205160223740128
2023-09-29,4475.66,5146.99,671.3299999999999,-2041.72,5.0,5.0,5.0,1.0,4.0,2.0,4.0,0.0,31932.802857142855,313196.18,1.4011394999910973,0.0,41855.37142857142,1.3107327789489374,-1.3107327789489374
2023-09-30,151752.49,174515.46,22762.97,-42922.28,127.0,91.0,60.0,6.0,62.0,4.0,16.0,0.02197802197802198,36657.908214285715,179304.49,0.6987558317055013,1.0,61771.38428571428,1.6850766258845549,-1.6850766258845549
2023-10-01,13772.19,15838.02,2065.83,-3392.0099999999998,11.0,11.0,10.0,3.0,10.0,3.0,6.0,0.0,35987.50607142857,214805.81999999998,0.8526999801925303,0.0,57801.14142857142,1.6061446801522394,-1.6061446801522394
2023-10-02,69931.8,80421.55,10489.75,-14127.31,47.0,36.0,21.0,5.0,30.0,4.0,13.0,0.027777777777777776,37330.42357142857,155516.75999999998,0.5951360277895128,1.0,56710.060000000005,1.519137865968495,-1.519137865968495
2023-10-03,21009.47,24160.92,3151.4500000000003,-2630.56,16.0,16.0,13.0,4.0,12.0,2.0,6.0,0.0,36599.52821428572,160758.16999999998,0.6274794779507257,1.0,49862.32571428571,1.3623761875384828,-1.3623761875384828
2023-10-04,31846.010000000002,36622.94,4776.93,-14861.17,17.0,17.0,15.0,3.0,17.0,3.0,10.0,0.0,36661.41892857143,148233.32,0.5776150839302426,1.0,48869.15714285714,1.3329859719306125,-1.3329859719306125
2023-10-05,14645.939999999999,16842.829999999998,2196.89,-17435.23,7.0,6.0,6.0,3.0,6.0,3.0,4.0,0.0,36339.59285714286,151214.33000000002,0.594449344211931,1.0,43919.08,1.2085738046833217,-1.2085738046833217
2023-10-06,10238.28,11774.01,1535.73,-347.84,12.0,12.0,6.0,3.0,8.0,2.0,3.0,0.0,36280.03928571429,155212.61000000002,0.6111688530814514,1.0,44742.31142857143,1.2332487039557665,-1.2332487039557665
2023-10-07,17860.8,20539.93,2679.13,-1267.09,19.0,19.0,10.0,3.0,17.0,3.0,6.0,0.10526315789473684,36565.6275,152212.62,0.5946748760157335,1.0,25614.92714285714,0.7005192825654951,-0.7005192825654951
2023-10-08,49273.52,56664.51,7390.99,-17566.14,31.0,37.0,20.0,4.0,27.0,4.0,12.0,0.13513513513513514,36162.24714285714,131720.03,0.5203533693169274,1.0,30686.545714285716,0.8485796137905939,-0.8485796137905939
2023-10-09,10642.74,12239.14,1596.4,-2743.65,6.0,10.0,7.0,3.0,8.0,3.0,5.0,0.2,35208.19642857143,232025.06,0.941440928679858,0.0,22216.68,0.6310087494845712,-0.6310087494845712
2023-10-10,26250.88,30188.56,3937.68,-1460.87,17.0,17.0,11.0,6.0,17.0,3.0,9.0,0.0,35720.931071428575,231120.34999999998,0.9243094137473838,0.0,22965.452857142856,0.6429130531681969,-0.6429130531681969
2023-10-11,19321.16,22219.34,2898.18,2494.21,16.0,13.0,8.0,2.0,10.0,3.0,5.0,0.15384615384615385,36212.33928571428,224489.63,0.8856082698724933,0.0,21176.18857142857,0.5847782548470307,-0.5847782548470307
2023-10-12,17626.95,20271.04,2644.09,-1408.72,21.0,19.0,13.0,3.0,19.0,4.0,10.0,0.0,36678.891071428574,228874.66999999998,0.8914222996790825,0.0,21602.047142857144,0.5889503884070338,-0.5889503884070338
2023-10-13,14236.56,16372.04,2135.48,-1408.69,12.0,12.0,8.0,3.0,10.0,3.0,6.0,0.0,37187.33964285714,215202.46,0.8267116945359024,1.0,22173.230000000003,0.5962574955065113,-0.5962574955065113
2023-10-14,14860.81,17089.93,2229.12,-4391.0599999999995,10.0,10.0,10.0,2.0,10.0,3.0,7.0,0.0,37440.971071428576,210510.77,0.8032101273624818,1.0,21744.66,0.5807717956491112,-0.5807717956491112
2023-10-15,28780.93,33098.11,4317.18,-4033.94,25.0,18.0,11.0,4.0,17.0,3.0,9.0,0.0,37822.618214285714,187046.69,0.7064808565841993,1.0,18817.147142857142,0.49751043241501064,-0.49751043241501064
2023-10-16,110947.77,127589.95,16642.18,-77315.1,241.0,22.0,16.0,3.0,21.0,4.0,9.0,0.09090909090909091,41067.77428571428,83107.18,0.2890941740138131,1.0,33146.43714285714,0.8071154991807619,-0.8071154991807619
2023-10-17,25346.17,29148.11,3801.94,-4031.2700000000004,25.0,20.0,13.0,4.0,15.0,4.0,7.0,0.0,41583.32964285714,83750.4,0.28771969344205695,1.0,33017.19285714286,0.7940007002978006,-0.7940007002978006
2023-10-18,12690.44,14594.0,1903.56,-1111.22,9.0,9.0,7.0,4.0,9.0,4.0,7.0,0.0,39120.22285714286,87713.9,0.3203089406881848,1.0,32069.947142857145,0.8197792548362638,-0.8197792548362638
2023-10-19,22011.989999999998,25313.800000000003,3301.81,-16112.109999999999,13.0,10.0,8.0,4.0,9.0,4.0,5.0,0.0,35837.87607142857,99958.22,0.39845401791737645,1.0,32696.381428571425,0.9123414948866997,-0.9123414948866997
2023-10-20,564.35,649.01,84.66,0.0,1.0,1.0,1.0,1.0,1.0,1.0,1.0,0.0,34878.53035714286,103721.7,0.42482827007220003,1.0,30743.20857142857,0.8814364669792515,-0.8814364669792515
2023-10-21,10169.119999999999,11694.49,1525.37,-5216.96,7.0,7.0,6.0,3.0,7.0,3.0,5.0,0.0,34800.98464285715,110397.47,0.4531787621731598,1.0,30072.967142857142,0.8641412721932733,-0.8641412721932733
2023-10-22,5316.85,6114.37,797.5200000000001,3365.6,6.0,10.0,10.0,5.0,7.0,4.0,4.0,0.2,33506.4475,150433.3,0.64138316748057,1.0,26720.955714285716,0.7974869825959828,-0.7974869825959828
2023-10-23,7008.26,8059.459999999999,1051.2,-2551.73,5.0,9.0,8.0,3.0,9.0,3.0,7.0,0.2222222222222222,30986.407857142858,226550.2,1.0444680917815325,0.0,11872.454285714284,0.3831503909859463,-0.3831503909859463
2023-10-24,25989.39,29887.78,3898.3900000000003,-3908.04,22.0,14.0,12.0,3.0,14.0,4.0,9.0,0.0,29452.328571428574,237290.6,1.150966962107774,0.0,11964.342857142856,0.4062273999193854,-0.4062273999193854
2023-10-25,16653.94,19152.04,2498.1,-1600.4400000000003,11.0,13.0,7.0,4.0,13.0,4.0,8.0,0.07692307692307693,28661.462499999998,,,,12530.557142857142,0.4371918265809759,-0.4371918265809759
2023-10-26,34256.31,39394.75,5138.44,-1173.9099999999999,9.0,8.0,7.0,3.0,5.0,4.0,4.0,0.0,28124.31357142857,,,,14279.745714285715,0.5077366840623082,-0.5077366840623082
2023-10-27,4327.83,4977.0,649.1700000000001,-869.56,3.0,3.0,3.0,2.0,3.0,3.0,3.0,0.0,28119.033928571433,,,,14817.385714285714,0.5269521617252269,-0.5269521617252269
2023-10-28,16844.89,19371.62,2526.73,-1616.64,9.0,9.0,8.0,3.0,9.0,5.0,9.0,0.0,23300.905357142856,,,,15771.067142857142,0.6768435346664565,-0.6768435346664565
2023-10-29,45352.68,52155.55,6802.87,-7563.96,25.0,22.0,17.0,5.0,21.0,4.0,9.0,0.0,24428.78,,,,21490.471428571425,0.8797193895303583,-0.8797193895303583
2023-10-30,83125.16,95593.91,12468.75,-5568.19,39.0,22.0,16.0,8.0,17.0,4.0,11.0,0.045454545454545456,24899.971428571425,,,,32364.314285714285,1.2997731494815257,-1.2997731494815257
2023-10-31,36729.79,42239.31,5509.5199999999995,-5400.34,24.0,26.0,18.0,4.0,21.0,5.0,12.0,0.11538461538461539,25461.411428571428,,,,33898.65714285714,1.3313738414681084,-1.3313738414681084
