feature,standardized_mean_difference,abs_smd,external_at_source_clip_boundary_share
calendar__year_sin,-2.197593398849849,2.197593398849849,0.1
merchant__new_customer_share,-1.8921577236338387,1.8921577236338387,0.95
merchant__new_observed_customers__ratio_mean_28,-1.640554276269583,1.640554276269583,0.9666666666666667
merchant__new_observed_customers__ratio_mean_56,-1.5149342483999406,1.5149342483999406,1.0
merchant__returning_customer_share,1.3624611323840474,1.3624611323840474,0.95
merchant__sales__drawdown28,-1.1200220490695867,1.1200220490695867,0.4166666666666667
merchant__new_observed_customers__ratio_mean_14,-0.794981672408993,0.794981672408993,0.5
calendar__national_day_window,0.6787846592900992,0.6787846592900992,1.0
merchant__sales__ma14_vs_ma56,-0.6772948129719756,0.6772948129719756,0.55
merchant__return_rate_value__change_28,-0.48284858599295954,0.48284858599295954,0.16666666666666666
merchant__new_observed_customers__change_28,-0.4791835595953725,0.4791835595953725,0.11666666666666667
merchant__return_rate_value__change_1,-0.4384179433748082,0.4384179433748082,0.21666666666666667
merchant__unique_products__ratio_mean_28,-0.4210655021282417,0.4210655021282417,0.38333333333333336
merchant__unique_products__ratio_mean_56,-0.41757196407529396,0.41757196407529396,0.36666666666666664
merchant__new_observed_customers__change_1,-0.41083088711124033,0.41083088711124033,0.05
merchant__new_observed_customers__change_14,-0.41023001318117314,0.41023001318117314,0.05
merchant__return_rate_value__change_7,-0.40509412215710966,0.40509412215710966,0.21666666666666667
merchant__new_observed_customers__change_7,-0.40202563086672927,0.40202563086672927,0.05
merchant__new_observed_customers__ratio_mean_7,-0.3979352664849158,0.3979352664849158,0.26666666666666666
merchant__gross_sales_sar__ratio_mean_56,-0.3685834989794446,0.3685834989794446,0.2
merchant__net_sales_sar__ratio_mean_56,-0.36727455164788586,0.36727455164788586,0.21666666666666667
merchant__unique_observed_customers__z_56,-0.36725182747234114,0.36725182747234114,0.03333333333333333
merchant__average_invoice_value_sar__ratio_mean_56,-0.36531879593081856,0.36531879593081856,0.11666666666666667
merchant__transaction_rows__ratio_mean_28,-0.33971369483750236,0.33971369483750236,0.25
merchant__return_rate_value__change_14,-0.32860957609151964,0.32860957609151964,0.23333333333333334
merchant__returning_observed_customers__ratio_mean_56,-0.3261622182749878,0.3261622182749878,0.08333333333333333
merchant__unique_observed_customers__ratio_mean_56,-0.31820646706611383,0.31820646706611383,0.08333333333333333
merchant__sales__ma7_vs_ma28,-0.3047712436008091,0.3047712436008091,0.43333333333333335
merchant__transaction_rows__ratio_mean_56,-0.29777694816534184,0.29777694816534184,0.23333333333333334
merchant__unique_products__ratio_mean_14,-0.29268024842367363,0.29268024842367363,0.36666666666666664
merchant__net_sales_sar__ratio_mean_28,-0.2858695534361964,0.2858695534361964,0.25
merchant__invoice_count__ratio_mean_28,-0.2823792664690662,0.2823792664690662,0.2
merchant__returning_observed_customers__change_28,-0.2803385481789426,0.2803385481789426,0.05
merchant__transaction_rows__ratio_mean_14,-0.2796778510096482,0.2796778510096482,0.23333333333333334
merchant__sales__vol7_vs_vol28,-0.2718585050146578,0.2718585050146578,0.08333333333333333
merchant__net_sales_sar__ratio_mean_14,-0.2694197733758317,0.2694197733758317,0.2
market__sama_weekly_market_index,-0.2678014884321027,0.2678014884321027,0.0
merchant__unique_products__change_1,0.2657333758713616,0.2657333758713616,0.3
calendar__founding_day_window,-0.2623616816679756,0.2623616816679756,1.0
merchant__gross_sales_sar__ratio_mean_28,-0.26060638372948,0.26060638372948,0.18333333333333332
merchant__gross_sales_sar__ratio_mean_14,-0.24881961207629075,0.24881961207629075,0.2
merchant__unique_observed_customers__change_28,-0.2465716567173968,0.2465716567173968,0.05
merchant__net_sales_sar__change_1,0.23945500021503616,0.23945500021503616,0.18333333333333332
merchant__transaction_rows__change_1,0.2387430945253952,0.2387430945253952,0.23333333333333334
merchant__units__change_1,0.23188542853157693,0.23188542853157693,0.2
merchant__invoice_count__ratio_mean_56,-0.22416281696530094,0.22416281696530094,0.18333333333333332
merchant__net_sales_sar__change_14,0.22083390829865293,0.22083390829865293,0.18333333333333332
merchant__gross_sales_sar__change_1,0.21190316851347796,0.21190316851347796,0.18333333333333332
merchant__units__ratio_mean_56,-0.20396062895722053,0.20396062895722053,0.1
merchant__units__change_14,0.19693209068055076,0.19693209068055076,0.13333333333333333
merchant__unique_observed_customers__z_28,-0.19242043213140161,0.19242043213140161,0.0
merchant__invoice_count__ratio_mean_14,-0.17195742247639348,0.17195742247639348,0.21666666666666667
merchant__net_sales_sar__change_28,0.17137661440151153,0.17137661440151153,0.18333333333333332
merchant__net_sales_sar__ratio_mean_7,-0.16940613510753855,0.16940613510753855,0.25
merchant__units__change_7,0.1674238840456911,0.1674238840456911,0.18333333333333332
merchant__gross_sales_sar__change_14,0.167192353244707,0.167192353244707,0.11666666666666667
merchant__unique_products__ratio_mean_7,-0.16097930460692864,0.16097930460692864,0.35
merchant__net_sales_sar__z_56,-0.15972599926100983,0.15972599926100983,0.016666666666666666
merchant__net_sales_sar__change_7,0.1552239112775392,0.1552239112775392,0.2833333333333333
merchant__invoice_count__change_1,0.1535350495378269,0.1535350495378269,0.16666666666666666
merchant__gross_sales_sar__ratio_mean_7,-0.1509730220016312,0.1509730220016312,0.23333333333333334
merchant__gross_sales_sar__change_7,0.1491014552442719,0.1491014552442719,0.2
merchant__unique_observed_customers__ratio_mean_28,-0.13664353664882367,0.13664353664882367,0.11666666666666667
market__sama_weekly_market_index__change_7,-0.13579017897360782,0.13579017897360782,0.0
merchant__returning_observed_customers__ratio_mean_28,-0.13390563141251702,0.13390563141251702,0.1
merchant__invoice_count__change_14,0.1320500041602468,0.1320500041602468,0.2
merchant__average_invoice_value_sar__change_1,0.12584559602275258,0.12584559602275258,0.15
calendar__year_cos,0.12304347426675134,0.12304347426675134,0.0
merchant__transaction_rows__ratio_mean_7,-0.1210810925833213,0.1210810925833213,0.23333333333333334
merchant__invoice_count__z_56,-0.11146678766435282,0.11146678766435282,0.05
merchant__invoice_count__z_28,-0.11128806658602444,0.11128806658602444,0.05
merchant__transaction_rows__change_7,0.11067273080166692,0.11067273080166692,0.23333333333333334
merchant__unique_products__change_14,0.10229105510408854,0.10229105510408854,0.35
merchant__invoice_count__z_14,-0.09380437737903742,0.09380437737903742,0.016666666666666666
merchant__unique_observed_customers__change_1,0.08686542781517183,0.08686542781517183,0.13333333333333333
merchant__unique_products__change_7,0.08590238778949333,0.08590238778949333,0.43333333333333335
merchant__net_sales_sar__z_28,-0.08209071045731131,0.08209071045731131,0.016666666666666666
merchant__invoice_count__change_7,0.07926774712786877,0.07926774712786877,0.2
merchant__units__ratio_mean_14,-0.07869737288054654,0.07869737288054654,0.18333333333333332
merchant__average_invoice_value_sar__ratio_mean_28,-0.07583647687869913,0.07583647687869913,0.11666666666666667
merchant__transaction_rows__change_14,0.07510582316063903,0.07510582316063903,0.23333333333333334
market__sama_weekly_market_index__change_1,-0.07324163655441092,0.07324163655441092,0.016666666666666666
merchant__gross_sales_sar__change_28,0.07121196381533947,0.07121196381533947,0.16666666666666666
merchant__returning_observed_customers__change_1,0.06834855151914825,0.06834855151914825,0.11666666666666667
merchant__invoice_count__ratio_mean_7,-0.06759998448282843,0.06759998448282843,0.15
merchant__average_invoice_value_sar__change_7,0.060544129756795254,0.060544129756795254,0.15
merchant__unique_observed_customers__z_14,-0.05824963786556265,0.05824963786556265,0.03333333333333333
merchant__units__ratio_mean_28,-0.051641376409137504,0.051641376409137504,0.15
merchant__returning_observed_customers__change_14,-0.048512076980559836,0.048512076980559836,0.03333333333333333
merchant__average_invoice_value_sar__ratio_mean_7,0.046164623787447345,0.046164623787447345,0.13333333333333333
calendar__dow_cos,0.043545205131511035,0.043545205131511035,0.4166666666666667
merchant__returning_observed_customers__ratio_mean_7,0.04276114764480944,0.04276114764480944,0.08333333333333333
merchant__net_sales_sar__z_14,-0.04188988009469185,0.04188988009469185,0.08333333333333333
merchant__return_rate_value__ratio_mean_28,-0.04079136328350318,0.04079136328350318,0.7
merchant__average_invoice_value_sar__change_28,-0.03956738512704193,0.03956738512704193,0.11666666666666667
merchant__transaction_rows__change_28,-0.03678868880787598,0.03678868880787598,0.15
merchant__returning_observed_customers__change_7,-0.034316592570847,0.034316592570847,0.06666666666666667
merchant__units__change_28,0.033883905798290335,0.033883905798290335,0.15
merchant__invoice_count__change_28,0.03115247751502719,0.03115247751502719,0.16666666666666666
merchant__return_rate_value__ratio_mean_14,-0.030476373952861072,0.030476373952861072,0.7166666666666667
merchant__return_rate_value__ratio_mean_7,0.029941858557259456,0.029941858557259456,0.6666666666666666
merchant__units__ratio_mean_7,-0.029663756215530385,0.029663756215530385,0.23333333333333334
merchant__unique_observed_customers__ratio_mean_7,0.026568265194421407,0.026568265194421407,0.13333333333333333
merchant__average_invoice_value_sar__change_14,0.025370202512139475,0.025370202512139475,0.11666666666666667
merchant__unique_observed_customers__ratio_mean_14,-0.02487830664141239,0.02487830664141239,0.16666666666666666
merchant__average_invoice_value_sar__ratio_mean_14,0.02299546522280816,0.02299546522280816,0.15
calendar__dow_sin,-0.020915659169665275,0.020915659169665275,0.2833333333333333
calendar__salary_period,-0.020698499450610103,0.020698499450610103,1.0
merchant__invoice_count__z_7,-0.016418584985794547,0.016418584985794547,0.03333333333333333
merchant__returning_observed_customers__ratio_mean_14,-0.014852567812273025,0.014852567812273025,0.11666666666666667
merchant__net_sales_sar__z_7,0.011085621485903375,0.011085621485903375,0.05
merchant__return_rate_value__ratio_mean_56,0.010076077604659981,0.010076077604659981,0.6666666666666666
merchant__unique_observed_customers__z_7,-0.009571231420552932,0.009571231420552932,0.03333333333333333
merchant__unique_products__change_28,-0.009018114484516337,0.009018114484516337,0.26666666666666666
merchant__unique_observed_customers__change_14,0.004881029020608358,0.004881029020608358,0.03333333333333333
merchant__unique_observed_customers__change_7,-0.003543619505734913,0.003543619505734913,0.06666666666666667
