date,sales,invoices,customers,products,source,future_ratio,target,fold_id,score,prediction
2023-01-28,151809.35368821298,222.0,123.0,1070.0,localized_development,1.1539807866111806,0,-1,,-1
2023-01-29,243430.25151432573,146.0,120.0,767.0,localized_development,0.9596207648138118,0,-1,,-1
2023-01-30,121503.43729982409,157.0,122.0,916.0,localized_development,1.00701331840547,0,-1,,-1
2023-01-31,184604.38769682762,256.0,204.0,1056.0,localized_development,1.0167651978945142,0,-1,,-1
2023-02-01,80017.24058544872,157.0,137.0,438.0,localized_development,1.035987220953962,0,-1,,-1
2023-02-02,105943.52686190055,170.0,155.0,684.0,localized_development,1.0297585528107738,0,-1,,-1
2023-02-03,126558.94264341982,191.0,148.0,1003.0,localized_development,1.0994270494704477,0,-1,,-1
2023-02-04,198818.98040833275,192.0,162.0,1065.0,localized_development,1.026728719969737,0,-1,,-1
2023-02-05,82246.5980636534,182.0,159.0,801.0,localized_development,1.0899217539146797,0,-1,,-1
2023-02-06,145536.46984834565,225.0,206.0,760.0,localized_development,1.0586427171978565,0,-1,,-1
2023-02-07,182146.94689842267,177.0,144.0,862.0,localized_development,0.978269775716163,0,-1,,-1
2023-02-08,84365.38598745548,205.0,196.0,705.0,localized_development,1.0246412645385066,0,-1,,-1
2023-02-09,119436.23114238292,264.0,205.0,910.0,localized_development,1.0311359155806499,0,-1,,-1
2023-02-10,203104.29022230065,245.0,199.0,822.0,localized_development,0.9648699893125847,0,-1,,-1
2023-02-11,146235.32784912933,229.0,187.0,878.0,localized_development,0.968140732621399,0,-1,,-1
2023-02-12,128023.81138159406,220.0,192.0,741.0,localized_development,1.0513626925955086,0,-1,,-1
2023-02-13,122988.26776240738,198.0,161.0,706.0,localized_development,1.0793907382790155,0,-1,,-1
2023-02-14,120022.50770651658,219.0,201.0,795.0,localized_development,1.1177883951434517,0,-1,,-1
2023-02-15,118744.57647603017,255.0,196.0,836.0,localized_development,1.1459548298180704,0,-1,,-1
2023-02-16,138981.8828813087,202.0,161.0,741.0,localized_development,1.0528399364967458,0,-1,,-1
2023-02-17,136386.37319676427,207.0,173.0,860.0,localized_development,1.0393250931022946,0,-1,,-1
2023-02-18,148061.68572060508,243.0,207.0,820.0,localized_development,0.9587953154136003,0,-1,,-1
2023-02-19,178009.66000948375,183.0,155.0,631.0,localized_development,0.8747953487309129,0,-1,,-1
2023-02-20,145440.45310324826,144.0,132.0,558.0,localized_development,1.0088973208160954,0,-1,,-1
2023-02-21,134320.7145627077,240.0,189.0,783.0,localized_development,1.063625621859753,0,-1,,-1
2023-02-22,162766.91884173456,199.0,186.0,668.0,localized_development,1.102701918343046,0,-1,,-1
2023-02-23,72540.05110231337,125.0,96.0,623.0,localized_development,1.3008454750364236,0,-1,,-1
2023-02-24,128888.96202390864,189.0,168.0,517.0,localized_development,1.3463331538636458,0,-1,,-1
2023-02-25,95845.51146322959,129.0,109.0,575.0,localized_development,1.3346380208676742,0,-1,,-1
2023-02-26,123927.61147094445,187.0,168.0,709.0,localized_development,1.4227865766081567,0,-1,,-1
2023-02-27,293143.7003154968,154.0,138.0,567.0,localized_development,1.205268497821371,0,-1,,-1
2023-02-28,214426.6228564015,253.0,216.0,1056.0,localized_development,1.18874516565175,0,-1,,-1
2023-03-01,157698.77037900386,197.0,175.0,670.0,localized_development,1.2962728471800593,0,-1,,-1
2023-03-02,249980.63967199592,278.0,253.0,787.0,localized_development,1.1048637574234539,0,-1,,-1
2023-03-03,181331.9132109436,226.0,124.0,921.0,localized_development,1.0178149475457516,0,-1,,-1
2023-03-04,65737.92247458194,189.0,175.0,615.0,localized_development,1.1428488865448212,0,-1,,-1
2023-03-05,166373.41954997217,185.0,167.0,672.0,localized_development,1.0915298968726121,0,-1,,-1
2023-03-06,141728.9629255874,191.0,171.0,735.0,localized_development,1.132606447024293,0,-1,,-1
2023-03-07,207149.77556228003,249.0,188.0,787.0,localized_development,1.0921378581961971,0,-1,,-1
2023-03-08,288705.1035143189,294.0,261.0,866.0,localized_development,0.913523496576252,0,-1,,-1
2023-03-09,97657.73725080879,149.0,113.0,691.0,localized_development,0.9254099078783921,0,-1,,-1
2023-03-10,104767.76278417937,224.0,213.0,737.0,localized_development,1.0337680476376137,0,-1,,-1
2023-03-11,159420.18959372942,228.0,201.0,781.0,localized_development,0.9890077319417684,0,-1,,-1
2023-03-12,136980.42564647176,257.0,229.0,945.0,localized_development,1.0062035671669203,0,-1,,-1
2023-03-13,183416.34177976823,255.0,216.0,1021.0,localized_development,0.9573607793581365,0,-1,,-1
2023-03-14,171882.40869143768,315.0,290.0,998.0,localized_development,0.9045964059393099,0,-1,,-1
2023-03-15,148467.5525431018,271.0,190.0,769.0,localized_development,0.8135950208051089,1,-1,,-1
2023-03-16,105664.57010320722,225.0,206.0,1077.0,localized_development,0.8703904072878128,0,-1,,-1
2023-03-17,197686.60707189338,269.0,232.0,1046.0,localized_development,0.804159356408506,1,-1,,-1
2023-03-18,114899.80358058777,234.0,214.0,760.0,localized_development,0.8800258961401216,0,-1,,-1
2023-03-19,157646.21792862008,247.0,196.0,931.0,localized_development,0.9423377973239061,0,-1,,-1
2023-03-20,145470.55408012087,192.0,164.0,843.0,localized_development,0.9310312077627366,0,-1,,-1
2023-03-21,126196.82269758197,141.0,115.0,648.0,localized_development,0.9218308444351547,0,-1,,-1
2023-03-22,54313.452525709,100.0,96.0,446.0,localized_development,1.0232540061383992,0,-1,,-1
2023-03-23,161373.04345294516,225.0,182.0,965.0,localized_development,1.0190709183076228,0,-1,,-1
2023-03-24,137144.28952324786,240.0,212.0,826.0,localized_development,1.0312408391531234,0,-1,,-1
2023-03-25,192233.51704561987,206.0,175.0,772.0,localized_development,0.9998797589819854,0,-1,,-1
2023-03-26,221841.58105475196,312.0,261.0,842.0,localized_development,0.9216969928135853,0,-1,,-1
2023-03-27,133016.2947099588,226.0,190.0,748.0,localized_development,0.9323128270816164,0,-1,,-1
2023-03-28,114184.5971649544,217.0,202.0,797.0,localized_development,1.1135366673242089,0,-1,,-1
2023-03-29,138145.28474579807,243.0,212.0,876.0,localized_development,1.1562751149453359,0,-1,,-1
2023-03-30,179516.42288589204,246.0,224.0,747.0,localized_development,1.1375583129182583,0,-1,,-1
2023-03-31,152601.04101572876,296.0,267.0,865.0,localized_development,1.1406285733394914,0,-1,,-1
2023-04-01,181916.37994130675,304.0,268.0,938.0,localized_development,1.0279880500244818,0,-1,,-1
2023-04-02,156732.58597026044,216.0,188.0,879.0,localized_development,1.0740281943207126,0,-1,,-1
2023-04-03,107858.07983968344,261.0,254.0,903.0,localized_development,1.2429179610783616,0,-1,,-1
2023-04-04,286676.68426502444,348.0,173.0,1028.0,localized_development,1.0444219294094896,0,-1,,-1
2023-04-05,178682.24221642583,298.0,256.0,1007.0,localized_development,1.0108900331413264,0,-1,,-1
2023-04-06,139340.58396506982,314.0,250.0,953.0,localized_development,1.013211403018816,0,-1,,-1
2023-04-07,147657.2942633246,306.0,289.0,901.0,localized_development,1.002277534493212,0,-1,,-1
2023-04-08,93382.46326916001,195.0,173.0,693.0,localized_development,1.0793127729514729,0,-1,,-1
2023-04-09,203871.91588862787,226.0,180.0,824.0,localized_development,0.9721320329051225,0,-1,,-1
2023-04-10,279344.1818736726,330.0,285.0,1017.0,localized_development,0.7882670008923842,1,-1,,-1
2023-04-11,95205.25018004767,209.0,144.0,594.0,localized_development,0.8380565418946045,1,-1,,-1
2023-04-12,114357.2718243922,179.0,175.0,662.0,localized_development,0.9606978742783207,0,-1,,-1
2023-04-13,152363.3297689975,208.0,183.0,608.0,localized_development,0.9328945245616539,0,-1,,-1
2023-04-14,146682.7847397691,250.0,228.0,750.0,localized_development,0.9483226819882353,0,-1,,-1
2023-04-15,158972.85073546806,204.0,188.0,623.0,localized_development,0.9726774886959159,0,-1,,-1
2023-04-16,105849.24415668531,231.0,216.0,652.0,localized_development,0.9540108406083785,0,-1,,-1
2023-04-17,99130.87670528116,167.0,156.0,585.0,localized_development,0.9399778298518129,0,-1,,-1
2023-04-18,134254.16773663266,232.0,192.0,749.0,localized_development,0.9591501715361141,0,-1,,-1
2023-04-19,239570.08776467154,328.0,178.0,1250.0,localized_development,0.8839469014973215,0,-1,,-1
2023-04-20,133248.1036406699,262.0,212.0,823.0,localized_development,0.8984869600877782,0,-1,,-1
2023-04-21,151421.5641889226,233.0,199.0,725.0,localized_development,0.8896337664785986,0,-1,,-1
2023-04-22,195948.5294035705,341.0,311.0,808.0,localized_development,0.8247917329522778,1,-1,,-1
2023-04-23,73164.15302178067,211.0,169.0,660.0,localized_development,0.8451693175472507,1,-1,,-1
2023-04-24,73138.52695884473,198.0,188.0,729.0,localized_development,0.8900622566646753,0,-1,,-1
2023-04-25,156598.0061053606,366.0,253.0,913.0,localized_development,0.8600808851431543,0,-1,,-1
2023-04-26,200292.87993858254,334.0,280.0,842.0,localized_development,0.9094720729684446,0,-1,,-1
2023-04-27,143113.36823206817,292.0,258.0,903.0,localized_development,0.9512562111718644,0,-1,,-1
2023-04-28,144805.80670451387,343.0,295.0,1039.0,localized_development,0.9274379982888927,0,-1,,-1
2023-04-29,124771.40223942934,221.0,188.0,740.0,localized_development,0.9660430218275693,0,-1,,-1
2023-04-30,64377.8975365299,154.0,152.0,532.0,localized_development,1.0813612179494616,0,-1,,-1
2023-05-01,107997.19656259357,239.0,208.0,815.0,localized_development,1.1486446910625387,0,-1,,-1
2023-05-02,133988.33754083962,324.0,237.0,829.0,localized_development,1.2156327512149923,0,-1,,-1
2023-05-03,267217.8654489727,351.0,308.0,963.0,localized_development,0.995373131263363,0,-1,,-1
2023-05-04,179768.7839333679,215.0,191.0,804.0,localized_development,0.9125866303896564,0,-1,,-1
2023-05-05,117385.6445074298,269.0,237.0,898.0,localized_development,0.9396576080064917,0,-1,,-1
2023-05-06,152408.70715272494,309.0,262.0,931.0,localized_development,0.926555684947799,0,-1,,-1
2023-05-07,161545.19145403596,257.0,236.0,911.0,localized_development,0.8580048866170774,0,-1,,-1
2023-05-08,177744.1616813981,243.0,209.0,741.0,localized_development,0.8236814114777359,1,-1,,-1
2023-05-09,156988.39107447333,293.0,245.0,772.0,localized_development,0.7799234798503426,1,-1,,-1
2023-05-10,69456.1229094325,217.0,176.0,584.0,localized_development,0.836821626521829,1,-1,,-1
2023-05-11,104548.746994003,176.0,163.0,831.0,localized_development,0.9154912603665198,0,-1,,-1
2023-05-12,138160.84916843654,222.0,195.0,779.0,localized_development,0.8822240588881529,0,-1,,-1
2023-05-13,152684.0375193667,238.0,202.0,827.0,localized_development,0.8997729574495488,0,-1,,-1
2023-05-14,81357.47904867819,230.0,211.0,714.0,localized_development,1.0355642685957234,0,-1,,-1
2023-05-15,121581.69079402175,278.0,251.0,851.0,localized_development,1.024541117856696,0,-1,,-1
2023-05-16,125218.77019055297,197.0,161.0,808.0,localized_development,0.9740252864318019,0,-1,,-1
2023-05-17,117915.2458570598,213.0,185.0,683.0,localized_development,0.9903160186822185,0,-1,,-1
2023-05-18,172711.61745692042,275.0,244.0,747.0,localized_development,0.9148369116637253,0,-1,,-1
2023-05-19,103227.0817980349,243.0,208.0,765.0,localized_development,1.020192040666461,0,-1,,-1
2023-05-20,168668.5629590031,392.0,252.0,903.0,localized_development,0.9969089992015645,0,-1,,-1
2023-05-21,209435.8739705068,350.0,324.0,931.0,localized_development,0.8870231839955329,0,-1,,-1
2023-05-22,116487.87235823266,230.0,189.0,737.0,localized_development,1.0009238724101044,0,-1,,-1
2023-05-23,73039.01695145403,128.0,121.0,567.0,localized_development,1.2290370661436332,0,-1,,-1
2023-05-24,103877.05963106922,166.0,132.0,760.0,localized_development,1.3622076512453694,0,-1,,-1
2023-05-25,109525.52999211679,146.0,126.0,672.0,localized_development,1.3473911493979414,0,-1,,-1
2023-05-26,192769.09781093878,297.0,258.0,944.0,localized_development,1.3105316162227847,0,-1,,-1
2023-05-27,139645.31080158066,198.0,106.0,812.0,localized_development,1.276817032246783,0,-1,,-1
2023-05-28,135515.12746183458,295.0,283.0,967.0,localized_development,1.268986828215168,0,-1,,-1
2023-05-29,239160.3041911336,407.0,346.0,1163.0,localized_development,1.1876665476983699,0,-1,,-1
2023-05-30,273793.18365596695,286.0,224.0,1049.0,localized_development,1.0844852984769844,0,-1,,-1
2023-05-31,200447.60786435835,275.0,241.0,785.0,localized_development,1.0586185890428952,0,-1,,-1
2023-06-01,84171.11721480334,242.0,228.0,609.0,localized_development,1.1206703213322577,0,-1,,-1
2023-06-02,173864.10171342362,308.0,262.0,922.0,localized_development,0.9914425781297167,0,-1,,-1
2023-06-03,112323.32263233105,271.0,243.0,838.0,localized_development,1.0273595805342532,0,-1,,-1
2023-06-04,150605.85889791037,233.0,198.0,947.0,localized_development,0.9624979348421678,0,-1,,-1
2023-06-05,199003.1657795428,216.0,191.0,871.0,localized_development,0.9191097217403797,0,-1,,-1
2023-06-06,207947.67478207988,291.0,254.0,957.0,localized_development,0.8310987045923452,1,-1,,-1
2023-06-07,155863.28968490005,309.0,264.0,854.0,localized_development,0.7587785600811345,1,-1,,-1
2023-06-08,120914.25161583815,181.0,161.0,601.0,localized_development,0.7380788375257796,1,-1,,-1
2023-06-09,58652.287296509036,92.0,91.0,332.0,localized_development,0.9464988091397316,0,-1,,-1
2023-06-10,138447.16893288516,191.0,175.0,998.0,localized_development,1.0066552310155525,0,-1,,-1
2023-06-11,82854.72539654051,155.0,132.0,666.0,localized_development,1.1162270456662173,0,-1,,-1
2023-06-12,160446.3904229812,223.0,182.0,760.0,localized_development,1.1298623939891423,0,-1,,-1
2023-06-13,129948.62696264718,320.0,201.0,758.0,localized_development,1.102633349202985,0,-1,,-1
2023-06-14,98539.40172166527,153.0,134.0,786.0,localized_development,1.0752838519911785,0,-1,,-1
2023-06-15,102387.9345706978,216.0,202.0,757.0,localized_development,1.1911506820373485,0,-1,,-1
2023-06-16,257632.9921260486,286.0,254.0,930.0,localized_development,1.038989767997112,0,-1,,-1
2023-06-17,196530.69575441757,253.0,212.0,864.0,localized_development,1.0276646406953247,0,-1,,-1
2023-06-18,195204.7711853736,359.0,314.0,958.0,localized_development,0.9557060538225722,0,-1,,-1
2023-06-19,185358.51821796084,320.0,302.0,917.0,localized_development,0.9578942656481777,0,-1,,-1
2023-06-20,103162.07966849573,170.0,142.0,648.0,localized_development,0.8999863190079281,0,-1,,-1
2023-06-21,65083.79443793327,93.0,87.0,463.0,localized_development,0.9572757555585552,0,-1,,-1
2023-06-22,200554.16825955,372.0,258.0,810.0,localized_development,0.8650623165196549,0,-1,,-1
2023-06-23,143997.63039940884,206.0,177.0,685.0,localized_development,0.8684159497181222,0,-1,,-1
2023-06-24,191808.9632229373,300.0,207.0,918.0,localized_development,0.9806470713496599,0,-1,,-1
2023-06-25,115819.39208265417,263.0,239.0,776.0,localized_development,0.9928965957819518,0,-1,,-1
2023-06-26,204154.09037265918,133.0,109.0,606.0,localized_development,0.8960198162523981,0,-1,,-1
2023-06-27,48000.33386985243,108.0,93.0,497.0,localized_development,1.0800370937377957,0,-1,,-1
2023-06-28,117509.02759104938,175.0,142.0,730.0,localized_development,1.1340090548127892,0,-1,,-1
2023-06-29,121807.33241062124,180.0,143.0,746.0,localized_development,1.1326454251018077,0,-1,,-1
2023-06-30,137065.30387562944,284.0,231.0,846.0,localized_development,1.1635724214381697,0,-1,,-1
2023-07-01,325584.20283928583,287.0,254.0,836.0,localized_development,0.9372023687503588,0,-1,,-1
2023-07-02,124295.33721921648,259.0,230.0,752.0,localized_development,0.9175031741984615,0,-1,,-1
2023-07-03,91091.66570595108,153.0,139.0,594.0,localized_development,0.9778625072396989,0,-1,,-1
2023-07-04,185290.5763816904,230.0,213.0,783.0,localized_development,0.9549454988438596,0,-1,,-1
2023-07-05,149097.4053186685,214.0,194.0,666.0,localized_development,0.942291618981172,0,-1,,-1
2023-07-06,131100.5565630917,237.0,197.0,750.0,localized_development,1.007378135225685,0,-1,,-1
2023-07-07,157584.85282151826,294.0,206.0,813.0,localized_development,0.9177754490104938,0,-1,,-1
2023-07-08,149089.44015008616,198.0,165.0,668.0,localized_development,0.9241726686780533,0,-1,,-1
2023-07-09,97502.88509159448,197.0,186.0,744.0,localized_development,0.9743232809216904,0,-1,,-1
2023-07-10,127915.88967905693,272.0,203.0,824.0,localized_development,0.9966145063887847,0,-1,,-1
2023-07-11,156502.3612294183,217.0,191.0,665.0,localized_development,0.9517191379954469,0,-1,,-1
2023-07-12,134666.1694984315,269.0,254.0,725.0,localized_development,0.9485421410994643,0,-1,,-1
2023-07-13,199586.1811338982,301.0,260.0,907.0,localized_development,0.8136031977630483,1,-1,,-1
2023-07-14,89305.66694163976,190.0,138.0,514.0,localized_development,0.8379735336858118,1,-1,,-1
2023-07-15,158201.9451047804,129.0,122.0,582.0,localized_development,0.8701002823483596,0,-1,,-1
2023-07-16,153365.44938928264,227.0,180.0,690.0,localized_development,0.9114132417122143,0,-1,,-1
2023-07-17,143136.60532488202,249.0,206.0,868.0,localized_development,0.8908737906663222,0,-1,,-1
2023-07-18,116206.34632933873,212.0,181.0,853.0,localized_development,0.9255322695932835,0,-1,,-1
2023-07-19,139913.40898587165,210.0,186.0,752.0,localized_development,0.9672631178369899,0,-1,,-1
2023-07-20,77137.53782896917,159.0,122.0,417.0,localized_development,1.0407271088066972,0,-1,,-1
2023-07-21,80319.50016463175,180.0,171.0,570.0,localized_development,1.0879196352810145,0,-1,,-1
2023-07-22,183153.16807194325,192.0,170.0,625.0,localized_development,1.07477069733726,0,-1,,-1
2023-07-23,186243.49139091343,190.0,135.0,948.0,localized_development,1.082245570530825,0,-1,,-1
2023-07-24,112862.35047197108,181.0,146.0,641.0,localized_development,1.1801619667996917,0,-1,,-1
2023-07-25,154076.0894076786,336.0,272.0,913.0,localized_development,1.1393366076648572,0,-1,,-1
2023-07-26,200107.75946674158,217.0,146.0,769.0,localized_development,1.0470649631080078,0,-1,,-1
2023-07-27,120513.84375531612,218.0,196.0,622.0,localized_development,1.052408908230716,0,-1,,-1
2023-07-28,110036.37074188508,162.0,135.0,683.0,localized_development,1.096133235716415,0,-1,,-1
2023-07-29,167931.40637232971,202.0,186.0,639.0,localized_development,1.1475046437488152,0,-1,,-1
2023-07-30,212612.44960030433,200.0,185.0,954.0,localized_development,1.1030104367614357,0,-1,,-1
2023-07-31,183472.558964324,279.0,221.0,800.0,localized_development,0.9802661608921144,0,-1,,-1
2023-08-01,144551.34619334983,217.0,179.0,798.0,localized_development,0.9276591998436895,0,-1,,-1
2023-08-02,129466.6537013745,234.0,218.0,779.0,localized_development,0.9856192890559924,0,-1,,-1
2023-08-03,125627.29986795371,209.0,181.0,725.0,localized_development,0.9849464193816548,0,-1,,-1
2023-08-04,147238.36955706478,244.0,214.0,699.0,localized_development,1.0288017159898697,0,-1,,-1
2023-08-05,174768.04889157767,277.0,248.0,862.0,localized_development,1.0494101662026043,0,-1,,-1
2023-08-06,193626.1603605922,297.0,251.0,842.0,localized_development,0.9253326119519427,0,-1,,-1
2023-08-07,83841.80662451473,137.0,118.0,673.0,localized_development,1.0600347957170209,0,-1,,-1
2023-08-08,81484.56154265587,147.0,142.0,483.0,localized_development,1.203207084547174,0,-1,,-1
2023-08-09,183114.06894924818,256.0,209.0,940.0,localized_development,1.1361856901727878,0,-1,,-1
2023-08-10,123603.92798283466,206.0,177.0,677.0,localized_development,1.2169384739410465,0,-1,,-1
2023-08-11,188554.12438054208,287.0,251.0,860.0,localized_development,1.12437448422052,0,-1,,-1
2023-08-12,202117.17304352953,206.0,180.0,663.0,localized_development,1.0302234757552053,0,-1,,-1
2023-08-13,90965.53843740404,130.0,129.0,513.0,localized_development,1.1364735166130258,0,-1,,-1
2023-08-14,210990.72551209893,223.0,181.0,862.0,localized_development,1.0140690851289453,0,-1,,-1
2023-08-15,204900.0580982593,198.0,177.0,719.0,localized_development,0.9598834368850837,0,-1,,-1
2023-08-16,129796.2784871249,188.0,172.0,691.0,localized_development,0.9634452315732813,0,-1,,-1
2023-08-17,182288.05630789546,267.0,250.0,874.0,localized_development,0.8619772146435175,0,-1,,-1
2023-08-18,124445.52000306448,189.0,158.0,629.0,localized_development,0.8434058592709797,1,-1,,-1
2023-08-19,117507.53530809417,198.0,193.0,728.0,localized_development,0.9361598258443357,0,-1,,-1
2023-08-20,182649.73132004356,340.0,224.0,993.0,localized_development,0.9812706625200295,0,-1,,-1
2023-08-21,104053.95445469263,237.0,226.0,763.0,localized_development,0.988065013944309,0,-1,,-1
2023-08-22,170311.2989296069,268.0,247.0,815.0,localized_development,0.9501391352959797,0,-1,,-1
2023-08-23,131111.1180820634,292.0,249.0,911.0,localized_development,1.0115737224288464,0,-1,,-1
2023-08-24,98327.01723188035,210.0,188.0,740.0,localized_development,0.9999262760364772,0,-1,,-1
2023-08-25,113746.98425456102,251.0,241.0,984.0,localized_development,1.2419405889890804,0,-1,,-1
2023-08-26,203069.1750103506,294.0,236.0,968.0,localized_development,1.1524945630306744,0,-1,,-1
2023-08-27,230112.76579141317,441.0,352.0,1037.0,localized_development,1.0562711416934998,0,-1,,-1
2023-08-28,109153.44372996679,285.0,158.0,686.0,localized_development,1.1258216701245651,0,-1,,-1
2023-08-29,133640.68743991526,340.0,306.0,938.0,localized_development,1.1277919977519788,0,-1,,-1
2023-08-30,179559.77165009922,236.0,197.0,809.0,localized_development,1.0730811625270777,0,-1,,-1
2023-08-31,80488.06288325429,272.0,244.0,754.0,localized_development,1.137465773266209,0,-1,,-1
2023-09-01,368977.387182485,337.0,272.0,1014.0,localized_development,0.917635160205301,0,-1,,-1
2023-09-02,119205.46455412774,518.0,397.0,1247.0,localized_development,0.921000387040958,0,-1,,-1
2023-09-03,132779.51014778472,370.0,326.0,970.0,localized_development,0.9421400400311007,0,-1,,-1
2023-09-04,162233.19988128403,381.0,329.0,985.0,localized_development,0.9211686897241704,0,-1,,-1
2023-09-05,132624.1422194746,294.0,254.0,923.0,localized_development,0.8469144793814533,1,0,0.3093317338678221,1
2023-09-06,135955.21711262953,338.0,287.0,970.0,localized_development,0.8378143937346011,1,0,0.10061692154415457,1
2023-09-07,135587.4843493856,352.0,306.0,1004.0,localized_development,0.8332308697767751,1,0,0.4733539342198984,1
2023-09-08,190372.45623830493,505.0,450.0,1173.0,localized_development,0.7903801873189205,1,0,0.8044355471028245,1
2023-09-09,110111.57218591603,238.0,225.0,738.0,localized_development,0.9215862634436215,0,0,0.9606602601558447,1
2023-09-10,141393.1972038585,517.0,428.0,1379.0,localized_development,0.9192039811547933,0,0,0.049284346406137186,0
2023-09-11,157842.60733181282,311.0,245.0,1006.0,localized_development,0.8882584546791885,0,0,0.6382323195312132,1
2023-09-12,62529.85534037211,287.0,266.0,896.0,localized_development,0.9893752431108229,0,0,0.051081734303910366,0
2023-09-13,116044.03817390393,384.0,343.0,1137.0,localized_development,1.0276905101129925,0,0,0.0585755922573806,0
2023-09-14,133084.08050757108,455.0,410.0,1144.0,localized_development,1.0576442322283852,0,0,0.3340945432485203,1
2023-09-15,143862.19349386252,376.0,341.0,1039.0,localized_development,1.037244254653963,0,0,0.45325633368745893,1
2023-09-16,232485.0545131419,372.0,319.0,1018.0,localized_development,0.911135150051904,0,0,0.09573271754039427,1
2023-09-17,150429.5248237147,413.0,317.0,1080.0,localized_development,0.9168705271438402,0,0,0.4908439544421733,1
2023-09-18,112500.04544812295,333.0,295.0,1122.0,localized_development,0.9480631520243549,0,0,0.020368233519832704,0
2023-09-19,135567.14933944645,444.0,390.0,1204.0,localized_development,1.049584690358052,0,0,0.21353414322940698,1
2023-09-20,152165.86603373344,331.0,281.0,1094.0,localized_development,1.0582598093803093,0,0,0.48080043931724264,1
2023-09-21,150972.1775721576,419.0,378.0,1075.0,localized_development,1.0114471935674911,0,0,0.555308446140039,1
2023-09-22,128104.89648593367,383.0,321.0,1070.0,localized_development,1.1108718082538072,0,0,0.1973839781111445,1
2023-09-23,129528.81760680505,386.0,309.0,1114.0,localized_development,1.1541736121313395,0,0,0.16746217814323516,1
2023-09-24,149082.45022972368,375.0,347.0,1045.0,localized_development,1.1078019992333026,0,0,0.14687147516429916,1
2023-09-25,147091.1089009433,343.0,305.0,1007.0,localized_development,1.0746456139348028,0,0,0.09612622057233286,1
2023-09-26,232731.7260125082,396.0,357.0,1160.0,localized_development,0.9539644297517483,0,0,0.35423027895173487,1
2023-09-27,166742.70825668427,278.0,256.0,960.0,localized_development,1.0453240573349754,0,0,0.1358281679476047,1
2023-09-28,115436.94230865203,284.0,227.0,888.0,localized_development,1.0582835898840353,0,0,0.06512071987142583,0
2023-09-29,237146.70881044868,291.0,235.0,970.0,localized_development,0.9529449062481582,0,0,0.18300234993968365,1
2023-09-30,154218.3574787277,378.0,368.0,1149.0,localized_development,1.0335158036978542,0,0,0.09708340745081019,1
2023-10-01,78329.83454031797,263.0,210.0,1128.0,localized_development,1.096382762542763,0,0,0.012062825194367447,0
2023-10-02,123411.92380960636,396.0,365.0,1070.0,localized_development,1.1512548631226782,0,0,0.014001598210886108,0
2023-10-03,131935.17895289126,364.0,324.0,1032.0,localized_development,1.155173423142215,0,0,0.05332898540786143,0
2023-10-04,259853.19774304723,556.0,471.0,1372.0,localized_development,0.9758784101288144,0,0,0.012496449021142,0
2023-10-05,138324.90071487904,305.0,255.0,1040.0,localized_development,0.9033070046021031,0,0,0.039612369970600865,0
2023-10-06,93937.5771840739,375.0,349.0,1105.0,localized_development,1.0528090554168712,0,0,0.007530761130773851,0
2023-10-07,246124.26831541656,344.0,299.0,1214.0,localized_development,0.9322842032117703,0,0,0.020499292459603927,0
2023-10-08,128608.24233399205,480.0,425.0,1111.0,localized_development,0.9432149525592862,0,0,0.023119654882847805,0
2023-10-09,168402.60191126887,513.0,438.0,1482.0,localized_development,0.8954605339540488,0,0,0.044022121323718987,0
2023-10-10,135708.99612576075,532.0,448.0,1293.0,localized_development,0.8714608972904727,0,0,0.0780791712028579,0
2023-10-11,108335.31723725311,420.0,330.0,1275.0,localized_development,0.8537394087356514,0,0,0.20438175275655557,1
2023-10-12,63132.06855856599,407.0,351.0,1226.0,localized_development,0.9158302011156847,0,0,0.017999823135380205,0
2023-10-13,224833.8765255908,420.0,344.0,1415.0,localized_development,0.823518300960587,1,0,0.10955056016250429,1
2023-10-14,154742.99216583473,478.0,428.0,1371.0,localized_development,0.8417997211442856,1,0,0.09590692803889726,1
2023-10-15,137127.8376373767,467.0,396.0,1270.0,localized_development,0.8686185683653869,0,0,0.3807769357381771,1
2023-10-16,120527.87656109274,423.0,376.0,1211.0,localized_development,0.8376304680408551,1,0,0.21129800494044332,1
2023-10-17,126340.66068508495,470.0,400.0,1137.0,localized_development,0.7765728196323876,1,0,0.46067720908581067,1
2023-10-18,87675.60095275193,447.0,423.0,1284.0,localized_development,0.8763157706924981,0,0,0.05964056924164661,0
2023-10-19,113617.15729404923,369.0,324.0,1335.0,localized_development,0.8981339458349586,0,0,0.25813206442635395,1
2023-10-20,144249.78597931797,533.0,479.0,1423.0,localized_development,1.0052067531542759,0,0,0.18859492012947882,1
2023-10-21,158012.50227326478,570.0,465.0,1355.0,localized_development,1.0475645365249266,0,0,0.3180367454817297,1
2023-10-22,162515.76243357363,617.0,567.0,1241.0,localized_development,1.0349876835368603,0,0,0.19630522028376382,1
2023-10-23,89639.71469013159,351.0,302.0,1161.0,localized_development,1.0648188660253672,0,0,0.040495173869983,0
2023-10-24,60253.77963328276,417.0,390.0,1132.0,localized_development,1.2288539070208204,0,0,0.01258832928232055,0
2023-10-25,178349.53194334358,496.0,411.0,1525.0,localized_development,1.3250224965426889,0,0,0.032890313369708185,0
2023-10-26,127802.83660546564,502.0,445.0,973.0,localized_development,1.3444469713694513,0,0,0.10641449133354994,1
2023-10-27,258084.86047791335,425.0,359.0,1338.0,localized_development,1.2480994838431145,0,0,0.04563937393667786,0
2023-10-28,209070.9795690012,474.0,382.0,934.0,localized_development,1.1197888770304953,0,0,0.18384651053598405,1
2023-10-29,152956.6810851672,271.0,202.0,1135.0,localized_development,1.0278744552682555,0,0,0.013911465912876467,0
2023-10-30,105363.7175280057,388.0,347.0,1148.0,localized_development,1.092155253443932,0,0,0.003449691303744924,0
2023-10-31,175470.39867987635,410.0,332.0,1469.0,localized_development,1.1015162269983676,0,0,0.09351508772696844,1
2023-11-01,276660.4353875207,312.0,237.0,1276.0,localized_development,0.9616024411646419,0,0,0.07673585944337977,0
2023-11-02,151096.1184418375,451.0,400.0,1217.0,localized_development,1.0211534579542807,0,0,0.15854645510328264,1
2023-11-03,169398.84804352612,455.0,395.0,1270.0,localized_development,1.0185200352056918,0,0,0.03773576048925125,0
2023-11-04,96947.11146847042,297.0,219.0,1264.0,localized_development,0.9938521756685192,0,0,0.003892402886622227,0
2023-11-05,79553.78915701198,199.0,187.0,801.0,localized_development,1.0661779001431322,0,0,0.00011527322054991921,0
2023-11-06,166381.15326540417,266.0,223.0,1168.0,localized_development,1.1620310182429758,0,0,0.0007973864193429736,0
2023-11-07,197020.21749207348,413.0,334.0,1025.0,localized_development,0.9805181744776509,0,0,0.012925436044934655,0
2023-11-08,136272.6712215969,296.0,284.0,769.0,localized_development,0.9051698359574859,0,0,0.004571467599668941,0
2023-11-09,216079.1695218173,468.0,410.0,934.0,localized_development,0.7489778437703559,1,0,0.01049626857040778,0
2023-11-10,185875.6863777963,241.0,175.0,1367.0,localized_development,0.7527771835927367,1,0,0.0006415897725393485,0
2023-11-11,33770.53370846332,96.0,77.0,390.0,localized_development,0.9667089251330439,0,0,6.419708095701902e-05,0
2023-11-12,140339.9090644883,244.0,182.0,948.0,localized_development,0.9442364738929648,0,0,2.974623786896058e-06,0
2023-11-13,262506.63176443946,210.0,88.0,828.0,localized_development,0.7318274604327318,1,0,4.592578839086341e-05,0
2023-11-14,29000.49528275554,55.0,49.0,194.0,localized_development,0.8206581353855718,1,1,2.8396949847917235e-06,0
2023-11-15,65453.77789772922,115.0,77.0,790.0,localized_development,1.0513140744725082,0,1,7.238192393773097e-10,0
2023-11-16,83718.90663287662,150.0,138.0,821.0,localized_development,1.0761913359144661,0,1,4.704785815444189e-07,0
2023-11-17,182605.51523937003,244.0,209.0,1017.0,localized_development,0.9757244529549381,0,1,3.15233605705085e-07,0
2023-11-18,231146.14201052696,231.0,208.0,1016.0,localized_development,0.9401945668864657,0,1,2.7283494028324467e-06,0
2023-11-19,117973.34705601809,205.0,180.0,1033.0,localized_development,0.898700494897079,0,1,1.3785885671788569e-06,0
2023-11-20,69737.04768513293,210.0,201.0,649.0,localized_development,1.0892968043829512,0,1,3.2210354145391277e-06,0
2023-11-21,103663.42309881098,176.0,137.0,1097.0,localized_development,1.1345993807286492,0,1,2.852050699795892e-07,0
2023-11-22,299724.1256523978,226.0,185.0,950.0,localized_development,1.046430465512593,0,1,0.0004535918065191122,0
2023-11-23,101433.66072508562,199.0,175.0,1081.0,localized_development,1.1378360536700602,0,1,0.00020486221053883874,0
2023-11-24,88685.58312814658,170.0,154.0,951.0,localized_development,1.3841279982623589,0,1,0.00047409213688329166,0
2023-11-25,211472.0559945076,209.0,155.0,904.0,localized_development,1.2713157330849416,0,1,0.0011120747681288656,0
2023-11-26,64154.928852600606,95.0,89.0,423.0,localized_development,1.4205242508359508,0,1,4.403688698454068e-05,0
2023-11-27,263432.6988277762,209.0,174.0,1211.0,localized_development,1.3156964954622465,0,1,2.9623308128050545e-05,0
2023-11-28,163078.6729916279,163.0,104.0,894.0,localized_development,1.3008009063979455,0,1,0.0003328588696105635,0
2023-11-29,238848.58711555495,176.0,159.0,950.0,localized_development,1.2479916715461261,0,1,0.002195764687956657,0
2023-11-30,192734.71431018997,163.0,132.0,956.0,localized_development,1.184579892026323,0,1,0.005206605337287327,0
2023-12-01,294665.9354691055,190.0,150.0,985.0,localized_development,0.9217983012551287,0,1,0.010256385722513642,0
2023-12-02,95815.57883000618,143.0,138.0,572.0,localized_development,0.9872117629642833,0,1,0.0045397742095770535,0
2023-12-03,186687.9202361931,226.0,164.0,843.0,localized_development,0.9761410823142651,0,1,0.0007766831260339951,0
2023-12-04,209509.9151490349,275.0,230.0,891.0,localized_development,0.9081520881292064,0,1,0.0034005557029412135,0
2023-12-05,143410.0974312405,217.0,189.0,772.0,localized_development,0.9381732407080002,0,1,0.0075059413075635245,0
2023-12-06,171770.89112135218,251.0,237.0,878.0,localized_development,0.9296518432350216,0,1,0.005818589057287616,0
2023-12-07,139286.02845842746,168.0,151.0,611.0,localized_development,0.8413685554387564,1,1,0.031003866224163432,0
2023-12-08,48203.65306427086,100.0,92.0,488.0,localized_development,0.991352623172858,0,1,0.006395590218797569,0
2023-12-09,166121.9599900195,268.0,218.0,845.0,localized_development,0.9411554865154772,0,1,0.0007183053288578267,0
2023-12-10,200889.5289541293,265.0,228.0,842.0,localized_development,0.8389522054832689,1,1,0.007856983693552446,0
2023-12-11,144135.20711542343,232.0,185.0,796.0,localized_development,0.8071649825565893,1,1,0.012193127915326958,0
2023-12-12,164350.37502106262,182.0,172.0,599.0,localized_development,0.7572969990206426,1,1,0.012124602199383843,0
2023-12-13,170622.46700204903,204.0,154.0,743.0,localized_development,0.620879590489366,1,1,0.008000494255135136,0
2023-12-14,24977.717824212457,54.0,54.0,220.0,localized_development,0.7592057848078316,1,1,0.00040885612661359903,0
2023-12-15,177959.71759951147,172.0,144.0,809.0,localized_development,0.8328269308561966,1,1,4.0940628072964755e-05,0
2023-12-16,144143.7815006526,194.0,149.0,765.0,localized_development,0.8590655900759087,0,1,0.0012269336843788387,0
2023-12-17,102055.10237648948,126.0,88.0,599.0,localized_development,0.9377129278019327,0,1,0.00024160013247102394,0
2023-12-18,85078.45886981163,178.0,164.0,528.0,localized_development,0.9642064257793591,0,1,9.096727875667631e-05,0
2023-12-19,136275.54510026227,200.0,159.0,658.0,localized_development,0.8985381147728544,0,1,0.0001798797108191327,0
2023-12-20,35430.98441089144,101.0,95.0,430.0,localized_development,1.17422154711298,0,1,0.00010209182429064448,0
2023-12-21,171101.25267386655,166.0,139.0,716.0,localized_development,1.2196871504176314,0,1,0.00039015273440749006,0
2023-12-22,259616.2982549289,221.0,181.0,811.0,localized_development,1.109109831150493,0,1,0.0031458127571218643,0
2023-12-23,154875.3621721739,211.0,186.0,697.0,localized_development,1.1355025168440822,0,1,0.002160394490868527,0
2023-12-24,184786.12924724034,259.0,186.0,875.0,localized_development,1.0679235529890854,0,1,0.00019249477850353825,0
2023-12-25,117797.31877486437,149.0,130.0,604.0,localized_development,1.0641320369171277,0,1,0.0005840685220648509,0
2023-12-26,71416.89466921143,115.0,110.0,594.0,localized_development,1.1724151480644607,0,1,6.80565004776056e-05,0
2023-12-27,263132.9667282965,167.0,137.0,811.0,localized_development,1.1065677756978018,0,1,0.009854341891056748,0
2023-12-28,239688.11315190955,222.0,194.0,897.0,localized_development,1.0122393100743283,0,1,0.0031078933935522373,0
2023-12-29,189940.57777045143,252.0,189.0,858.0,localized_development,1.1349625522874423,0,1,0.05692246318259303,0
2023-12-30,167879.36219630338,224.0,207.0,781.0,localized_development,1.1070417021309304,0,1,0.014874404178121182,0
2023-12-31,143513.1829207321,197.0,171.0,593.0,localized_development,1.0540714363187258,0,1,0.03199054848849663,0
2024-01-01,74816.60951944269,137.0,133.0,565.0,localized_development,1.2533533699809634,0,1,0.006456245364367227,0
2024-01-02,161610.72811963485,209.0,177.0,903.0,localized_development,1.2798487494257842,0,1,0.011314878151397997,0
2024-01-03,200175.18392329113,232.0,196.0,842.0,localized_development,1.242494037660773,0,1,0.3795009031776029,1
2024-01-04,151184.55743854184,192.0,186.0,548.0,localized_development,1.287636824917821,0,1,0.49627941929213587,1
2024-01-05,292269.96999086015,217.0,197.0,798.0,localized_development,1.1066220211480706,0,1,0.18561065810908753,1
2024-01-06,158513.29576987438,191.0,155.0,714.0,localized_development,0.9932966699351924,0,1,0.27672720127877565,1
2024-01-07,75574.9652677581,124.0,115.0,519.0,localized_development,1.0860641229084123,0,1,0.019590985671470797,0
2024-01-08,243251.48633152922,290.0,219.0,1053.0,localized_development,0.9380252651719445,0,1,0.015634315010553086,0
2024-01-09,194547.46416800068,207.0,184.0,880.0,localized_development,0.8604977019649127,0,1,0.19003239976676378,1
2024-01-10,170602.47280454403,212.0,198.0,759.0,localized_development,0.8967950161160895,0,1,0.20547601791584635,1
2024-01-11,201736.23971172638,251.0,222.0,670.0,localized_development,0.8151570408351295,1,1,0.18989897473522274,1
2024-01-12,171908.89333186724,177.0,138.0,607.0,localized_development,0.7697963763206384,1,1,0.15905978883406127,1
2024-01-13,32083.700926226695,80.0,77.0,417.0,localized_development,0.8413576448200181,1,1,0.0015248659392103421,0
2024-01-14,143321.43751610632,203.0,184.0,685.0,localized_development,0.8237505846853811,1,1,0.0006723127070931878,0
2024-01-15,108725.34933887182,233.0,171.0,723.0,localized_development,0.8143008525349972,1,1,0.015211506875339275,0
2024-01-16,116499.04359071034,184.0,171.0,584.0,localized_development,0.8574681815455768,0,1,0.006351060601493073,0
2024-01-17,210454.57801623046,271.0,223.0,1077.0,localized_development,0.7587486499973233,1,1,0.0016489861144280227,0
2024-01-18,148114.8330270366,264.0,207.0,769.0,localized_development,0.6693137157289353,1,1,0.024489844906222965,0
2024-01-19,118931.49324237097,235.0,213.0,860.0,localized_development,0.6699104261597347,1,1,0.0020766526188509497,0
2024-01-20,90145.19257274916,233.0,208.0,636.0,localized_development,0.8772632834629187,0,1,0.016901689801262623,0
2024-01-21,132228.075804532,247.0,175.0,1141.0,localized_development,0.9892903440873883,0,1,0.014449604447240786,0
2024-01-22,102926.91508006488,232.0,202.0,774.0,localized_development,1.1174057259998105,0,1,0.06069438468140709,0
2024-01-23,160993.11416983046,269.0,257.0,781.0,localized_development,1.1151266084951919,0,2,0.3446546727603472,1
2024-01-24,132693.5573284414,219.0,174.0,820.0,localized_development,1.0758386293691138,0,2,0.4977356154919963,1
2024-01-25,39830.38308701199,139.0,135.0,513.0,localized_development,1.2754492051789996,0,2,0.08159142870402475,1
2024-01-26,96063.32186468068,257.0,227.0,895.0,localized_development,1.4239861579137543,0,2,0.052015798308368104,0
2024-01-27,309601.93217877974,284.0,197.0,970.0,localized_development,1.2093563785277381,0,2,0.4519115237328619,1
2024-01-28,243652.75426433713,288.0,252.0,878.0,localized_development,1.0654453172533065,0,2,0.0583574197347396,0
2024-01-29,239381.52758750602,288.0,236.0,883.0,localized_development,0.9478410025337072,0,2,0.6010060323233328,1
2024-01-30,183472.42556297992,240.0,208.0,752.0,localized_development,0.835168537974871,1,2,0.7384148209808553,1
2024-01-31,53757.67277217902,92.0,85.0,526.0,localized_development,0.9497929627814743,0,2,0.5154924534740947,1
2024-02-01,192397.83372270747,249.0,209.0,911.0,localized_development,0.9172486892403551,0,2,0.6102968485415983,1
2024-02-02,216173.8362569769,217.0,186.0,720.0,localized_development,0.8851405909400231,0,2,0.6337310146103081,1
2024-02-03,135642.18047488856,175.0,158.0,715.0,localized_development,0.9828266962106406,0,2,0.48787075213614894,1
2024-02-04,119855.6089384942,278.0,251.0,834.0,localized_development,1.0025264234909352,0,2,0.2947393300019262,1
2024-02-05,152468.00049498375,273.0,248.0,828.0,localized_development,0.9483480086103386,0,2,0.36519718380430727,1
2024-02-06,62772.73072488511,155.0,148.0,636.0,localized_development,1.0972616894098477,0,2,0.3888633237889084,1
2024-02-07,147051.9115458454,250.0,221.0,772.0,localized_development,1.0891759333049233,0,2,0.19309011744967988,1
2024-02-08,166680.65535561764,253.0,230.0,663.0,localized_development,1.0965574379331335,0,2,0.8263097516068947,1
2024-02-09,164307.52603349552,226.0,211.0,671.0,localized_development,1.1167043802367276,0,2,0.8761948221826299,1
2024-02-10,234731.93529984317,350.0,314.0,782.0,localized_development,1.0002853616575504,0,2,0.4980016197808237,1
2024-02-11,151957.156951976,244.0,152.0,717.0,localized_development,1.0068662036830958,0,2,0.7501345651811231,1
2024-02-12,72580.80899113844,176.0,164.0,618.0,localized_development,1.0681976792248407,0,2,0.25838688758242523,1
2024-02-13,183662.17739922515,327.0,248.0,1283.0,localized_development,0.9193871041049164,0,2,0.09471105602073268,1
2024-02-14,132378.75601296744,270.0,229.0,987.0,localized_development,0.966689359754602,0,2,0.3363010966206383,1
2024-02-15,164568.09017867723,240.0,221.0,593.0,localized_development,0.9701647200590893,0,2,0.7579780686400315,1
2024-02-16,182472.51540433167,289.0,246.0,939.0,localized_development,0.9515058901807378,0,2,0.5103051079017948,1
2024-02-17,168400.713236047,296.0,221.0,929.0,localized_development,0.9867051824592187,0,2,0.6285854296226253,1
2024-02-18,161078.43013894925,245.0,211.0,790.0,localized_development,0.9427333243575241,0,2,0.25571618635101784,1
2024-02-19,127809.64217322507,233.0,208.0,726.0,localized_development,0.9787842469490395,0,2,0.31243447246332756,1
2024-02-20,43020.662961850765,80.0,77.0,359.0,localized_development,1.2204788853273494,0,2,0.18465061045234837,1
2024-02-21,163916.81200120196,244.0,197.0,755.0,localized_development,1.257863427987344,0,2,0.3065404576168517,1
2024-02-22,172194.30419041202,257.0,243.0,699.0,localized_development,1.4160461702181748,0,2,0.0631722450387227,0
2024-02-23,177991.4246791279,322.0,279.0,909.0,localized_development,1.4083895201407475,0,2,0.04133779489824604,0
2024-02-24,225230.888319488,300.0,243.0,1023.0,localized_development,1.2889078651492412,0,2,0.014384269386575025,0
2024-02-25,120138.78545205243,254.0,241.0,740.0,localized_development,1.4086285820861684,0,2,0.04776230115284216,0
2024-02-26,173297.99045837068,275.0,230.0,859.0,localized_development,1.535785370898315,0,2,0.13454724486927544,1
2024-02-27,272673.76621439296,423.0,254.0,937.0,localized_development,1.425503628555462,0,2,0.02350829678271395,0
2024-02-28,213722.57150293628,312.0,260.0,842.0,localized_development,1.3472740663162903,0,2,0.19055255660649184,1
2024-02-29,389482.2266424794,345.0,305.0,957.0,localized_development,1.0804552305820148,0,2,0.726314838871904,1
2024-03-01,198335.28573184425,251.0,193.0,779.0,localized_development,1.025435422461637,0,2,0.8951313382857622,1
2024-03-02,62911.10766442472,129.0,121.0,572.0,localized_development,1.132017288974989,0,2,0.520817868166216,1
2024-03-03,209520.75131447066,269.0,220.0,791.0,localized_development,1.1283197516604788,0,2,0.6494412253288395,1
2024-03-04,285130.6535742185,344.0,264.0,885.0,localized_development,0.9822802561451083,0,2,0.5118486645583034,1
2024-03-05,187288.3072768342,270.0,240.0,718.0,localized_development,0.9670810517730062,0,2,0.853369056929914,1
2024-03-06,182738.0316260829,401.0,342.0,894.0,localized_development,0.9461358631444524,0,2,0.6766311823524247,1
2024-03-07,142601.10251445606,232.0,206.0,608.0,localized_development,0.8708436784526367,0,2,0.8756312821582728,1
2024-03-08,129165.35531662728,257.0,245.0,879.0,localized_development,0.876260267585399,0,2,0.45413658851823807,1
2024-03-09,166986.67847246845,273.0,229.0,831.0,localized_development,0.8487925235784093,1,2,0.2619299034942476,1
2024-03-10,230556.0591537032,281.0,231.0,928.0,localized_development,0.7728795458035246,1,2,0.515733310216997,1
2024-03-11,146281.715005566,257.0,213.0,703.0,localized_development,0.7084612941906336,1,2,0.5634695624047068,1
2024-03-12,199046.9542226528,235.0,207.0,551.0,localized_development,0.6426398459824726,1,2,0.6839528371834036,1
2024-03-13,165246.06170508784,256.0,210.0,654.0,localized_development,0.5713779287370598,1,2,0.688107654604326,1
2024-03-14,43465.18833155296,107.0,96.0,442.0,localized_development,0.6901720494004581,1,2,0.12689717312840468,1
2024-03-15,128189.11331440916,207.0,180.0,740.0,localized_development,0.7549641728334345,1,2,0.13567495881308358,1
2024-03-16,118764.13230521334,210.0,172.0,823.0,localized_development,0.8365060458760613,1,2,0.04801846071369611,0
2024-03-17,153484.8444873396,238.0,163.0,870.0,localized_development,0.9709646156554073,0,2,0.022017896300861095,0
2024-03-18,79781.08697730103,157.0,137.0,559.0,localized_development,0.9688339576546731,0,2,0.013711591902100723,0
2024-03-19,119018.81239701385,271.0,261.0,757.0,localized_development,0.9413149504757096,0,2,0.01537892895322646,0
2024-03-20,80348.00589628365,242.0,225.0,744.0,localized_development,1.0655612832439025,0,2,0.008434488584239378,0
2024-03-21,172897.9533737041,320.0,290.0,991.0,localized_development,1.133253642033518,0,2,0.0014349642934442196,0
2024-03-22,197973.2829901521,385.0,267.0,1041.0,localized_development,1.1130402792231313,0,2,0.012620228699854357,0
2024-03-23,207995.7790008385,347.0,312.0,994.0,localized_development,1.0367106668450865,0,2,0.007500541856536491,0
2024-03-24,314228.3335629371,199.0,161.0,643.0,localized_development,0.9228864477539429,0,2,0.1297486000327867,1
2024-03-25,65575.82487501946,159.0,156.0,649.0,localized_development,1.1500417181695022,0,2,0.006084245896836126,0
2024-03-26,104010.15406793807,298.0,253.0,844.0,localized_development,1.2987408314870779,0,2,0.006160190724798291,0
2024-03-27,208957.16458236502,220.0,178.0,878.0,localized_development,1.299621103470936,0,2,0.016262275141790947,0
2024-03-28,253881.2187602923,257.0,191.0,909.0,localized_development,1.3234026452378358,0,2,0.05168063743260659,0
2024-03-29,179407.29776706442,288.0,266.0,860.0,localized_development,1.3339767362483748,0,2,0.1222537441318263,1
2024-03-30,112042.50281250378,201.0,161.0,581.0,localized_development,1.2734552428862536,0,2,0.1955531182160008,1
2024-03-31,223073.22945885413,229.0,218.0,721.0,localized_development,1.1543087047442973,0,2,0.1093893557536162,1
2024-04-01,316909.2389979637,300.0,213.0,1005.0,localized_development,1.0430618048194318,0,2,0.319356803536373,1
2024-04-02,230043.7250570497,264.0,208.0,866.0,localized_development,0.9395755456435241,0,3,0.47233949013751214,1
2024-04-03,208442.02193808154,213.0,200.0,646.0,localized_development,0.9745222765050763,0,3,0.6215402694659103,1
2024-04-04,236901.27424235627,312.0,283.0,963.0,localized_development,0.8173859613839649,1,3,0.512265050570076,1
2024-04-05,185134.5282657312,193.0,157.0,645.0,localized_development,0.6831389439336579,1,3,0.7665859033046556,1
2024-04-06,59061.09454603271,121.0,111.0,556.0,localized_development,0.8452932300301466,1,3,0.4202368060523895,1
2024-04-07,90424.88590760343,186.0,140.0,719.0,localized_development,0.9654727963458917,0,3,0.35339218875239553,1
2024-04-08,197313.9344615326,194.0,150.0,610.0,localized_development,0.9013501769562345,0,3,0.6260208197494702,1
2024-04-09,120303.60602916285,175.0,144.0,987.0,localized_development,0.9504673939438486,0,3,0.4475196820016545,1
2024-04-10,255527.92487721026,265.0,228.0,940.0,localized_development,0.8243382569083162,1,3,0.9601461857138553,1
2024-04-11,71599.9346926204,200.0,142.0,594.0,localized_development,0.7834501457168755,1,3,0.9793612654805195,1
2024-04-12,33842.69442041648,103.0,97.0,423.0,localized_development,0.8698604311587249,0,3,0.9663631980478896,1
2024-04-13,232810.93107676838,219.0,134.0,1101.0,localized_development,0.7597608440844624,1,3,0.7979963155990949,1
2024-04-14,199035.99318154567,292.0,224.0,1151.0,localized_development,0.6772127638728074,1,3,0.03668750283097509,0
2024-04-15,135063.0124290113,285.0,254.0,1001.0,localized_development,0.6920359228489221,1,3,0.028123053144153934,0
2024-04-16,158711.4880868773,295.0,267.0,1056.0,localized_development,0.610494413872773,1,3,0.02294088329635466,0
2024-04-17,129940.45112152194,276.0,179.0,914.0,localized_development,0.5682484434875623,1,3,0.20073747868061448,1
2024-04-18,29443.565590732782,117.0,98.0,603.0,localized_development,0.6743462474531218,1,3,0.053073339932095356,0
2024-04-19,114669.58682793866,228.0,193.0,929.0,localized_development,0.8021678152283102,1,3,0.03935838473865593,0
2024-04-20,127942.58165308385,210.0,164.0,981.0,localized_development,0.8338345001227704,1,3,0.03289330339703074,0
2024-04-21,109527.12637931919,217.0,196.0,944.0,localized_development,0.9500977247815746,0,3,0.03777394234894657,0
2024-04-22,162254.02817297753,287.0,261.0,971.0,localized_development,0.8940207641272792,0,3,0.056847188452177545,0
2024-04-23,66678.67247807728,151.0,130.0,839.0,localized_development,0.9913997404470779,0,3,0.09714447234491894,1
2024-04-24,85746.39732374887,209.0,189.0,749.0,localized_development,1.0878447538309939,0,3,0.06645961516089478,0
2024-04-25,135258.321791364,255.0,187.0,1186.0,localized_development,1.1142222846561147,0,3,0.004417405179378138,0
2024-04-26,249996.43406404962,281.0,255.0,856.0,localized_development,1.007146639218149,0,3,0.022829155877647958,0
2024-04-27,148260.1053954887,233.0,195.0,1052.0,localized_development,1.1844212341301412,0,3,0.012829672020034502,0
2024-04-28,194442.56950142427,308.0,254.0,906.0,localized_development,1.1006217112371375,0,3,0.005516183104969508,0
2024-04-29,122323.29401605704,175.0,142.0,881.0,localized_development,1.2106187440843097,0,3,0.08673145888811837,1
2024-04-30,166643.28869275405,212.0,195.0,653.0,localized_development,1.176679979363298,0,3,0.09540130956390189,1
2024-05-01,159507.45963509157,236.0,195.0,1018.0,localized_development,1.169712976815319,0,3,0.09533869488845508,1
2024-05-02,130740.7915078082,225.0,188.0,774.0,localized_development,1.2164610470726653,0,3,0.16145876131876966,1
2024-05-03,155150.08091373084,190.0,164.0,746.0,localized_development,1.3971134383170607,0,3,0.4515981349865229,1
2024-05-04,348566.1773658745,304.0,272.0,865.0,localized_development,1.0699333339129162,0,3,0.2231023447631916,1
2024-05-05,96188.64584395953,222.0,202.0,686.0,localized_development,1.0152024777778395,0,3,0.4246716844677912,1
2024-05-06,181273.13569274673,188.0,174.0,787.0,localized_development,0.9666563951447694,0,3,0.1723427778372745,1
2024-05-07,113284.45488632566,147.0,132.0,761.0,localized_development,1.0010999654648722,0,3,0.5093554461218945,1
2024-05-08,138183.05959995431,191.0,165.0,859.0,localized_development,1.0457518069406748,0,3,0.4143829668467345,1
2024-05-09,144950.99230436614,271.0,256.0,864.0,localized_development,1.233379952951922,0,3,0.32953448917604633,1
2024-05-10,319557.92203644477,318.0,295.0,897.0,localized_development,1.0191571541602482,0,3,0.1940102638405577,1
2024-05-11,111729.45595225168,200.0,180.0,834.0,localized_development,0.9714474649509738,0,3,0.6346592995856601,1
2024-05-12,41118.27542576149,115.0,105.0,409.0,localized_development,1.0535541856450672,0,3,0.40377019035075906,1
2024-05-13,127181.92860894625,193.0,177.0,826.0,localized_development,1.0240117090421683,0,3,0.5156115922234247,1
2024-05-14,147017.08546941733,174.0,158.0,661.0,localized_development,1.1259544657341556,0,3,0.5211621157401181,1
2024-05-15,153433.86789095058,203.0,169.0,830.0,localized_development,1.2327625218142295,0,3,0.570951580384149,1
2024-05-16,355059.80163749994,300.0,270.0,1051.0,localized_development,0.8955376047162428,0,3,0.4684487683130059,1
2024-05-17,174360.08889947654,180.0,153.0,709.0,localized_development,0.7913952986059042,1,3,0.8479841816137101,1
2024-05-18,30365.735504811873,114.0,102.0,389.0,localized_development,0.9055523508243641,0,3,0.40680039863749407,1
2024-05-19,86456.46606686332,183.0,176.0,615.0,localized_development,1.0128479162675978,0,3,0.14733173026024693,1
2024-05-20,95052.06080771903,188.0,167.0,670.0,localized_development,1.2727679207386804,0,3,0.15599394504562533,1
2024-05-21,247433.40205060155,221.0,195.0,940.0,localized_development,1.1537031285009014,0,3,0.21886507388770884,1
2024-05-22,269019.7670720017,292.0,275.0,870.0,localized_development,1.0462695370748774,0,3,0.18019877072822557,1
2024-05-23,83900.63314482865,183.0,180.0,560.0,localized_development,1.0562146118896025,0,3,0.5057415254599326,1
2024-05-24,71439.18593972562,152.0,146.0,656.0,localized_development,1.2380722725294342,0,3,0.25858717042948226,1
2024-05-25,135742.58069688623,236.0,227.0,731.0,localized_development,1.221328561867393,0,3,0.018176060274843697,0
2024-05-26,197802.893548031,259.0,240.0,821.0,localized_development,1.22817477905493,0,3,0.019522389933160345,0
2024-05-27,356054.37891034083,306.0,262.0,960.0,localized_development,1.0487811445289728,0,3,0.018452633151635905,0
2024-05-28,172212.2570356236,284.0,262.0,769.0,localized_development,0.9800365291305545,0,3,0.05395767367285715,0
2024-05-29,197188.95172362286,174.0,161.0,624.0,localized_development,0.9766675983221967,0,3,0.6677742210199668,1
2024-05-30,81882.0862272452,163.0,159.0,736.0,localized_development,1.0512578220888722,0,3,0.14158448027745826,1
2024-05-31,224908.57702853825,199.0,88.0,1306.0,localized_development,0.9961927458034557,0,3,0.37554167932189314,1
2024-06-01,113449.5873557802,210.0,185.0,819.0,localized_development,1.07828502361141,0,3,0.06253209497657726,0
2024-06-02,206365.70792939258,247.0,234.0,773.0,localized_development,0.9920611008152475,0,3,0.12122583457610775,1
2024-06-03,219848.3836308266,301.0,226.0,1125.0,localized_development,0.9346561402209307,0,3,0.2636134000209129,1
2024-06-04,93880.83849715498,233.0,222.0,824.0,localized_development,0.9732410819420996,0,3,0.1863838238815554,1
2024-06-05,202479.221497135,265.0,244.0,890.0,localized_development,1.0072004437137942,0,3,0.11608679704354585,1
2024-06-06,156320.52790160078,210.0,180.0,708.0,localized_development,0.9640593748451033,0,3,0.24650076827064105,1
2024-06-07,178521.87820243117,227.0,169.0,1089.0,localized_development,1.1256372878514769,0,3,0.055198809581236644,0
2024-06-08,146555.33007228406,301.0,255.0,937.0,localized_development,1.1008109268033452,0,3,0.08028117363306288,1
2024-06-09,137416.962195728,267.0,233.0,920.0,localized_development,0.9890074867357073,0,3,0.06821994422484286,0
2024-06-10,163184.66700010007,305.0,292.0,1017.0,localized_development,0.9274834842703401,0,3,0.018868753049207994,0
2024-06-11,133677.11187571808,301.0,281.0,913.0,localized_development,1.0227093364775144,0,4,0.1328668116498554,1
2024-06-12,257684.87872900936,306.0,273.0,1092.0,localized_development,0.859483163029198,0,4,0.1878253754812385,1
2024-06-13,108802.57289019444,254.0,229.0,862.0,localized_development,0.9177048584925305,0,4,0.39029558711786205,1
2024-06-14,327526.1986100761,346.0,302.0,1016.0,localized_development,0.67959220600187,1,4,0.2252964881663412,1
2024-06-15,128022.251517188,235.0,214.0,802.0,localized_development,0.614518446989712,1,4,0.28264751318565234,1
2024-06-16,33629.8773280494,116.0,109.0,829.0,localized_development,0.6919752813008944,1,4,0.019136480480098608,0
2024-06-17,99836.42323481561,290.0,263.0,777.0,localized_development,0.7297780146095119,1,4,0.05131539864742414,0
2024-06-18,242093.74181498957,262.0,212.0,896.0,localized_development,0.6735497327766832,1,4,0.05826460272267014,0
2024-06-19,88946.99829832284,348.0,290.0,1339.0,localized_development,0.7804324830666444,1,4,0.08394323640375426,1
2024-06-20,121999.92061159952,459.0,417.0,1200.0,localized_development,0.8217039248414805,1,4,0.4787683545509136,1
2024-06-21,83171.50453325875,328.0,280.0,1282.0,localized_development,0.7884223055740137,1,4,0.7782987006471767,1
2024-06-22,66642.04764424448,323.0,319.0,980.0,localized_development,0.9602602984673076,0,4,0.6843752077297458,1
2024-06-23,117300.5512965,266.0,254.0,904.0,localized_development,1.0244273134047222,0,4,0.5659158429157178,1
2024-06-24,145505.56900672297,315.0,273.0,1016.0,localized_development,1.1954916365851678,0,4,0.6812507312503686,1
2024-06-25,174496.80311224703,378.0,328.0,1310.0,localized_development,1.2159067136688932,0,4,0.1855855819377839,1
2024-06-26,180454.63393674273,415.0,376.0,1139.0,localized_development,1.2258309618837904,0,4,0.15759150020896895,1
2024-06-27,176869.49601731225,290.0,254.0,974.0,localized_development,1.0739659373013262,0,4,0.1553768772826538,1
2024-06-28,47231.16521773767,159.0,152.0,863.0,localized_development,1.2305126879152524,0,4,0.044711648420960995,0
2024-06-29,248062.61325884648,269.0,220.0,1087.0,localized_development,1.0971486809304853,0,4,0.60343052774868,1
2024-06-30,169514.6105316138,344.0,292.0,1191.0,localized_development,1.061941033745432,0,4,0.10701222099748076,1
2024-07-01,273297.9944286807,379.0,332.0,1118.0,localized_development,0.9379982942910886,0,4,0.12140899724086678,1
2024-07-02,196877.44625919877,551.0,500.0,1288.0,localized_development,0.8720148385116739,0,4,0.10790539859149902,1
2024-07-03,185874.10901106798,369.0,320.0,1083.0,localized_development,0.7895500162385901,1,4,0.2011701973581995,1
2024-07-04,41600.714178404305,185.0,173.0,811.0,localized_development,0.9585870987398046,0,4,0.291120018858484,1
2024-07-05,162018.4878361978,408.0,349.0,1323.0,localized_development,0.9913203603116437,0,4,0.30945403403621996,1
2024-07-06,146556.2389477878,330.0,283.0,1233.0,localized_development,0.9944110374549028,0,4,0.4039875696832829,1
2024-07-07,122001.54713975546,324.0,278.0,1128.0,localized_development,1.0720344617749373,0,4,0.45283007325802327,1
2024-07-08,154152.75993887172,328.0,307.0,1179.0,localized_development,1.1164576333746006,0,4,0.6026072431016877,1
2024-07-09,148347.30137566893,272.0,239.0,991.0,localized_development,1.010189180603869,0,4,0.7137831829760826,1
2024-07-10,91758.92983711451,155.0,145.0,799.0,localized_development,1.0863941106899657,0,4,0.7444119589283029,1
2024-07-11,199606.3050244107,373.0,326.0,1344.0,localized_development,0.9965360583795475,0,4,0.5279060457808604,1
2024-07-12,192910.4719698228,368.0,315.0,1236.0,localized_development,0.9539304870257055,0,4,0.6254080844047526,1
2024-07-13,149846.71840627582,330.0,297.0,1192.0,localized_development,0.9506381248272774,0,4,0.3863586879826227,1
2024-07-14,200505.95444663876,368.0,332.0,1153.0,localized_development,0.8397214779025077,1,4,0.17940243012427137,1
2024-07-15,198752.37305782325,237.0,218.0,808.0,localized_development,0.7334528064881009,1,4,0.20904955848353562,1
2024-07-16,39571.091897749866,209.0,201.0,969.0,localized_development,0.8883891652687261,0,4,0.16075414659969486,1
2024-07-17,127633.19940609085,336.0,279.0,1340.0,localized_development,0.8437789129791152,1,4,0.17624842114122,1
2024-07-18,130515.15056890642,345.0,308.0,1128.0,localized_development,0.8472455619582124,1,4,0.2629400829692833,1
2024-07-19,116354.47772877473,344.0,305.0,1051.0,localized_development,0.910717144658239,0,4,0.36345171953274824,1
2024-07-20,151709.22890353526,437.0,402.0,1145.0,localized_development,0.9253703305030132,0,4,0.24913069455364692,1
2024-07-21,122941.1387504399,284.0,232.0,859.0,localized_development,0.9397654934455827,0,4,0.36304222524174934,1
2024-07-22,104577.7194612485,409.0,387.0,1211.0,localized_development,1.104105799169919,0,4,0.29013264305526226,1
2024-07-23,162170.40965208656,302.0,254.0,1599.0,localized_development,1.1211786580398155,0,4,0.563349859145337,1
2024-07-24,89802.0807140247,339.0,324.0,902.0,localized_development,1.2550419799816332,0,4,0.6716652677071954,1
2024-07-25,135926.30734399165,359.0,324.0,1246.0,localized_development,1.3558074478559985,0,4,0.10877493170986943,1
2024-07-26,190095.7488398112,385.0,353.0,1211.0,localized_development,1.295991785207646,0,4,0.0903807945521559,1
2024-07-27,186790.3365556286,423.0,359.0,1280.0,localized_development,1.2389659178432821,0,4,0.07370431578941947,0
2024-07-28,139702.7325783186,433.0,397.0,1313.0,localized_development,1.4091134995540535,0,4,0.018752272857844157,0
2024-07-29,269739.578615557,366.0,319.0,1055.0,localized_development,1.3050678451939628,0,4,0.30269683754045196,1
2024-07-30,176872.53783800342,489.0,424.0,1484.0,localized_development,1.3048241687698108,0,4,0.1985295970478551,1
2024-07-31,203311.31511339682,409.0,371.0,1245.0,localized_development,1.2597264776782706,0,4,0.2851532658668062,1
2024-08-01,226619.40637530907,528.0,482.0,1314.0,localized_development,1.121700470078476,0,4,0.17096678506136562,1
2024-08-02,174921.24435297947,428.0,361.0,1530.0,localized_development,1.0415576242507267,0,4,0.31543045882499976,1
2024-08-03,107179.28647948115,403.0,353.0,1261.0,localized_development,1.0714138164196694,0,4,0.3214986067030252,1
2024-08-04,307502.93377041706,475.0,425.0,1421.0,localized_development,0.9254800378586874,0,4,0.24190690062929815,1
2024-08-05,160321.76158467546,422.0,371.0,1457.0,localized_development,0.9988541883588187,0,4,0.46053173929999425,1
2024-08-06,170093.49356991894,524.0,453.0,1523.0,localized_development,0.9756751034565602,0,4,0.4704665270763365,1
2024-08-07,162145.519523729,518.0,483.0,1435.0,localized_development,0.9508230591020214,0,4,0.5390087303740247,1
2024-08-08,135102.17993527796,444.0,406.0,1263.0,localized_development,0.9036949387448364,0,4,0.7629545115883408,1
2024-08-09,91310.1785734618,439.0,413.0,1286.0,localized_development,0.9996673399809954,0,4,0.7201291349470667,1
2024-08-10,129128.20227315766,429.0,378.0,1266.0,localized_development,1.0858174156809943,0,4,0.6500696148724634,1
2024-08-11,193021.30603204799,546.0,482.0,1508.0,localized_development,1.044348394258083,0,4,0.5876372946119447,1
2024-08-12,244404.8025252942,514.0,426.0,1415.0,localized_development,0.9321822928724876,0,4,0.6504361809025018,1
2024-08-13,149286.64163693378,460.0,407.0,1518.0,localized_development,0.9069610669938764,0,4,0.6264174394450166,1
2024-08-14,150745.96895001,340.0,282.0,1380.0,localized_development,0.8265701966905997,1,4,0.6532957615550833,1
2024-08-15,66353.99630588712,294.0,268.0,1123.0,localized_development,0.967645137399476,0,4,0.5560916232697994,1
2024-08-16,174694.01981353763,417.0,378.0,1442.0,localized_development,0.9250032052730228,0,4,0.5274996143072187,1
2024-08-17,218958.65850375942,500.0,410.0,1555.0,localized_development,0.8864973703400526,0,4,0.34900635035350036,1
2024-08-18,145334.13308424366,475.0,403.0,1389.0,localized_development,0.9752006435561311,0,4,0.16480867181801426,1
2024-08-19,131554.32303871948,508.0,464.0,1268.0,localized_development,0.9430349805071476,0,4,0.19318556915588395,1
